id,area,section,level,question
1,Frontend,Frontend / JavaScript,Junior,Объясните closures.
2,Frontend,Frontend / JavaScript,Junior,Какие проблемы возникают при использовании event loop?
3,Frontend,Frontend / JavaScript,Junior,Как проверить и отладить microtasks?
4,Frontend,Frontend / JavaScript,Junior,Приведите production-пример использования macrotasks.
5,Frontend,Frontend / JavaScript,Junior,Сравните promises с альтернативным подходом.
6,Frontend,Frontend / JavaScript,Junior,Какие ошибки часто допускают при работе с async/await?
7,Frontend,Frontend / JavaScript,Junior,"Как протестировать код, связанный с prototype chain?"
8,Frontend,Frontend / JavaScript,Junior,Как оптимизировать решение с использованием this?
9,Frontend,Frontend / JavaScript,Junior,Как тема bind/call/apply связана с производительностью?
10,Frontend,Frontend / JavaScript,Junior,Как тема hoisting связана с безопасностью?
11,Frontend,Frontend / JavaScript,Junior,Объясните modules.
12,Frontend,Frontend / JavaScript,Junior,Какие проблемы возникают при использовании ESM vs CommonJS?
13,Frontend,Frontend / JavaScript,Junior,Как проверить и отладить iterators?
14,Frontend,Frontend / JavaScript,Junior,Приведите production-пример использования generators.
15,Frontend,Frontend / JavaScript,Junior,Сравните symbols с альтернативным подходом.
16,Frontend,Frontend / JavaScript,Junior,Какие ошибки часто допускают при работе с Map?
17,Frontend,Frontend / JavaScript,Junior,"Как протестировать код, связанный с Set?"
18,Frontend,Frontend / JavaScript,Junior,Как оптимизировать решение с использованием WeakMap?
19,Frontend,Frontend / JavaScript,Junior,Как тема immutability связана с производительностью?
20,Frontend,Frontend / JavaScript,Junior,Как тема deep clone связана с безопасностью?
21,Frontend,Frontend / JavaScript,Junior,Объясните structuredClone.
22,Frontend,Frontend / JavaScript,Junior,Какие проблемы возникают при использовании debounce?
23,Frontend,Frontend / JavaScript,Junior,Как проверить и отладить throttle?
24,Frontend,Frontend / JavaScript,Junior,Приведите production-пример использования event delegation.
25,Frontend,Frontend / JavaScript,Junior,Сравните AbortController с альтернативным подходом.
26,Frontend,Frontend / JavaScript,Junior,Какие ошибки часто допускают при работе с race conditions?
27,Frontend,Frontend / JavaScript,Junior,"Как протестировать код, связанный с memory leaks?"
28,Frontend,Frontend / JavaScript,Junior,Как оптимизировать решение с использованием garbage collection?
29,Frontend,Frontend / JavaScript,Junior,Как тема currying связана с производительностью?
30,Frontend,Frontend / JavaScript,Junior,Как тема memoization связана с безопасностью?
31,Frontend,Frontend / JavaScript,Junior,Объясните functional composition.
32,Frontend,Frontend / JavaScript,Junior,Какие проблемы возникают при использовании destructuring?
33,Frontend,Frontend / JavaScript,Junior,Как проверить и отладить optional chaining?
34,Frontend,Frontend / JavaScript,Junior,Приведите production-пример использования nullish coalescing.
35,Frontend,Frontend / JavaScript,Junior,Сравните strict mode с альтернативным подходом.
36,Frontend,Frontend / JavaScript,Junior,Какие ошибки часто допускают при работе с equality?
37,Frontend,Frontend / JavaScript,Junior,"Как протестировать код, связанный с coercion?"
38,Frontend,Frontend / JavaScript,Junior,Как оптимизировать решение с использованием exception handling?
39,Frontend,Frontend / JavaScript,Junior,Как тема web workers связана с производительностью?
40,Frontend,Frontend / JavaScript,Junior,Как тема internationalization связана с безопасностью?
41,Frontend,Frontend / JavaScript,Junior,Объясните closures.
42,Frontend,Frontend / JavaScript,Junior,Какие проблемы возникают при использовании event loop?
43,Frontend,Frontend / JavaScript,Junior,Как проверить и отладить microtasks?
44,Frontend,Frontend / JavaScript,Junior,Приведите production-пример использования macrotasks.
45,Frontend,Frontend / JavaScript,Junior,Сравните promises с альтернативным подходом.
46,Frontend,Frontend / JavaScript,Junior,Какие ошибки часто допускают при работе с async/await?
47,Frontend,Frontend / JavaScript,Junior,"Как протестировать код, связанный с prototype chain?"
48,Frontend,Frontend / JavaScript,Junior,Как оптимизировать решение с использованием this?
49,Frontend,Frontend / JavaScript,Junior,Как тема bind/call/apply связана с производительностью?
50,Frontend,Frontend / JavaScript,Junior,Как тема hoisting связана с безопасностью?
51,Frontend,Frontend / JavaScript,Junior,Объясните modules.
52,Frontend,Frontend / JavaScript,Junior,Какие проблемы возникают при использовании ESM vs CommonJS?
53,Frontend,Frontend / JavaScript,Junior,Как проверить и отладить iterators?
54,Frontend,Frontend / JavaScript,Junior,Приведите production-пример использования generators.
55,Frontend,Frontend / JavaScript,Junior,Сравните symbols с альтернативным подходом.
56,Frontend,Frontend / JavaScript,Junior,Какие ошибки часто допускают при работе с Map?
57,Frontend,Frontend / JavaScript,Junior,"Как протестировать код, связанный с Set?"
58,Frontend,Frontend / JavaScript,Junior,Как оптимизировать решение с использованием WeakMap?
59,Frontend,Frontend / JavaScript,Junior,Как тема immutability связана с производительностью?
60,Frontend,Frontend / JavaScript,Junior,Как тема deep clone связана с безопасностью?
61,Frontend,Frontend / JavaScript,Junior,Объясните structuredClone.
62,Frontend,Frontend / JavaScript,Junior,Какие проблемы возникают при использовании debounce?
63,Frontend,Frontend / JavaScript,Junior,Как проверить и отладить throttle?
64,Frontend,Frontend / JavaScript,Junior,Приведите production-пример использования event delegation.
65,Frontend,Frontend / JavaScript,Junior,Сравните AbortController с альтернативным подходом.
66,Frontend,Frontend / JavaScript,Junior,Какие ошибки часто допускают при работе с race conditions?
67,Frontend,Frontend / JavaScript,Junior,"Как протестировать код, связанный с memory leaks?"
68,Frontend,Frontend / JavaScript,Junior,Как оптимизировать решение с использованием garbage collection?
69,Frontend,Frontend / JavaScript,Junior,Как тема currying связана с производительностью?
70,Frontend,Frontend / JavaScript,Junior,Как тема memoization связана с безопасностью?
71,Frontend,Frontend / JavaScript,Junior,Объясните functional composition.
72,Frontend,Frontend / JavaScript,Junior,Какие проблемы возникают при использовании destructuring?
73,Frontend,Frontend / JavaScript,Junior,Как проверить и отладить optional chaining?
74,Frontend,Frontend / JavaScript,Junior,Приведите production-пример использования nullish coalescing.
75,Frontend,Frontend / JavaScript,Junior,Сравните strict mode с альтернативным подходом.
76,Frontend,Frontend / JavaScript,Junior,Какие ошибки часто допускают при работе с equality?
77,Frontend,Frontend / JavaScript,Junior,"Как протестировать код, связанный с coercion?"
78,Frontend,Frontend / JavaScript,Junior,Как оптимизировать решение с использованием exception handling?
79,Frontend,Frontend / JavaScript,Junior,Как тема web workers связана с производительностью?
80,Frontend,Frontend / JavaScript,Junior,Как тема internationalization связана с безопасностью?
81,Frontend,Frontend / JavaScript,Junior,Объясните closures.
82,Frontend,Frontend / JavaScript,Junior,Какие проблемы возникают при использовании event loop?
83,Frontend,Frontend / JavaScript,Junior,Как проверить и отладить microtasks?
84,Frontend,Frontend / JavaScript,Junior,Приведите production-пример использования macrotasks.
85,Frontend,Frontend / JavaScript,Junior,Сравните promises с альтернативным подходом.
86,Frontend,Frontend / JavaScript,Junior,Какие ошибки часто допускают при работе с async/await?
87,Frontend,Frontend / JavaScript,Junior,"Как протестировать код, связанный с prototype chain?"
88,Frontend,Frontend / JavaScript,Junior,Как оптимизировать решение с использованием this?
89,Frontend,Frontend / JavaScript,Junior,Как тема bind/call/apply связана с производительностью?
90,Frontend,Frontend / JavaScript,Junior,Как тема hoisting связана с безопасностью?
91,Frontend,Frontend / JavaScript,Junior,Объясните modules.
92,Frontend,Frontend / JavaScript,Junior,Какие проблемы возникают при использовании ESM vs CommonJS?
93,Frontend,Frontend / JavaScript,Junior,Как проверить и отладить iterators?
94,Frontend,Frontend / JavaScript,Junior,Приведите production-пример использования generators.
95,Frontend,Frontend / JavaScript,Junior,Сравните symbols с альтернативным подходом.
96,Frontend,Frontend / JavaScript,Junior,Какие ошибки часто допускают при работе с Map?
97,Frontend,Frontend / JavaScript,Junior,"Как протестировать код, связанный с Set?"
98,Frontend,Frontend / JavaScript,Junior,Как оптимизировать решение с использованием WeakMap?
99,Frontend,Frontend / JavaScript,Junior,Как тема immutability связана с производительностью?
100,Frontend,Frontend / JavaScript,Junior,Как тема deep clone связана с безопасностью?
101,Frontend,Frontend / JavaScript,Junior,Объясните structuredClone.
102,Frontend,Frontend / JavaScript,Junior,Какие проблемы возникают при использовании debounce?
103,Frontend,Frontend / JavaScript,Junior,Как проверить и отладить throttle?
104,Frontend,Frontend / JavaScript,Junior,Приведите production-пример использования event delegation.
105,Frontend,Frontend / JavaScript,Junior,Сравните AbortController с альтернативным подходом.
106,Frontend,Frontend / JavaScript,Junior,Какие ошибки часто допускают при работе с race conditions?
107,Frontend,Frontend / JavaScript,Junior,"Как протестировать код, связанный с memory leaks?"
108,Frontend,Frontend / JavaScript,Junior,Как оптимизировать решение с использованием garbage collection?
109,Frontend,Frontend / JavaScript,Junior,Как тема currying связана с производительностью?
110,Frontend,Frontend / JavaScript,Junior,Как тема memoization связана с безопасностью?
111,Frontend,Frontend / JavaScript,Junior,Объясните functional composition.
112,Frontend,Frontend / JavaScript,Junior,Какие проблемы возникают при использовании destructuring?
113,Frontend,Frontend / JavaScript,Junior,Как проверить и отладить optional chaining?
114,Frontend,Frontend / JavaScript,Junior,Приведите production-пример использования nullish coalescing.
115,Frontend,Frontend / JavaScript,Junior,Сравните strict mode с альтернативным подходом.
116,Frontend,Frontend / JavaScript,Junior,Какие ошибки часто допускают при работе с equality?
117,Frontend,Frontend / JavaScript,Junior,"Как протестировать код, связанный с coercion?"
118,Frontend,Frontend / JavaScript,Junior,Как оптимизировать решение с использованием exception handling?
119,Frontend,Frontend / JavaScript,Junior,Как тема web workers связана с производительностью?
120,Frontend,Frontend / JavaScript,Junior,Как тема internationalization связана с безопасностью?
121,Frontend,Frontend / JavaScript,Junior,Объясните closures.
122,Frontend,Frontend / JavaScript,Junior,Какие проблемы возникают при использовании event loop?
123,Frontend,Frontend / JavaScript,Junior,Как проверить и отладить microtasks?
124,Frontend,Frontend / JavaScript,Junior,Приведите production-пример использования macrotasks.
125,Frontend,Frontend / JavaScript,Junior,Сравните promises с альтернативным подходом.
126,Frontend,Frontend / JavaScript,Junior,Какие ошибки часто допускают при работе с async/await?
127,Frontend,Frontend / JavaScript,Junior,"Как протестировать код, связанный с prototype chain?"
128,Frontend,Frontend / JavaScript,Junior,Как оптимизировать решение с использованием this?
129,Frontend,Frontend / JavaScript,Junior,Как тема bind/call/apply связана с производительностью?
130,Frontend,Frontend / JavaScript,Junior,Как тема hoisting связана с безопасностью?
131,Frontend,Frontend / JavaScript,Junior,Объясните modules.
132,Frontend,Frontend / JavaScript,Junior,Какие проблемы возникают при использовании ESM vs CommonJS?
133,Frontend,Frontend / JavaScript,Junior,Как проверить и отладить iterators?
134,Frontend,Frontend / JavaScript,Junior,Приведите production-пример использования generators.
135,Frontend,Frontend / JavaScript,Junior,Сравните symbols с альтернативным подходом.
136,Frontend,Frontend / JavaScript,Junior,Какие ошибки часто допускают при работе с Map?
137,Frontend,Frontend / JavaScript,Junior,"Как протестировать код, связанный с Set?"
138,Frontend,Frontend / JavaScript,Junior,Как оптимизировать решение с использованием WeakMap?
139,Frontend,Frontend / JavaScript,Junior,Как тема immutability связана с производительностью?
140,Frontend,Frontend / JavaScript,Junior,Как тема deep clone связана с безопасностью?
141,Frontend,Frontend / JavaScript,Junior,Объясните structuredClone.
142,Frontend,Frontend / JavaScript,Junior,Какие проблемы возникают при использовании debounce?
143,Frontend,Frontend / JavaScript,Junior,Как проверить и отладить throttle?
144,Frontend,Frontend / JavaScript,Junior,Приведите production-пример использования event delegation.
145,Frontend,Frontend / JavaScript,Junior,Сравните AbortController с альтернативным подходом.
146,Frontend,Frontend / JavaScript,Junior,Какие ошибки часто допускают при работе с race conditions?
147,Frontend,Frontend / JavaScript,Junior,"Как протестировать код, связанный с memory leaks?"
148,Frontend,Frontend / JavaScript,Junior,Как оптимизировать решение с использованием garbage collection?
149,Frontend,Frontend / JavaScript,Junior,Как тема currying связана с производительностью?
150,Frontend,Frontend / JavaScript,Junior,Как тема memoization связана с безопасностью?
151,Frontend,Frontend / JavaScript,Junior,Объясните functional composition.
152,Frontend,Frontend / JavaScript,Junior,Какие проблемы возникают при использовании destructuring?
153,Frontend,Frontend / JavaScript,Junior,Как проверить и отладить optional chaining?
154,Frontend,Frontend / JavaScript,Junior,Приведите production-пример использования nullish coalescing.
155,Frontend,Frontend / JavaScript,Junior,Сравните strict mode с альтернативным подходом.
156,Frontend,Frontend / JavaScript,Junior,Какие ошибки часто допускают при работе с equality?
157,Frontend,Frontend / JavaScript,Junior,"Как протестировать код, связанный с coercion?"
158,Frontend,Frontend / JavaScript,Junior,Как оптимизировать решение с использованием exception handling?
159,Frontend,Frontend / JavaScript,Junior,Как тема web workers связана с производительностью?
160,Frontend,Frontend / JavaScript,Junior,Как тема internationalization связана с безопасностью?
161,Frontend,Frontend / JavaScript,Junior,Объясните closures.
162,Frontend,Frontend / JavaScript,Junior,Какие проблемы возникают при использовании event loop?
163,Frontend,Frontend / JavaScript,Junior,Как проверить и отладить microtasks?
164,Frontend,Frontend / JavaScript,Junior,Приведите production-пример использования macrotasks.
165,Frontend,Frontend / JavaScript,Junior,Сравните promises с альтернативным подходом.
166,Frontend,Frontend / JavaScript,Junior,Какие ошибки часто допускают при работе с async/await?
167,Frontend,Frontend / JavaScript,Junior,"Как протестировать код, связанный с prototype chain?"
168,Frontend,Frontend / JavaScript,Junior,Как оптимизировать решение с использованием this?
169,Frontend,Frontend / JavaScript,Junior,Как тема bind/call/apply связана с производительностью?
170,Frontend,Frontend / JavaScript,Junior,Как тема hoisting связана с безопасностью?
171,Frontend,Frontend / JavaScript,Junior,Объясните modules.
172,Frontend,Frontend / JavaScript,Junior,Какие проблемы возникают при использовании ESM vs CommonJS?
173,Frontend,Frontend / JavaScript,Junior,Как проверить и отладить iterators?
174,Frontend,Frontend / JavaScript,Junior,Приведите production-пример использования generators.
175,Frontend,Frontend / JavaScript,Junior,Сравните symbols с альтернативным подходом.
176,Frontend,Frontend / JavaScript,Junior,Какие ошибки часто допускают при работе с Map?
177,Frontend,Frontend / JavaScript,Junior,"Как протестировать код, связанный с Set?"
178,Frontend,Frontend / JavaScript,Junior,Как оптимизировать решение с использованием WeakMap?
179,Frontend,Frontend / JavaScript,Junior,Как тема immutability связана с производительностью?
180,Frontend,Frontend / JavaScript,Junior,Как тема deep clone связана с безопасностью?
181,Frontend,Frontend / JavaScript,Junior,Объясните structuredClone.
182,Frontend,Frontend / JavaScript,Junior,Какие проблемы возникают при использовании debounce?
183,Frontend,Frontend / JavaScript,Junior,Как проверить и отладить throttle?
184,Frontend,Frontend / JavaScript,Junior,Приведите production-пример использования event delegation.
185,Frontend,Frontend / JavaScript,Junior,Сравните AbortController с альтернативным подходом.
186,Frontend,Frontend / JavaScript,Junior,Какие ошибки часто допускают при работе с race conditions?
187,Frontend,Frontend / JavaScript,Junior,"Как протестировать код, связанный с memory leaks?"
188,Frontend,Frontend / JavaScript,Junior,Как оптимизировать решение с использованием garbage collection?
189,Frontend,Frontend / JavaScript,Junior,Как тема currying связана с производительностью?
190,Frontend,Frontend / JavaScript,Junior,Как тема memoization связана с безопасностью?
191,Frontend,Frontend / JavaScript,Junior,Объясните functional composition.
192,Frontend,Frontend / JavaScript,Junior,Какие проблемы возникают при использовании destructuring?
193,Frontend,Frontend / JavaScript,Junior,Как проверить и отладить optional chaining?
194,Frontend,Frontend / JavaScript,Junior,Приведите production-пример использования nullish coalescing.
195,Frontend,Frontend / JavaScript,Junior,Сравните strict mode с альтернативным подходом.
196,Frontend,Frontend / JavaScript,Junior,Какие ошибки часто допускают при работе с equality?
197,Frontend,Frontend / JavaScript,Junior,"Как протестировать код, связанный с coercion?"
198,Frontend,Frontend / JavaScript,Junior,Как оптимизировать решение с использованием exception handling?
199,Frontend,Frontend / JavaScript,Junior,Как тема web workers связана с производительностью?
200,Frontend,Frontend / JavaScript,Junior,Как тема internationalization связана с безопасностью?
201,Frontend,Frontend / JavaScript,Junior,Объясните closures.
202,Frontend,Frontend / JavaScript,Junior,Какие проблемы возникают при использовании event loop?
203,Frontend,Frontend / JavaScript,Junior,Как проверить и отладить microtasks?
204,Frontend,Frontend / JavaScript,Junior,Приведите production-пример использования macrotasks.
205,Frontend,Frontend / JavaScript,Junior,Сравните promises с альтернативным подходом.
206,Frontend,Frontend / JavaScript,Junior,Какие ошибки часто допускают при работе с async/await?
207,Frontend,Frontend / JavaScript,Junior,"Как протестировать код, связанный с prototype chain?"
208,Frontend,Frontend / JavaScript,Junior,Как оптимизировать решение с использованием this?
209,Frontend,Frontend / JavaScript,Junior,Как тема bind/call/apply связана с производительностью?
210,Frontend,Frontend / JavaScript,Junior,Как тема hoisting связана с безопасностью?
211,Frontend,Frontend / JavaScript,Junior,Объясните modules.
212,Frontend,Frontend / JavaScript,Junior,Какие проблемы возникают при использовании ESM vs CommonJS?
213,Frontend,Frontend / JavaScript,Junior,Как проверить и отладить iterators?
214,Frontend,Frontend / JavaScript,Junior,Приведите production-пример использования generators.
215,Frontend,Frontend / JavaScript,Junior,Сравните symbols с альтернативным подходом.
216,Frontend,Frontend / JavaScript,Junior,Какие ошибки часто допускают при работе с Map?
217,Frontend,Frontend / JavaScript,Junior,"Как протестировать код, связанный с Set?"
218,Frontend,Frontend / JavaScript,Junior,Как оптимизировать решение с использованием WeakMap?
219,Frontend,Frontend / JavaScript,Junior,Как тема immutability связана с производительностью?
220,Frontend,Frontend / JavaScript,Junior,Как тема deep clone связана с безопасностью?
221,Frontend,Frontend / JavaScript,Junior,Объясните structuredClone.
222,Frontend,Frontend / JavaScript,Junior,Какие проблемы возникают при использовании debounce?
223,Frontend,Frontend / JavaScript,Junior,Как проверить и отладить throttle?
224,Frontend,Frontend / JavaScript,Junior,Приведите production-пример использования event delegation.
225,Frontend,Frontend / JavaScript,Junior,Сравните AbortController с альтернативным подходом.
226,Frontend,Frontend / JavaScript,Junior,Какие ошибки часто допускают при работе с race conditions?
227,Frontend,Frontend / JavaScript,Junior,"Как протестировать код, связанный с memory leaks?"
228,Frontend,Frontend / JavaScript,Junior,Как оптимизировать решение с использованием garbage collection?
229,Frontend,Frontend / JavaScript,Junior,Как тема currying связана с производительностью?
230,Frontend,Frontend / JavaScript,Junior,Как тема memoization связана с безопасностью?
231,Frontend,Frontend / JavaScript,Junior,Объясните functional composition.
232,Frontend,Frontend / JavaScript,Junior,Какие проблемы возникают при использовании destructuring?
233,Frontend,Frontend / JavaScript,Junior,Как проверить и отладить optional chaining?
234,Frontend,Frontend / JavaScript,Junior,Приведите production-пример использования nullish coalescing.
235,Frontend,Frontend / JavaScript,Junior,Сравните strict mode с альтернативным подходом.
236,Frontend,Frontend / JavaScript,Junior,Какие ошибки часто допускают при работе с equality?
237,Frontend,Frontend / JavaScript,Junior,"Как протестировать код, связанный с coercion?"
238,Frontend,Frontend / JavaScript,Junior,Как оптимизировать решение с использованием exception handling?
239,Frontend,Frontend / JavaScript,Junior,Как тема web workers связана с производительностью?
240,Frontend,Frontend / JavaScript,Junior,Как тема internationalization связана с безопасностью?
241,Frontend,Frontend / JavaScript,Junior,Объясните closures.
242,Frontend,Frontend / JavaScript,Junior,Какие проблемы возникают при использовании event loop?
243,Frontend,Frontend / JavaScript,Junior,Как проверить и отладить microtasks?
244,Frontend,Frontend / JavaScript,Junior,Приведите production-пример использования macrotasks.
245,Frontend,Frontend / JavaScript,Junior,Сравните promises с альтернативным подходом.
246,Frontend,Frontend / JavaScript,Junior,Какие ошибки часто допускают при работе с async/await?
247,Frontend,Frontend / JavaScript,Junior,"Как протестировать код, связанный с prototype chain?"
248,Frontend,Frontend / JavaScript,Junior,Как оптимизировать решение с использованием this?
249,Frontend,Frontend / JavaScript,Junior,Как тема bind/call/apply связана с производительностью?
250,Frontend,Frontend / JavaScript,Junior,Как тема hoisting связана с безопасностью?
251,Frontend,Frontend / JavaScript,Junior,Объясните modules.
252,Frontend,Frontend / JavaScript,Junior,Какие проблемы возникают при использовании ESM vs CommonJS?
253,Frontend,Frontend / JavaScript,Junior,Как проверить и отладить iterators?
254,Frontend,Frontend / JavaScript,Junior,Приведите production-пример использования generators.
255,Frontend,Frontend / JavaScript,Junior,Сравните symbols с альтернативным подходом.
256,Frontend,Frontend / JavaScript,Junior,Какие ошибки часто допускают при работе с Map?
257,Frontend,Frontend / JavaScript,Junior,"Как протестировать код, связанный с Set?"
258,Frontend,Frontend / JavaScript,Junior,Как оптимизировать решение с использованием WeakMap?
259,Frontend,Frontend / JavaScript,Junior,Как тема immutability связана с производительностью?
260,Frontend,Frontend / JavaScript,Junior,Как тема deep clone связана с безопасностью?
261,Frontend,Frontend / JavaScript,Junior,Объясните structuredClone.
262,Frontend,Frontend / JavaScript,Junior,Какие проблемы возникают при использовании debounce?
263,Frontend,Frontend / JavaScript,Junior,Как проверить и отладить throttle?
264,Frontend,Frontend / JavaScript,Junior,Приведите production-пример использования event delegation.
265,Frontend,Frontend / JavaScript,Junior,Сравните AbortController с альтернативным подходом.
266,Frontend,Frontend / JavaScript,Junior,Какие ошибки часто допускают при работе с race conditions?
267,Frontend,Frontend / JavaScript,Junior,"Как протестировать код, связанный с memory leaks?"
268,Frontend,Frontend / JavaScript,Junior,Как оптимизировать решение с использованием garbage collection?
269,Frontend,Frontend / JavaScript,Junior,Как тема currying связана с производительностью?
270,Frontend,Frontend / JavaScript,Junior,Как тема memoization связана с безопасностью?
271,Frontend,Frontend / JavaScript,Junior,Объясните functional composition.
272,Frontend,Frontend / JavaScript,Junior,Какие проблемы возникают при использовании destructuring?
273,Frontend,Frontend / JavaScript,Junior,Как проверить и отладить optional chaining?
274,Frontend,Frontend / JavaScript,Junior,Приведите production-пример использования nullish coalescing.
275,Frontend,Frontend / JavaScript,Junior,Сравните strict mode с альтернативным подходом.
276,Frontend,Frontend / JavaScript,Junior,Какие ошибки часто допускают при работе с equality?
277,Frontend,Frontend / JavaScript,Junior,"Как протестировать код, связанный с coercion?"
278,Frontend,Frontend / JavaScript,Junior,Как оптимизировать решение с использованием exception handling?
279,Frontend,Frontend / JavaScript,Junior,Как тема web workers связана с производительностью?
280,Frontend,Frontend / JavaScript,Junior,Как тема internationalization связана с безопасностью?
281,Frontend,Frontend / JavaScript,Junior,Объясните closures.
282,Frontend,Frontend / JavaScript,Junior,Какие проблемы возникают при использовании event loop?
283,Frontend,Frontend / JavaScript,Junior,Как проверить и отладить microtasks?
284,Frontend,Frontend / JavaScript,Junior,Приведите production-пример использования macrotasks.
285,Frontend,Frontend / JavaScript,Junior,Сравните promises с альтернативным подходом.
286,Frontend,Frontend / JavaScript,Junior,Какие ошибки часто допускают при работе с async/await?
287,Frontend,Frontend / JavaScript,Junior,"Как протестировать код, связанный с prototype chain?"
288,Frontend,Frontend / JavaScript,Junior,Как оптимизировать решение с использованием this?
289,Frontend,Frontend / JavaScript,Junior,Как тема bind/call/apply связана с производительностью?
290,Frontend,Frontend / JavaScript,Junior,Как тема hoisting связана с безопасностью?
291,Frontend,Frontend / JavaScript,Junior,Объясните modules.
292,Frontend,Frontend / JavaScript,Junior,Какие проблемы возникают при использовании ESM vs CommonJS?
293,Frontend,Frontend / JavaScript,Junior,Как проверить и отладить iterators?
294,Frontend,Frontend / JavaScript,Junior,Приведите production-пример использования generators.
295,Frontend,Frontend / JavaScript,Junior,Сравните symbols с альтернативным подходом.
296,Frontend,Frontend / JavaScript,Junior,Какие ошибки часто допускают при работе с Map?
297,Frontend,Frontend / JavaScript,Junior,"Как протестировать код, связанный с Set?"
298,Frontend,Frontend / JavaScript,Junior,Как оптимизировать решение с использованием WeakMap?
299,Frontend,Frontend / JavaScript,Junior,Как тема immutability связана с производительностью?
300,Frontend,Frontend / JavaScript,Junior,Как тема deep clone связана с безопасностью?
301,Frontend,Frontend / JavaScript,Middle,Объясните structuredClone.
302,Frontend,Frontend / JavaScript,Middle,Какие проблемы возникают при использовании debounce?
303,Frontend,Frontend / JavaScript,Middle,Как проверить и отладить throttle?
304,Frontend,Frontend / JavaScript,Middle,Приведите production-пример использования event delegation.
305,Frontend,Frontend / JavaScript,Middle,Сравните AbortController с альтернативным подходом.
306,Frontend,Frontend / JavaScript,Middle,Какие ошибки часто допускают при работе с race conditions?
307,Frontend,Frontend / JavaScript,Middle,"Как протестировать код, связанный с memory leaks?"
308,Frontend,Frontend / JavaScript,Middle,Как оптимизировать решение с использованием garbage collection?
309,Frontend,Frontend / JavaScript,Middle,Как тема currying связана с производительностью?
310,Frontend,Frontend / JavaScript,Middle,Как тема memoization связана с безопасностью?
311,Frontend,Frontend / JavaScript,Middle,Объясните functional composition.
312,Frontend,Frontend / JavaScript,Middle,Какие проблемы возникают при использовании destructuring?
313,Frontend,Frontend / JavaScript,Middle,Как проверить и отладить optional chaining?
314,Frontend,Frontend / JavaScript,Middle,Приведите production-пример использования nullish coalescing.
315,Frontend,Frontend / JavaScript,Middle,Сравните strict mode с альтернативным подходом.
316,Frontend,Frontend / JavaScript,Middle,Какие ошибки часто допускают при работе с equality?
317,Frontend,Frontend / JavaScript,Middle,"Как протестировать код, связанный с coercion?"
318,Frontend,Frontend / JavaScript,Middle,Как оптимизировать решение с использованием exception handling?
319,Frontend,Frontend / JavaScript,Middle,Как тема web workers связана с производительностью?
320,Frontend,Frontend / JavaScript,Middle,Как тема internationalization связана с безопасностью?
321,Frontend,Frontend / JavaScript,Middle,Объясните closures.
322,Frontend,Frontend / JavaScript,Middle,Какие проблемы возникают при использовании event loop?
323,Frontend,Frontend / JavaScript,Middle,Как проверить и отладить microtasks?
324,Frontend,Frontend / JavaScript,Middle,Приведите production-пример использования macrotasks.
325,Frontend,Frontend / JavaScript,Middle,Сравните promises с альтернативным подходом.
326,Frontend,Frontend / JavaScript,Middle,Какие ошибки часто допускают при работе с async/await?
327,Frontend,Frontend / JavaScript,Middle,"Как протестировать код, связанный с prototype chain?"
328,Frontend,Frontend / JavaScript,Middle,Как оптимизировать решение с использованием this?
329,Frontend,Frontend / JavaScript,Middle,Как тема bind/call/apply связана с производительностью?
330,Frontend,Frontend / JavaScript,Middle,Как тема hoisting связана с безопасностью?
331,Frontend,Frontend / JavaScript,Middle,Объясните modules.
332,Frontend,Frontend / JavaScript,Middle,Какие проблемы возникают при использовании ESM vs CommonJS?
333,Frontend,Frontend / JavaScript,Middle,Как проверить и отладить iterators?
334,Frontend,Frontend / JavaScript,Middle,Приведите production-пример использования generators.
335,Frontend,Frontend / JavaScript,Middle,Сравните symbols с альтернативным подходом.
336,Frontend,Frontend / JavaScript,Middle,Какие ошибки часто допускают при работе с Map?
337,Frontend,Frontend / JavaScript,Middle,"Как протестировать код, связанный с Set?"
338,Frontend,Frontend / JavaScript,Middle,Как оптимизировать решение с использованием WeakMap?
339,Frontend,Frontend / JavaScript,Middle,Как тема immutability связана с производительностью?
340,Frontend,Frontend / JavaScript,Middle,Как тема deep clone связана с безопасностью?
341,Frontend,Frontend / JavaScript,Middle,Объясните structuredClone.
342,Frontend,Frontend / JavaScript,Middle,Какие проблемы возникают при использовании debounce?
343,Frontend,Frontend / JavaScript,Middle,Как проверить и отладить throttle?
344,Frontend,Frontend / JavaScript,Middle,Приведите production-пример использования event delegation.
345,Frontend,Frontend / JavaScript,Middle,Сравните AbortController с альтернативным подходом.
346,Frontend,Frontend / JavaScript,Middle,Какие ошибки часто допускают при работе с race conditions?
347,Frontend,Frontend / JavaScript,Middle,"Как протестировать код, связанный с memory leaks?"
348,Frontend,Frontend / JavaScript,Middle,Как оптимизировать решение с использованием garbage collection?
349,Frontend,Frontend / JavaScript,Middle,Как тема currying связана с производительностью?
350,Frontend,Frontend / JavaScript,Middle,Как тема memoization связана с безопасностью?
351,Frontend,Frontend / JavaScript,Middle,Объясните functional composition.
352,Frontend,Frontend / JavaScript,Middle,Какие проблемы возникают при использовании destructuring?
353,Frontend,Frontend / JavaScript,Middle,Как проверить и отладить optional chaining?
354,Frontend,Frontend / JavaScript,Middle,Приведите production-пример использования nullish coalescing.
355,Frontend,Frontend / JavaScript,Middle,Сравните strict mode с альтернативным подходом.
356,Frontend,Frontend / JavaScript,Middle,Какие ошибки часто допускают при работе с equality?
357,Frontend,Frontend / JavaScript,Middle,"Как протестировать код, связанный с coercion?"
358,Frontend,Frontend / JavaScript,Middle,Как оптимизировать решение с использованием exception handling?
359,Frontend,Frontend / JavaScript,Middle,Как тема web workers связана с производительностью?
360,Frontend,Frontend / JavaScript,Middle,Как тема internationalization связана с безопасностью?
361,Frontend,Frontend / JavaScript,Middle,Объясните closures.
362,Frontend,Frontend / JavaScript,Middle,Какие проблемы возникают при использовании event loop?
363,Frontend,Frontend / JavaScript,Middle,Как проверить и отладить microtasks?
364,Frontend,Frontend / JavaScript,Middle,Приведите production-пример использования macrotasks.
365,Frontend,Frontend / JavaScript,Middle,Сравните promises с альтернативным подходом.
366,Frontend,Frontend / JavaScript,Middle,Какие ошибки часто допускают при работе с async/await?
367,Frontend,Frontend / JavaScript,Middle,"Как протестировать код, связанный с prototype chain?"
368,Frontend,Frontend / JavaScript,Middle,Как оптимизировать решение с использованием this?
369,Frontend,Frontend / JavaScript,Middle,Как тема bind/call/apply связана с производительностью?
370,Frontend,Frontend / JavaScript,Middle,Как тема hoisting связана с безопасностью?
371,Frontend,Frontend / JavaScript,Middle,Объясните modules.
372,Frontend,Frontend / JavaScript,Middle,Какие проблемы возникают при использовании ESM vs CommonJS?
373,Frontend,Frontend / JavaScript,Middle,Как проверить и отладить iterators?
374,Frontend,Frontend / JavaScript,Middle,Приведите production-пример использования generators.
375,Frontend,Frontend / JavaScript,Middle,Сравните symbols с альтернативным подходом.
376,Frontend,Frontend / JavaScript,Middle,Какие ошибки часто допускают при работе с Map?
377,Frontend,Frontend / JavaScript,Middle,"Как протестировать код, связанный с Set?"
378,Frontend,Frontend / JavaScript,Middle,Как оптимизировать решение с использованием WeakMap?
379,Frontend,Frontend / JavaScript,Middle,Как тема immutability связана с производительностью?
380,Frontend,Frontend / JavaScript,Middle,Как тема deep clone связана с безопасностью?
381,Frontend,Frontend / JavaScript,Middle,Объясните structuredClone.
382,Frontend,Frontend / JavaScript,Middle,Какие проблемы возникают при использовании debounce?
383,Frontend,Frontend / JavaScript,Middle,Как проверить и отладить throttle?
384,Frontend,Frontend / JavaScript,Middle,Приведите production-пример использования event delegation.
385,Frontend,Frontend / JavaScript,Middle,Сравните AbortController с альтернативным подходом.
386,Frontend,Frontend / JavaScript,Middle,Какие ошибки часто допускают при работе с race conditions?
387,Frontend,Frontend / JavaScript,Middle,"Как протестировать код, связанный с memory leaks?"
388,Frontend,Frontend / JavaScript,Middle,Как оптимизировать решение с использованием garbage collection?
389,Frontend,Frontend / JavaScript,Middle,Как тема currying связана с производительностью?
390,Frontend,Frontend / JavaScript,Middle,Как тема memoization связана с безопасностью?
391,Frontend,Frontend / JavaScript,Middle,Объясните functional composition.
392,Frontend,Frontend / JavaScript,Middle,Какие проблемы возникают при использовании destructuring?
393,Frontend,Frontend / JavaScript,Middle,Как проверить и отладить optional chaining?
394,Frontend,Frontend / JavaScript,Middle,Приведите production-пример использования nullish coalescing.
395,Frontend,Frontend / JavaScript,Middle,Сравните strict mode с альтернативным подходом.
396,Frontend,Frontend / JavaScript,Middle,Какие ошибки часто допускают при работе с equality?
397,Frontend,Frontend / JavaScript,Middle,"Как протестировать код, связанный с coercion?"
398,Frontend,Frontend / JavaScript,Middle,Как оптимизировать решение с использованием exception handling?
399,Frontend,Frontend / JavaScript,Middle,Как тема web workers связана с производительностью?
400,Frontend,Frontend / JavaScript,Middle,Как тема internationalization связана с безопасностью?
401,Frontend,Frontend / JavaScript,Middle,Объясните closures.
402,Frontend,Frontend / JavaScript,Middle,Какие проблемы возникают при использовании event loop?
403,Frontend,Frontend / JavaScript,Middle,Как проверить и отладить microtasks?
404,Frontend,Frontend / JavaScript,Middle,Приведите production-пример использования macrotasks.
405,Frontend,Frontend / JavaScript,Middle,Сравните promises с альтернативным подходом.
406,Frontend,Frontend / JavaScript,Middle,Какие ошибки часто допускают при работе с async/await?
407,Frontend,Frontend / JavaScript,Middle,"Как протестировать код, связанный с prototype chain?"
408,Frontend,Frontend / JavaScript,Middle,Как оптимизировать решение с использованием this?
409,Frontend,Frontend / JavaScript,Middle,Как тема bind/call/apply связана с производительностью?
410,Frontend,Frontend / JavaScript,Middle,Как тема hoisting связана с безопасностью?
411,Frontend,Frontend / JavaScript,Middle,Объясните modules.
412,Frontend,Frontend / JavaScript,Middle,Какие проблемы возникают при использовании ESM vs CommonJS?
413,Frontend,Frontend / JavaScript,Middle,Как проверить и отладить iterators?
414,Frontend,Frontend / JavaScript,Middle,Приведите production-пример использования generators.
415,Frontend,Frontend / JavaScript,Middle,Сравните symbols с альтернативным подходом.
416,Frontend,Frontend / JavaScript,Middle,Какие ошибки часто допускают при работе с Map?
417,Frontend,Frontend / JavaScript,Middle,"Как протестировать код, связанный с Set?"
418,Frontend,Frontend / JavaScript,Middle,Как оптимизировать решение с использованием WeakMap?
419,Frontend,Frontend / JavaScript,Middle,Как тема immutability связана с производительностью?
420,Frontend,Frontend / JavaScript,Middle,Как тема deep clone связана с безопасностью?
421,Frontend,Frontend / JavaScript,Middle,Объясните structuredClone.
422,Frontend,Frontend / JavaScript,Middle,Какие проблемы возникают при использовании debounce?
423,Frontend,Frontend / JavaScript,Middle,Как проверить и отладить throttle?
424,Frontend,Frontend / JavaScript,Middle,Приведите production-пример использования event delegation.
425,Frontend,Frontend / JavaScript,Middle,Сравните AbortController с альтернативным подходом.
426,Frontend,Frontend / JavaScript,Middle,Какие ошибки часто допускают при работе с race conditions?
427,Frontend,Frontend / JavaScript,Middle,"Как протестировать код, связанный с memory leaks?"
428,Frontend,Frontend / JavaScript,Middle,Как оптимизировать решение с использованием garbage collection?
429,Frontend,Frontend / JavaScript,Middle,Как тема currying связана с производительностью?
430,Frontend,Frontend / JavaScript,Middle,Как тема memoization связана с безопасностью?
431,Frontend,Frontend / JavaScript,Middle,Объясните functional composition.
432,Frontend,Frontend / JavaScript,Middle,Какие проблемы возникают при использовании destructuring?
433,Frontend,Frontend / JavaScript,Middle,Как проверить и отладить optional chaining?
434,Frontend,Frontend / JavaScript,Middle,Приведите production-пример использования nullish coalescing.
435,Frontend,Frontend / JavaScript,Middle,Сравните strict mode с альтернативным подходом.
436,Frontend,Frontend / JavaScript,Middle,Какие ошибки часто допускают при работе с equality?
437,Frontend,Frontend / JavaScript,Middle,"Как протестировать код, связанный с coercion?"
438,Frontend,Frontend / JavaScript,Middle,Как оптимизировать решение с использованием exception handling?
439,Frontend,Frontend / JavaScript,Middle,Как тема web workers связана с производительностью?
440,Frontend,Frontend / JavaScript,Middle,Как тема internationalization связана с безопасностью?
441,Frontend,Frontend / JavaScript,Middle,Объясните closures.
442,Frontend,Frontend / JavaScript,Middle,Какие проблемы возникают при использовании event loop?
443,Frontend,Frontend / JavaScript,Middle,Как проверить и отладить microtasks?
444,Frontend,Frontend / JavaScript,Middle,Приведите production-пример использования macrotasks.
445,Frontend,Frontend / JavaScript,Middle,Сравните promises с альтернативным подходом.
446,Frontend,Frontend / JavaScript,Middle,Какие ошибки часто допускают при работе с async/await?
447,Frontend,Frontend / JavaScript,Middle,"Как протестировать код, связанный с prototype chain?"
448,Frontend,Frontend / JavaScript,Middle,Как оптимизировать решение с использованием this?
449,Frontend,Frontend / JavaScript,Middle,Как тема bind/call/apply связана с производительностью?
450,Frontend,Frontend / JavaScript,Middle,Как тема hoisting связана с безопасностью?
451,Frontend,Frontend / JavaScript,Middle,Объясните modules.
452,Frontend,Frontend / JavaScript,Middle,Какие проблемы возникают при использовании ESM vs CommonJS?
453,Frontend,Frontend / JavaScript,Middle,Как проверить и отладить iterators?
454,Frontend,Frontend / JavaScript,Middle,Приведите production-пример использования generators.
455,Frontend,Frontend / JavaScript,Middle,Сравните symbols с альтернативным подходом.
456,Frontend,Frontend / JavaScript,Middle,Какие ошибки часто допускают при работе с Map?
457,Frontend,Frontend / JavaScript,Middle,"Как протестировать код, связанный с Set?"
458,Frontend,Frontend / JavaScript,Middle,Как оптимизировать решение с использованием WeakMap?
459,Frontend,Frontend / JavaScript,Middle,Как тема immutability связана с производительностью?
460,Frontend,Frontend / JavaScript,Middle,Как тема deep clone связана с безопасностью?
461,Frontend,Frontend / JavaScript,Middle,Объясните structuredClone.
462,Frontend,Frontend / JavaScript,Middle,Какие проблемы возникают при использовании debounce?
463,Frontend,Frontend / JavaScript,Middle,Как проверить и отладить throttle?
464,Frontend,Frontend / JavaScript,Middle,Приведите production-пример использования event delegation.
465,Frontend,Frontend / JavaScript,Middle,Сравните AbortController с альтернативным подходом.
466,Frontend,Frontend / JavaScript,Middle,Какие ошибки часто допускают при работе с race conditions?
467,Frontend,Frontend / JavaScript,Middle,"Как протестировать код, связанный с memory leaks?"
468,Frontend,Frontend / JavaScript,Middle,Как оптимизировать решение с использованием garbage collection?
469,Frontend,Frontend / JavaScript,Middle,Как тема currying связана с производительностью?
470,Frontend,Frontend / JavaScript,Middle,Как тема memoization связана с безопасностью?
471,Frontend,Frontend / JavaScript,Middle,Объясните functional composition.
472,Frontend,Frontend / JavaScript,Middle,Какие проблемы возникают при использовании destructuring?
473,Frontend,Frontend / JavaScript,Middle,Как проверить и отладить optional chaining?
474,Frontend,Frontend / JavaScript,Middle,Приведите production-пример использования nullish coalescing.
475,Frontend,Frontend / JavaScript,Middle,Сравните strict mode с альтернативным подходом.
476,Frontend,Frontend / JavaScript,Middle,Какие ошибки часто допускают при работе с equality?
477,Frontend,Frontend / JavaScript,Middle,"Как протестировать код, связанный с coercion?"
478,Frontend,Frontend / JavaScript,Middle,Как оптимизировать решение с использованием exception handling?
479,Frontend,Frontend / JavaScript,Middle,Как тема web workers связана с производительностью?
480,Frontend,Frontend / JavaScript,Middle,Как тема internationalization связана с безопасностью?
481,Frontend,Frontend / JavaScript,Middle,Объясните closures.
482,Frontend,Frontend / JavaScript,Middle,Какие проблемы возникают при использовании event loop?
483,Frontend,Frontend / JavaScript,Middle,Как проверить и отладить microtasks?
484,Frontend,Frontend / JavaScript,Middle,Приведите production-пример использования macrotasks.
485,Frontend,Frontend / JavaScript,Middle,Сравните promises с альтернативным подходом.
486,Frontend,Frontend / JavaScript,Middle,Какие ошибки часто допускают при работе с async/await?
487,Frontend,Frontend / JavaScript,Middle,"Как протестировать код, связанный с prototype chain?"
488,Frontend,Frontend / JavaScript,Middle,Как оптимизировать решение с использованием this?
489,Frontend,Frontend / JavaScript,Middle,Как тема bind/call/apply связана с производительностью?
490,Frontend,Frontend / JavaScript,Middle,Как тема hoisting связана с безопасностью?
491,Frontend,Frontend / JavaScript,Middle,Объясните modules.
492,Frontend,Frontend / JavaScript,Middle,Какие проблемы возникают при использовании ESM vs CommonJS?
493,Frontend,Frontend / JavaScript,Middle,Как проверить и отладить iterators?
494,Frontend,Frontend / JavaScript,Middle,Приведите production-пример использования generators.
495,Frontend,Frontend / JavaScript,Middle,Сравните symbols с альтернативным подходом.
496,Frontend,Frontend / JavaScript,Middle,Какие ошибки часто допускают при работе с Map?
497,Frontend,Frontend / JavaScript,Middle,"Как протестировать код, связанный с Set?"
498,Frontend,Frontend / JavaScript,Middle,Как оптимизировать решение с использованием WeakMap?
499,Frontend,Frontend / JavaScript,Middle,Как тема immutability связана с производительностью?
500,Frontend,Frontend / JavaScript,Middle,Как тема deep clone связана с безопасностью?
501,Frontend,Frontend / JavaScript,Middle,Объясните structuredClone.
502,Frontend,Frontend / JavaScript,Middle,Какие проблемы возникают при использовании debounce?
503,Frontend,Frontend / JavaScript,Middle,Как проверить и отладить throttle?
504,Frontend,Frontend / JavaScript,Middle,Приведите production-пример использования event delegation.
505,Frontend,Frontend / JavaScript,Middle,Сравните AbortController с альтернативным подходом.
506,Frontend,Frontend / JavaScript,Middle,Какие ошибки часто допускают при работе с race conditions?
507,Frontend,Frontend / JavaScript,Middle,"Как протестировать код, связанный с memory leaks?"
508,Frontend,Frontend / JavaScript,Middle,Как оптимизировать решение с использованием garbage collection?
509,Frontend,Frontend / JavaScript,Middle,Как тема currying связана с производительностью?
510,Frontend,Frontend / JavaScript,Middle,Как тема memoization связана с безопасностью?
511,Frontend,Frontend / JavaScript,Middle,Объясните functional composition.
512,Frontend,Frontend / JavaScript,Middle,Какие проблемы возникают при использовании destructuring?
513,Frontend,Frontend / JavaScript,Middle,Как проверить и отладить optional chaining?
514,Frontend,Frontend / JavaScript,Middle,Приведите production-пример использования nullish coalescing.
515,Frontend,Frontend / JavaScript,Middle,Сравните strict mode с альтернативным подходом.
516,Frontend,Frontend / JavaScript,Middle,Какие ошибки часто допускают при работе с equality?
517,Frontend,Frontend / JavaScript,Middle,"Как протестировать код, связанный с coercion?"
518,Frontend,Frontend / JavaScript,Middle,Как оптимизировать решение с использованием exception handling?
519,Frontend,Frontend / JavaScript,Middle,Как тема web workers связана с производительностью?
520,Frontend,Frontend / JavaScript,Middle,Как тема internationalization связана с безопасностью?
521,Frontend,Frontend / JavaScript,Middle,Объясните closures.
522,Frontend,Frontend / JavaScript,Middle,Какие проблемы возникают при использовании event loop?
523,Frontend,Frontend / JavaScript,Middle,Как проверить и отладить microtasks?
524,Frontend,Frontend / JavaScript,Middle,Приведите production-пример использования macrotasks.
525,Frontend,Frontend / JavaScript,Middle,Сравните promises с альтернативным подходом.
526,Frontend,Frontend / JavaScript,Middle,Какие ошибки часто допускают при работе с async/await?
527,Frontend,Frontend / JavaScript,Middle,"Как протестировать код, связанный с prototype chain?"
528,Frontend,Frontend / JavaScript,Middle,Как оптимизировать решение с использованием this?
529,Frontend,Frontend / JavaScript,Middle,Как тема bind/call/apply связана с производительностью?
530,Frontend,Frontend / JavaScript,Middle,Как тема hoisting связана с безопасностью?
531,Frontend,Frontend / JavaScript,Middle,Объясните modules.
532,Frontend,Frontend / JavaScript,Middle,Какие проблемы возникают при использовании ESM vs CommonJS?
533,Frontend,Frontend / JavaScript,Middle,Как проверить и отладить iterators?
534,Frontend,Frontend / JavaScript,Middle,Приведите production-пример использования generators.
535,Frontend,Frontend / JavaScript,Middle,Сравните symbols с альтернативным подходом.
536,Frontend,Frontend / JavaScript,Middle,Какие ошибки часто допускают при работе с Map?
537,Frontend,Frontend / JavaScript,Middle,"Как протестировать код, связанный с Set?"
538,Frontend,Frontend / JavaScript,Middle,Как оптимизировать решение с использованием WeakMap?
539,Frontend,Frontend / JavaScript,Middle,Как тема immutability связана с производительностью?
540,Frontend,Frontend / JavaScript,Middle,Как тема deep clone связана с безопасностью?
541,Frontend,Frontend / JavaScript,Middle,Объясните structuredClone.
542,Frontend,Frontend / JavaScript,Middle,Какие проблемы возникают при использовании debounce?
543,Frontend,Frontend / JavaScript,Middle,Как проверить и отладить throttle?
544,Frontend,Frontend / JavaScript,Middle,Приведите production-пример использования event delegation.
545,Frontend,Frontend / JavaScript,Middle,Сравните AbortController с альтернативным подходом.
546,Frontend,Frontend / JavaScript,Middle,Какие ошибки часто допускают при работе с race conditions?
547,Frontend,Frontend / JavaScript,Middle,"Как протестировать код, связанный с memory leaks?"
548,Frontend,Frontend / JavaScript,Middle,Как оптимизировать решение с использованием garbage collection?
549,Frontend,Frontend / JavaScript,Middle,Как тема currying связана с производительностью?
550,Frontend,Frontend / JavaScript,Middle,Как тема memoization связана с безопасностью?
551,Frontend,Frontend / JavaScript,Middle,Объясните functional composition.
552,Frontend,Frontend / JavaScript,Middle,Какие проблемы возникают при использовании destructuring?
553,Frontend,Frontend / JavaScript,Middle,Как проверить и отладить optional chaining?
554,Frontend,Frontend / JavaScript,Middle,Приведите production-пример использования nullish coalescing.
555,Frontend,Frontend / JavaScript,Middle,Сравните strict mode с альтернативным подходом.
556,Frontend,Frontend / JavaScript,Middle,Какие ошибки часто допускают при работе с equality?
557,Frontend,Frontend / JavaScript,Middle,"Как протестировать код, связанный с coercion?"
558,Frontend,Frontend / JavaScript,Middle,Как оптимизировать решение с использованием exception handling?
559,Frontend,Frontend / JavaScript,Middle,Как тема web workers связана с производительностью?
560,Frontend,Frontend / JavaScript,Middle,Как тема internationalization связана с безопасностью?
561,Frontend,Frontend / JavaScript,Middle,Объясните closures.
562,Frontend,Frontend / JavaScript,Middle,Какие проблемы возникают при использовании event loop?
563,Frontend,Frontend / JavaScript,Middle,Как проверить и отладить microtasks?
564,Frontend,Frontend / JavaScript,Middle,Приведите production-пример использования macrotasks.
565,Frontend,Frontend / JavaScript,Middle,Сравните promises с альтернативным подходом.
566,Frontend,Frontend / JavaScript,Middle,Какие ошибки часто допускают при работе с async/await?
567,Frontend,Frontend / JavaScript,Middle,"Как протестировать код, связанный с prototype chain?"
568,Frontend,Frontend / JavaScript,Middle,Как оптимизировать решение с использованием this?
569,Frontend,Frontend / JavaScript,Middle,Как тема bind/call/apply связана с производительностью?
570,Frontend,Frontend / JavaScript,Middle,Как тема hoisting связана с безопасностью?
571,Frontend,Frontend / JavaScript,Middle,Объясните modules.
572,Frontend,Frontend / JavaScript,Middle,Какие проблемы возникают при использовании ESM vs CommonJS?
573,Frontend,Frontend / JavaScript,Middle,Как проверить и отладить iterators?
574,Frontend,Frontend / JavaScript,Middle,Приведите production-пример использования generators.
575,Frontend,Frontend / JavaScript,Middle,Сравните symbols с альтернативным подходом.
576,Frontend,Frontend / JavaScript,Middle,Какие ошибки часто допускают при работе с Map?
577,Frontend,Frontend / JavaScript,Middle,"Как протестировать код, связанный с Set?"
578,Frontend,Frontend / JavaScript,Middle,Как оптимизировать решение с использованием WeakMap?
579,Frontend,Frontend / JavaScript,Middle,Как тема immutability связана с производительностью?
580,Frontend,Frontend / JavaScript,Middle,Как тема deep clone связана с безопасностью?
581,Frontend,Frontend / JavaScript,Middle,Объясните structuredClone.
582,Frontend,Frontend / JavaScript,Middle,Какие проблемы возникают при использовании debounce?
583,Frontend,Frontend / JavaScript,Middle,Как проверить и отладить throttle?
584,Frontend,Frontend / JavaScript,Middle,Приведите production-пример использования event delegation.
585,Frontend,Frontend / JavaScript,Middle,Сравните AbortController с альтернативным подходом.
586,Frontend,Frontend / JavaScript,Middle,Какие ошибки часто допускают при работе с race conditions?
587,Frontend,Frontend / JavaScript,Middle,"Как протестировать код, связанный с memory leaks?"
588,Frontend,Frontend / JavaScript,Middle,Как оптимизировать решение с использованием garbage collection?
589,Frontend,Frontend / JavaScript,Middle,Как тема currying связана с производительностью?
590,Frontend,Frontend / JavaScript,Middle,Как тема memoization связана с безопасностью?
591,Frontend,Frontend / JavaScript,Middle,Объясните functional composition.
592,Frontend,Frontend / JavaScript,Middle,Какие проблемы возникают при использовании destructuring?
593,Frontend,Frontend / JavaScript,Middle,Как проверить и отладить optional chaining?
594,Frontend,Frontend / JavaScript,Middle,Приведите production-пример использования nullish coalescing.
595,Frontend,Frontend / JavaScript,Middle,Сравните strict mode с альтернативным подходом.
596,Frontend,Frontend / JavaScript,Middle,Какие ошибки часто допускают при работе с equality?
597,Frontend,Frontend / JavaScript,Middle,"Как протестировать код, связанный с coercion?"
598,Frontend,Frontend / JavaScript,Middle,Как оптимизировать решение с использованием exception handling?
599,Frontend,Frontend / JavaScript,Middle,Как тема web workers связана с производительностью?
600,Frontend,Frontend / JavaScript,Middle,Как тема internationalization связана с безопасностью?
601,Frontend,Frontend / JavaScript,Middle,Объясните closures.
602,Frontend,Frontend / JavaScript,Middle,Какие проблемы возникают при использовании event loop?
603,Frontend,Frontend / JavaScript,Middle,Как проверить и отладить microtasks?
604,Frontend,Frontend / JavaScript,Middle,Приведите production-пример использования macrotasks.
605,Frontend,Frontend / JavaScript,Middle,Сравните promises с альтернативным подходом.
606,Frontend,Frontend / JavaScript,Middle,Какие ошибки часто допускают при работе с async/await?
607,Frontend,Frontend / JavaScript,Middle,"Как протестировать код, связанный с prototype chain?"
608,Frontend,Frontend / JavaScript,Middle,Как оптимизировать решение с использованием this?
609,Frontend,Frontend / JavaScript,Middle,Как тема bind/call/apply связана с производительностью?
610,Frontend,Frontend / JavaScript,Middle,Как тема hoisting связана с безопасностью?
611,Frontend,Frontend / JavaScript,Middle,Объясните modules.
612,Frontend,Frontend / JavaScript,Middle,Какие проблемы возникают при использовании ESM vs CommonJS?
613,Frontend,Frontend / JavaScript,Middle,Как проверить и отладить iterators?
614,Frontend,Frontend / JavaScript,Middle,Приведите production-пример использования generators.
615,Frontend,Frontend / JavaScript,Middle,Сравните symbols с альтернативным подходом.
616,Frontend,Frontend / JavaScript,Middle,Какие ошибки часто допускают при работе с Map?
617,Frontend,Frontend / JavaScript,Middle,"Как протестировать код, связанный с Set?"
618,Frontend,Frontend / JavaScript,Middle,Как оптимизировать решение с использованием WeakMap?
619,Frontend,Frontend / JavaScript,Middle,Как тема immutability связана с производительностью?
620,Frontend,Frontend / JavaScript,Middle,Как тема deep clone связана с безопасностью?
621,Frontend,Frontend / JavaScript,Middle,Объясните structuredClone.
622,Frontend,Frontend / JavaScript,Middle,Какие проблемы возникают при использовании debounce?
623,Frontend,Frontend / JavaScript,Middle,Как проверить и отладить throttle?
624,Frontend,Frontend / JavaScript,Middle,Приведите production-пример использования event delegation.
625,Frontend,Frontend / JavaScript,Middle,Сравните AbortController с альтернативным подходом.
626,Frontend,Frontend / JavaScript,Middle,Какие ошибки часто допускают при работе с race conditions?
627,Frontend,Frontend / JavaScript,Middle,"Как протестировать код, связанный с memory leaks?"
628,Frontend,Frontend / JavaScript,Middle,Как оптимизировать решение с использованием garbage collection?
629,Frontend,Frontend / JavaScript,Middle,Как тема currying связана с производительностью?
630,Frontend,Frontend / JavaScript,Middle,Как тема memoization связана с безопасностью?
631,Frontend,Frontend / JavaScript,Middle,Объясните functional composition.
632,Frontend,Frontend / JavaScript,Middle,Какие проблемы возникают при использовании destructuring?
633,Frontend,Frontend / JavaScript,Middle,Как проверить и отладить optional chaining?
634,Frontend,Frontend / JavaScript,Middle,Приведите production-пример использования nullish coalescing.
635,Frontend,Frontend / JavaScript,Middle,Сравните strict mode с альтернативным подходом.
636,Frontend,Frontend / JavaScript,Middle,Какие ошибки часто допускают при работе с equality?
637,Frontend,Frontend / JavaScript,Middle,"Как протестировать код, связанный с coercion?"
638,Frontend,Frontend / JavaScript,Middle,Как оптимизировать решение с использованием exception handling?
639,Frontend,Frontend / JavaScript,Middle,Как тема web workers связана с производительностью?
640,Frontend,Frontend / JavaScript,Middle,Как тема internationalization связана с безопасностью?
641,Frontend,Frontend / JavaScript,Middle,Объясните closures.
642,Frontend,Frontend / JavaScript,Middle,Какие проблемы возникают при использовании event loop?
643,Frontend,Frontend / JavaScript,Middle,Как проверить и отладить microtasks?
644,Frontend,Frontend / JavaScript,Middle,Приведите production-пример использования macrotasks.
645,Frontend,Frontend / JavaScript,Middle,Сравните promises с альтернативным подходом.
646,Frontend,Frontend / JavaScript,Middle,Какие ошибки часто допускают при работе с async/await?
647,Frontend,Frontend / JavaScript,Middle,"Как протестировать код, связанный с prototype chain?"
648,Frontend,Frontend / JavaScript,Middle,Как оптимизировать решение с использованием this?
649,Frontend,Frontend / JavaScript,Middle,Как тема bind/call/apply связана с производительностью?
650,Frontend,Frontend / JavaScript,Middle,Как тема hoisting связана с безопасностью?
651,Frontend,Frontend / JavaScript,Middle,Объясните modules.
652,Frontend,Frontend / JavaScript,Middle,Какие проблемы возникают при использовании ESM vs CommonJS?
653,Frontend,Frontend / JavaScript,Middle,Как проверить и отладить iterators?
654,Frontend,Frontend / JavaScript,Middle,Приведите production-пример использования generators.
655,Frontend,Frontend / JavaScript,Middle,Сравните symbols с альтернативным подходом.
656,Frontend,Frontend / JavaScript,Middle,Какие ошибки часто допускают при работе с Map?
657,Frontend,Frontend / JavaScript,Middle,"Как протестировать код, связанный с Set?"
658,Frontend,Frontend / JavaScript,Middle,Как оптимизировать решение с использованием WeakMap?
659,Frontend,Frontend / JavaScript,Middle,Как тема immutability связана с производительностью?
660,Frontend,Frontend / JavaScript,Middle,Как тема deep clone связана с безопасностью?
661,Frontend,Frontend / JavaScript,Middle,Объясните structuredClone.
662,Frontend,Frontend / JavaScript,Middle,Какие проблемы возникают при использовании debounce?
663,Frontend,Frontend / JavaScript,Middle,Как проверить и отладить throttle?
664,Frontend,Frontend / JavaScript,Middle,Приведите production-пример использования event delegation.
665,Frontend,Frontend / JavaScript,Middle,Сравните AbortController с альтернативным подходом.
666,Frontend,Frontend / JavaScript,Middle,Какие ошибки часто допускают при работе с race conditions?
667,Frontend,Frontend / JavaScript,Middle,"Как протестировать код, связанный с memory leaks?"
668,Frontend,Frontend / JavaScript,Middle,Как оптимизировать решение с использованием garbage collection?
669,Frontend,Frontend / JavaScript,Middle,Как тема currying связана с производительностью?
670,Frontend,Frontend / JavaScript,Middle,Как тема memoization связана с безопасностью?
671,Frontend,Frontend / JavaScript,Middle,Объясните functional composition.
672,Frontend,Frontend / JavaScript,Middle,Какие проблемы возникают при использовании destructuring?
673,Frontend,Frontend / JavaScript,Middle,Как проверить и отладить optional chaining?
674,Frontend,Frontend / JavaScript,Middle,Приведите production-пример использования nullish coalescing.
675,Frontend,Frontend / JavaScript,Middle,Сравните strict mode с альтернативным подходом.
676,Frontend,Frontend / JavaScript,Middle,Какие ошибки часто допускают при работе с equality?
677,Frontend,Frontend / JavaScript,Middle,"Как протестировать код, связанный с coercion?"
678,Frontend,Frontend / JavaScript,Middle,Как оптимизировать решение с использованием exception handling?
679,Frontend,Frontend / JavaScript,Middle,Как тема web workers связана с производительностью?
680,Frontend,Frontend / JavaScript,Middle,Как тема internationalization связана с безопасностью?
681,Frontend,Frontend / JavaScript,Middle,Объясните closures.
682,Frontend,Frontend / JavaScript,Middle,Какие проблемы возникают при использовании event loop?
683,Frontend,Frontend / JavaScript,Middle,Как проверить и отладить microtasks?
684,Frontend,Frontend / JavaScript,Middle,Приведите production-пример использования macrotasks.
685,Frontend,Frontend / JavaScript,Middle,Сравните promises с альтернативным подходом.
686,Frontend,Frontend / JavaScript,Middle,Какие ошибки часто допускают при работе с async/await?
687,Frontend,Frontend / JavaScript,Middle,"Как протестировать код, связанный с prototype chain?"
688,Frontend,Frontend / JavaScript,Middle,Как оптимизировать решение с использованием this?
689,Frontend,Frontend / JavaScript,Middle,Как тема bind/call/apply связана с производительностью?
690,Frontend,Frontend / JavaScript,Middle,Как тема hoisting связана с безопасностью?
691,Frontend,Frontend / JavaScript,Middle,Объясните modules.
692,Frontend,Frontend / JavaScript,Middle,Какие проблемы возникают при использовании ESM vs CommonJS?
693,Frontend,Frontend / JavaScript,Middle,Как проверить и отладить iterators?
694,Frontend,Frontend / JavaScript,Middle,Приведите production-пример использования generators.
695,Frontend,Frontend / JavaScript,Middle,Сравните symbols с альтернативным подходом.
696,Frontend,Frontend / JavaScript,Middle,Какие ошибки часто допускают при работе с Map?
697,Frontend,Frontend / JavaScript,Middle,"Как протестировать код, связанный с Set?"
698,Frontend,Frontend / JavaScript,Middle,Как оптимизировать решение с использованием WeakMap?
699,Frontend,Frontend / JavaScript,Middle,Как тема immutability связана с производительностью?
700,Frontend,Frontend / JavaScript,Middle,Как тема deep clone связана с безопасностью?
701,Frontend,Frontend / JavaScript,Middle,Объясните structuredClone.
702,Frontend,Frontend / JavaScript,Middle,Какие проблемы возникают при использовании debounce?
703,Frontend,Frontend / JavaScript,Middle,Как проверить и отладить throttle?
704,Frontend,Frontend / JavaScript,Middle,Приведите production-пример использования event delegation.
705,Frontend,Frontend / JavaScript,Middle,Сравните AbortController с альтернативным подходом.
706,Frontend,Frontend / JavaScript,Middle,Какие ошибки часто допускают при работе с race conditions?
707,Frontend,Frontend / JavaScript,Middle,"Как протестировать код, связанный с memory leaks?"
708,Frontend,Frontend / JavaScript,Middle,Как оптимизировать решение с использованием garbage collection?
709,Frontend,Frontend / JavaScript,Middle,Как тема currying связана с производительностью?
710,Frontend,Frontend / JavaScript,Middle,Как тема memoization связана с безопасностью?
711,Frontend,Frontend / JavaScript,Middle,Объясните functional composition.
712,Frontend,Frontend / JavaScript,Middle,Какие проблемы возникают при использовании destructuring?
713,Frontend,Frontend / JavaScript,Middle,Как проверить и отладить optional chaining?
714,Frontend,Frontend / JavaScript,Middle,Приведите production-пример использования nullish coalescing.
715,Frontend,Frontend / JavaScript,Middle,Сравните strict mode с альтернативным подходом.
716,Frontend,Frontend / JavaScript,Middle,Какие ошибки часто допускают при работе с equality?
717,Frontend,Frontend / JavaScript,Middle,"Как протестировать код, связанный с coercion?"
718,Frontend,Frontend / JavaScript,Middle,Как оптимизировать решение с использованием exception handling?
719,Frontend,Frontend / JavaScript,Middle,Как тема web workers связана с производительностью?
720,Frontend,Frontend / JavaScript,Middle,Как тема internationalization связана с безопасностью?
721,Frontend,Frontend / JavaScript,Middle,Объясните closures.
722,Frontend,Frontend / JavaScript,Middle,Какие проблемы возникают при использовании event loop?
723,Frontend,Frontend / JavaScript,Middle,Как проверить и отладить microtasks?
724,Frontend,Frontend / JavaScript,Middle,Приведите production-пример использования macrotasks.
725,Frontend,Frontend / JavaScript,Middle,Сравните promises с альтернативным подходом.
726,Frontend,Frontend / JavaScript,Middle,Какие ошибки часто допускают при работе с async/await?
727,Frontend,Frontend / JavaScript,Middle,"Как протестировать код, связанный с prototype chain?"
728,Frontend,Frontend / JavaScript,Middle,Как оптимизировать решение с использованием this?
729,Frontend,Frontend / JavaScript,Middle,Как тема bind/call/apply связана с производительностью?
730,Frontend,Frontend / JavaScript,Middle,Как тема hoisting связана с безопасностью?
731,Frontend,Frontend / JavaScript,Middle,Объясните modules.
732,Frontend,Frontend / JavaScript,Middle,Какие проблемы возникают при использовании ESM vs CommonJS?
733,Frontend,Frontend / JavaScript,Middle,Как проверить и отладить iterators?
734,Frontend,Frontend / JavaScript,Middle,Приведите production-пример использования generators.
735,Frontend,Frontend / JavaScript,Middle,Сравните symbols с альтернативным подходом.
736,Frontend,Frontend / JavaScript,Middle,Какие ошибки часто допускают при работе с Map?
737,Frontend,Frontend / JavaScript,Middle,"Как протестировать код, связанный с Set?"
738,Frontend,Frontend / JavaScript,Middle,Как оптимизировать решение с использованием WeakMap?
739,Frontend,Frontend / JavaScript,Middle,Как тема immutability связана с производительностью?
740,Frontend,Frontend / JavaScript,Middle,Как тема deep clone связана с безопасностью?
741,Frontend,Frontend / JavaScript,Middle,Объясните structuredClone.
742,Frontend,Frontend / JavaScript,Middle,Какие проблемы возникают при использовании debounce?
743,Frontend,Frontend / JavaScript,Middle,Как проверить и отладить throttle?
744,Frontend,Frontend / JavaScript,Middle,Приведите production-пример использования event delegation.
745,Frontend,Frontend / JavaScript,Middle,Сравните AbortController с альтернативным подходом.
746,Frontend,Frontend / JavaScript,Middle,Какие ошибки часто допускают при работе с race conditions?
747,Frontend,Frontend / JavaScript,Middle,"Как протестировать код, связанный с memory leaks?"
748,Frontend,Frontend / JavaScript,Middle,Как оптимизировать решение с использованием garbage collection?
749,Frontend,Frontend / JavaScript,Middle,Как тема currying связана с производительностью?
750,Frontend,Frontend / JavaScript,Middle,Как тема memoization связана с безопасностью?
751,Frontend,Frontend / JavaScript,Senior,Объясните functional composition.
752,Frontend,Frontend / JavaScript,Senior,Какие проблемы возникают при использовании destructuring?
753,Frontend,Frontend / JavaScript,Senior,Как проверить и отладить optional chaining?
754,Frontend,Frontend / JavaScript,Senior,Приведите production-пример использования nullish coalescing.
755,Frontend,Frontend / JavaScript,Senior,Сравните strict mode с альтернативным подходом.
756,Frontend,Frontend / JavaScript,Senior,Какие ошибки часто допускают при работе с equality?
757,Frontend,Frontend / JavaScript,Senior,"Как протестировать код, связанный с coercion?"
758,Frontend,Frontend / JavaScript,Senior,Как оптимизировать решение с использованием exception handling?
759,Frontend,Frontend / JavaScript,Senior,Как тема web workers связана с производительностью?
760,Frontend,Frontend / JavaScript,Senior,Как тема internationalization связана с безопасностью?
761,Frontend,Frontend / JavaScript,Senior,Объясните closures.
762,Frontend,Frontend / JavaScript,Senior,Какие проблемы возникают при использовании event loop?
763,Frontend,Frontend / JavaScript,Senior,Как проверить и отладить microtasks?
764,Frontend,Frontend / JavaScript,Senior,Приведите production-пример использования macrotasks.
765,Frontend,Frontend / JavaScript,Senior,Сравните promises с альтернативным подходом.
766,Frontend,Frontend / JavaScript,Senior,Какие ошибки часто допускают при работе с async/await?
767,Frontend,Frontend / JavaScript,Senior,"Как протестировать код, связанный с prototype chain?"
768,Frontend,Frontend / JavaScript,Senior,Как оптимизировать решение с использованием this?
769,Frontend,Frontend / JavaScript,Senior,Как тема bind/call/apply связана с производительностью?
770,Frontend,Frontend / JavaScript,Senior,Как тема hoisting связана с безопасностью?
771,Frontend,Frontend / JavaScript,Senior,Объясните modules.
772,Frontend,Frontend / JavaScript,Senior,Какие проблемы возникают при использовании ESM vs CommonJS?
773,Frontend,Frontend / JavaScript,Senior,Как проверить и отладить iterators?
774,Frontend,Frontend / JavaScript,Senior,Приведите production-пример использования generators.
775,Frontend,Frontend / JavaScript,Senior,Сравните symbols с альтернативным подходом.
776,Frontend,Frontend / JavaScript,Senior,Какие ошибки часто допускают при работе с Map?
777,Frontend,Frontend / JavaScript,Senior,"Как протестировать код, связанный с Set?"
778,Frontend,Frontend / JavaScript,Senior,Как оптимизировать решение с использованием WeakMap?
779,Frontend,Frontend / JavaScript,Senior,Как тема immutability связана с производительностью?
780,Frontend,Frontend / JavaScript,Senior,Как тема deep clone связана с безопасностью?
781,Frontend,Frontend / JavaScript,Senior,Объясните structuredClone.
782,Frontend,Frontend / JavaScript,Senior,Какие проблемы возникают при использовании debounce?
783,Frontend,Frontend / JavaScript,Senior,Как проверить и отладить throttle?
784,Frontend,Frontend / JavaScript,Senior,Приведите production-пример использования event delegation.
785,Frontend,Frontend / JavaScript,Senior,Сравните AbortController с альтернативным подходом.
786,Frontend,Frontend / JavaScript,Senior,Какие ошибки часто допускают при работе с race conditions?
787,Frontend,Frontend / JavaScript,Senior,"Как протестировать код, связанный с memory leaks?"
788,Frontend,Frontend / JavaScript,Senior,Как оптимизировать решение с использованием garbage collection?
789,Frontend,Frontend / JavaScript,Senior,Как тема currying связана с производительностью?
790,Frontend,Frontend / JavaScript,Senior,Как тема memoization связана с безопасностью?
791,Frontend,Frontend / JavaScript,Senior,Объясните functional composition.
792,Frontend,Frontend / JavaScript,Senior,Какие проблемы возникают при использовании destructuring?
793,Frontend,Frontend / JavaScript,Senior,Как проверить и отладить optional chaining?
794,Frontend,Frontend / JavaScript,Senior,Приведите production-пример использования nullish coalescing.
795,Frontend,Frontend / JavaScript,Senior,Сравните strict mode с альтернативным подходом.
796,Frontend,Frontend / JavaScript,Senior,Какие ошибки часто допускают при работе с equality?
797,Frontend,Frontend / JavaScript,Senior,"Как протестировать код, связанный с coercion?"
798,Frontend,Frontend / JavaScript,Senior,Как оптимизировать решение с использованием exception handling?
799,Frontend,Frontend / JavaScript,Senior,Как тема web workers связана с производительностью?
800,Frontend,Frontend / JavaScript,Senior,Как тема internationalization связана с безопасностью?
801,Frontend,Frontend / JavaScript,Senior,Объясните closures.
802,Frontend,Frontend / JavaScript,Senior,Какие проблемы возникают при использовании event loop?
803,Frontend,Frontend / JavaScript,Senior,Как проверить и отладить microtasks?
804,Frontend,Frontend / JavaScript,Senior,Приведите production-пример использования macrotasks.
805,Frontend,Frontend / JavaScript,Senior,Сравните promises с альтернативным подходом.
806,Frontend,Frontend / JavaScript,Senior,Какие ошибки часто допускают при работе с async/await?
807,Frontend,Frontend / JavaScript,Senior,"Как протестировать код, связанный с prototype chain?"
808,Frontend,Frontend / JavaScript,Senior,Как оптимизировать решение с использованием this?
809,Frontend,Frontend / JavaScript,Senior,Как тема bind/call/apply связана с производительностью?
810,Frontend,Frontend / JavaScript,Senior,Как тема hoisting связана с безопасностью?
811,Frontend,Frontend / JavaScript,Senior,Объясните modules.
812,Frontend,Frontend / JavaScript,Senior,Какие проблемы возникают при использовании ESM vs CommonJS?
813,Frontend,Frontend / JavaScript,Senior,Как проверить и отладить iterators?
814,Frontend,Frontend / JavaScript,Senior,Приведите production-пример использования generators.
815,Frontend,Frontend / JavaScript,Senior,Сравните symbols с альтернативным подходом.
816,Frontend,Frontend / JavaScript,Senior,Какие ошибки часто допускают при работе с Map?
817,Frontend,Frontend / JavaScript,Senior,"Как протестировать код, связанный с Set?"
818,Frontend,Frontend / JavaScript,Senior,Как оптимизировать решение с использованием WeakMap?
819,Frontend,Frontend / JavaScript,Senior,Как тема immutability связана с производительностью?
820,Frontend,Frontend / JavaScript,Senior,Как тема deep clone связана с безопасностью?
821,Frontend,Frontend / JavaScript,Senior,Объясните structuredClone.
822,Frontend,Frontend / JavaScript,Senior,Какие проблемы возникают при использовании debounce?
823,Frontend,Frontend / JavaScript,Senior,Как проверить и отладить throttle?
824,Frontend,Frontend / JavaScript,Senior,Приведите production-пример использования event delegation.
825,Frontend,Frontend / JavaScript,Senior,Сравните AbortController с альтернативным подходом.
826,Frontend,Frontend / JavaScript,Senior,Какие ошибки часто допускают при работе с race conditions?
827,Frontend,Frontend / JavaScript,Senior,"Как протестировать код, связанный с memory leaks?"
828,Frontend,Frontend / JavaScript,Senior,Как оптимизировать решение с использованием garbage collection?
829,Frontend,Frontend / JavaScript,Senior,Как тема currying связана с производительностью?
830,Frontend,Frontend / JavaScript,Senior,Как тема memoization связана с безопасностью?
831,Frontend,Frontend / JavaScript,Senior,Объясните functional composition.
832,Frontend,Frontend / JavaScript,Senior,Какие проблемы возникают при использовании destructuring?
833,Frontend,Frontend / JavaScript,Senior,Как проверить и отладить optional chaining?
834,Frontend,Frontend / JavaScript,Senior,Приведите production-пример использования nullish coalescing.
835,Frontend,Frontend / JavaScript,Senior,Сравните strict mode с альтернативным подходом.
836,Frontend,Frontend / JavaScript,Senior,Какие ошибки часто допускают при работе с equality?
837,Frontend,Frontend / JavaScript,Senior,"Как протестировать код, связанный с coercion?"
838,Frontend,Frontend / JavaScript,Senior,Как оптимизировать решение с использованием exception handling?
839,Frontend,Frontend / JavaScript,Senior,Как тема web workers связана с производительностью?
840,Frontend,Frontend / JavaScript,Senior,Как тема internationalization связана с безопасностью?
841,Frontend,Frontend / JavaScript,Senior,Объясните closures.
842,Frontend,Frontend / JavaScript,Senior,Какие проблемы возникают при использовании event loop?
843,Frontend,Frontend / JavaScript,Senior,Как проверить и отладить microtasks?
844,Frontend,Frontend / JavaScript,Senior,Приведите production-пример использования macrotasks.
845,Frontend,Frontend / JavaScript,Senior,Сравните promises с альтернативным подходом.
846,Frontend,Frontend / JavaScript,Senior,Какие ошибки часто допускают при работе с async/await?
847,Frontend,Frontend / JavaScript,Senior,"Как протестировать код, связанный с prototype chain?"
848,Frontend,Frontend / JavaScript,Senior,Как оптимизировать решение с использованием this?
849,Frontend,Frontend / JavaScript,Senior,Как тема bind/call/apply связана с производительностью?
850,Frontend,Frontend / JavaScript,Senior,Как тема hoisting связана с безопасностью?
851,Frontend,Frontend / JavaScript,Senior,Объясните modules.
852,Frontend,Frontend / JavaScript,Senior,Какие проблемы возникают при использовании ESM vs CommonJS?
853,Frontend,Frontend / JavaScript,Senior,Как проверить и отладить iterators?
854,Frontend,Frontend / JavaScript,Senior,Приведите production-пример использования generators.
855,Frontend,Frontend / JavaScript,Senior,Сравните symbols с альтернативным подходом.
856,Frontend,Frontend / JavaScript,Senior,Какие ошибки часто допускают при работе с Map?
857,Frontend,Frontend / JavaScript,Senior,"Как протестировать код, связанный с Set?"
858,Frontend,Frontend / JavaScript,Senior,Как оптимизировать решение с использованием WeakMap?
859,Frontend,Frontend / JavaScript,Senior,Как тема immutability связана с производительностью?
860,Frontend,Frontend / JavaScript,Senior,Как тема deep clone связана с безопасностью?
861,Frontend,Frontend / JavaScript,Senior,Объясните structuredClone.
862,Frontend,Frontend / JavaScript,Senior,Какие проблемы возникают при использовании debounce?
863,Frontend,Frontend / JavaScript,Senior,Как проверить и отладить throttle?
864,Frontend,Frontend / JavaScript,Senior,Приведите production-пример использования event delegation.
865,Frontend,Frontend / JavaScript,Senior,Сравните AbortController с альтернативным подходом.
866,Frontend,Frontend / JavaScript,Senior,Какие ошибки часто допускают при работе с race conditions?
867,Frontend,Frontend / JavaScript,Senior,"Как протестировать код, связанный с memory leaks?"
868,Frontend,Frontend / JavaScript,Senior,Как оптимизировать решение с использованием garbage collection?
869,Frontend,Frontend / JavaScript,Senior,Как тема currying связана с производительностью?
870,Frontend,Frontend / JavaScript,Senior,Как тема memoization связана с безопасностью?
871,Frontend,Frontend / JavaScript,Senior,Объясните functional composition.
872,Frontend,Frontend / JavaScript,Senior,Какие проблемы возникают при использовании destructuring?
873,Frontend,Frontend / JavaScript,Senior,Как проверить и отладить optional chaining?
874,Frontend,Frontend / JavaScript,Senior,Приведите production-пример использования nullish coalescing.
875,Frontend,Frontend / JavaScript,Senior,Сравните strict mode с альтернативным подходом.
876,Frontend,Frontend / JavaScript,Senior,Какие ошибки часто допускают при работе с equality?
877,Frontend,Frontend / JavaScript,Senior,"Как протестировать код, связанный с coercion?"
878,Frontend,Frontend / JavaScript,Senior,Как оптимизировать решение с использованием exception handling?
879,Frontend,Frontend / JavaScript,Senior,Как тема web workers связана с производительностью?
880,Frontend,Frontend / JavaScript,Senior,Как тема internationalization связана с безопасностью?
881,Frontend,Frontend / JavaScript,Senior,Объясните closures.
882,Frontend,Frontend / JavaScript,Senior,Какие проблемы возникают при использовании event loop?
883,Frontend,Frontend / JavaScript,Senior,Как проверить и отладить microtasks?
884,Frontend,Frontend / JavaScript,Senior,Приведите production-пример использования macrotasks.
885,Frontend,Frontend / JavaScript,Senior,Сравните promises с альтернативным подходом.
886,Frontend,Frontend / JavaScript,Senior,Какие ошибки часто допускают при работе с async/await?
887,Frontend,Frontend / JavaScript,Senior,"Как протестировать код, связанный с prototype chain?"
888,Frontend,Frontend / JavaScript,Senior,Как оптимизировать решение с использованием this?
889,Frontend,Frontend / JavaScript,Senior,Как тема bind/call/apply связана с производительностью?
890,Frontend,Frontend / JavaScript,Senior,Как тема hoisting связана с безопасностью?
891,Frontend,Frontend / JavaScript,Senior,Объясните modules.
892,Frontend,Frontend / JavaScript,Senior,Какие проблемы возникают при использовании ESM vs CommonJS?
893,Frontend,Frontend / JavaScript,Senior,Как проверить и отладить iterators?
894,Frontend,Frontend / JavaScript,Senior,Приведите production-пример использования generators.
895,Frontend,Frontend / JavaScript,Senior,Сравните symbols с альтернативным подходом.
896,Frontend,Frontend / JavaScript,Senior,Какие ошибки часто допускают при работе с Map?
897,Frontend,Frontend / JavaScript,Senior,"Как протестировать код, связанный с Set?"
898,Frontend,Frontend / JavaScript,Senior,Как оптимизировать решение с использованием WeakMap?
899,Frontend,Frontend / JavaScript,Senior,Как тема immutability связана с производительностью?
900,Frontend,Frontend / JavaScript,Senior,Как тема deep clone связана с безопасностью?
901,Frontend,Frontend / JavaScript,Senior,Объясните structuredClone.
902,Frontend,Frontend / JavaScript,Senior,Какие проблемы возникают при использовании debounce?
903,Frontend,Frontend / JavaScript,Senior,Как проверить и отладить throttle?
904,Frontend,Frontend / JavaScript,Senior,Приведите production-пример использования event delegation.
905,Frontend,Frontend / JavaScript,Senior,Сравните AbortController с альтернативным подходом.
906,Frontend,Frontend / JavaScript,Senior,Какие ошибки часто допускают при работе с race conditions?
907,Frontend,Frontend / JavaScript,Senior,"Как протестировать код, связанный с memory leaks?"
908,Frontend,Frontend / JavaScript,Senior,Как оптимизировать решение с использованием garbage collection?
909,Frontend,Frontend / JavaScript,Senior,Как тема currying связана с производительностью?
910,Frontend,Frontend / JavaScript,Senior,Как тема memoization связана с безопасностью?
911,Frontend,Frontend / JavaScript,Senior,Объясните functional composition.
912,Frontend,Frontend / JavaScript,Senior,Какие проблемы возникают при использовании destructuring?
913,Frontend,Frontend / JavaScript,Senior,Как проверить и отладить optional chaining?
914,Frontend,Frontend / JavaScript,Senior,Приведите production-пример использования nullish coalescing.
915,Frontend,Frontend / JavaScript,Senior,Сравните strict mode с альтернативным подходом.
916,Frontend,Frontend / JavaScript,Senior,Какие ошибки часто допускают при работе с equality?
917,Frontend,Frontend / JavaScript,Senior,"Как протестировать код, связанный с coercion?"
918,Frontend,Frontend / JavaScript,Senior,Как оптимизировать решение с использованием exception handling?
919,Frontend,Frontend / JavaScript,Senior,Как тема web workers связана с производительностью?
920,Frontend,Frontend / JavaScript,Senior,Как тема internationalization связана с безопасностью?
921,Frontend,Frontend / JavaScript,Senior,Объясните closures.
922,Frontend,Frontend / JavaScript,Senior,Какие проблемы возникают при использовании event loop?
923,Frontend,Frontend / JavaScript,Senior,Как проверить и отладить microtasks?
924,Frontend,Frontend / JavaScript,Senior,Приведите production-пример использования macrotasks.
925,Frontend,Frontend / JavaScript,Senior,Сравните promises с альтернативным подходом.
926,Frontend,Frontend / JavaScript,Senior,Какие ошибки часто допускают при работе с async/await?
927,Frontend,Frontend / JavaScript,Senior,"Как протестировать код, связанный с prototype chain?"
928,Frontend,Frontend / JavaScript,Senior,Как оптимизировать решение с использованием this?
929,Frontend,Frontend / JavaScript,Senior,Как тема bind/call/apply связана с производительностью?
930,Frontend,Frontend / JavaScript,Senior,Как тема hoisting связана с безопасностью?
931,Frontend,Frontend / JavaScript,Senior,Объясните modules.
932,Frontend,Frontend / JavaScript,Senior,Какие проблемы возникают при использовании ESM vs CommonJS?
933,Frontend,Frontend / JavaScript,Senior,Как проверить и отладить iterators?
934,Frontend,Frontend / JavaScript,Senior,Приведите production-пример использования generators.
935,Frontend,Frontend / JavaScript,Senior,Сравните symbols с альтернативным подходом.
936,Frontend,Frontend / JavaScript,Senior,Какие ошибки часто допускают при работе с Map?
937,Frontend,Frontend / JavaScript,Senior,"Как протестировать код, связанный с Set?"
938,Frontend,Frontend / JavaScript,Senior,Как оптимизировать решение с использованием WeakMap?
939,Frontend,Frontend / JavaScript,Senior,Как тема immutability связана с производительностью?
940,Frontend,Frontend / JavaScript,Senior,Как тема deep clone связана с безопасностью?
941,Frontend,Frontend / JavaScript,Senior,Объясните structuredClone.
942,Frontend,Frontend / JavaScript,Senior,Какие проблемы возникают при использовании debounce?
943,Frontend,Frontend / JavaScript,Senior,Как проверить и отладить throttle?
944,Frontend,Frontend / JavaScript,Senior,Приведите production-пример использования event delegation.
945,Frontend,Frontend / JavaScript,Senior,Сравните AbortController с альтернативным подходом.
946,Frontend,Frontend / JavaScript,Senior,Какие ошибки часто допускают при работе с race conditions?
947,Frontend,Frontend / JavaScript,Senior,"Как протестировать код, связанный с memory leaks?"
948,Frontend,Frontend / JavaScript,Senior,Как оптимизировать решение с использованием garbage collection?
949,Frontend,Frontend / JavaScript,Senior,Как тема currying связана с производительностью?
950,Frontend,Frontend / JavaScript,Senior,Как тема memoization связана с безопасностью?
951,Frontend,Frontend / JavaScript,Senior,Объясните functional composition.
952,Frontend,Frontend / JavaScript,Senior,Какие проблемы возникают при использовании destructuring?
953,Frontend,Frontend / JavaScript,Senior,Как проверить и отладить optional chaining?
954,Frontend,Frontend / JavaScript,Senior,Приведите production-пример использования nullish coalescing.
955,Frontend,Frontend / JavaScript,Senior,Сравните strict mode с альтернативным подходом.
956,Frontend,Frontend / JavaScript,Senior,Какие ошибки часто допускают при работе с equality?
957,Frontend,Frontend / JavaScript,Senior,"Как протестировать код, связанный с coercion?"
958,Frontend,Frontend / JavaScript,Senior,Как оптимизировать решение с использованием exception handling?
959,Frontend,Frontend / JavaScript,Senior,Как тема web workers связана с производительностью?
960,Frontend,Frontend / JavaScript,Senior,Как тема internationalization связана с безопасностью?
961,Frontend,Frontend / JavaScript,Senior,Объясните closures.
962,Frontend,Frontend / JavaScript,Senior,Какие проблемы возникают при использовании event loop?
963,Frontend,Frontend / JavaScript,Senior,Как проверить и отладить microtasks?
964,Frontend,Frontend / JavaScript,Senior,Приведите production-пример использования macrotasks.
965,Frontend,Frontend / JavaScript,Senior,Сравните promises с альтернативным подходом.
966,Frontend,Frontend / JavaScript,Senior,Какие ошибки часто допускают при работе с async/await?
967,Frontend,Frontend / JavaScript,Senior,"Как протестировать код, связанный с prototype chain?"
968,Frontend,Frontend / JavaScript,Senior,Как оптимизировать решение с использованием this?
969,Frontend,Frontend / JavaScript,Senior,Как тема bind/call/apply связана с производительностью?
970,Frontend,Frontend / JavaScript,Senior,Как тема hoisting связана с безопасностью?
971,Frontend,Frontend / JavaScript,Senior,Объясните modules.
972,Frontend,Frontend / JavaScript,Senior,Какие проблемы возникают при использовании ESM vs CommonJS?
973,Frontend,Frontend / JavaScript,Senior,Как проверить и отладить iterators?
974,Frontend,Frontend / JavaScript,Senior,Приведите production-пример использования generators.
975,Frontend,Frontend / JavaScript,Senior,Сравните symbols с альтернативным подходом.
976,Frontend,Frontend / JavaScript,Senior,Какие ошибки часто допускают при работе с Map?
977,Frontend,Frontend / JavaScript,Senior,"Как протестировать код, связанный с Set?"
978,Frontend,Frontend / JavaScript,Senior,Как оптимизировать решение с использованием WeakMap?
979,Frontend,Frontend / JavaScript,Senior,Как тема immutability связана с производительностью?
980,Frontend,Frontend / JavaScript,Senior,Как тема deep clone связана с безопасностью?
981,Frontend,Frontend / JavaScript,Senior,Объясните structuredClone.
982,Frontend,Frontend / JavaScript,Senior,Какие проблемы возникают при использовании debounce?
983,Frontend,Frontend / JavaScript,Senior,Как проверить и отладить throttle?
984,Frontend,Frontend / JavaScript,Senior,Приведите production-пример использования event delegation.
985,Frontend,Frontend / JavaScript,Senior,Сравните AbortController с альтернативным подходом.
986,Frontend,Frontend / JavaScript,Senior,Какие ошибки часто допускают при работе с race conditions?
987,Frontend,Frontend / JavaScript,Senior,"Как протестировать код, связанный с memory leaks?"
988,Frontend,Frontend / JavaScript,Senior,Как оптимизировать решение с использованием garbage collection?
989,Frontend,Frontend / JavaScript,Senior,Как тема currying связана с производительностью?
990,Frontend,Frontend / JavaScript,Senior,Как тема memoization связана с безопасностью?
991,Frontend,Frontend / JavaScript,Senior,Объясните functional composition.
992,Frontend,Frontend / JavaScript,Senior,Какие проблемы возникают при использовании destructuring?
993,Frontend,Frontend / JavaScript,Senior,Как проверить и отладить optional chaining?
994,Frontend,Frontend / JavaScript,Senior,Приведите production-пример использования nullish coalescing.
995,Frontend,Frontend / JavaScript,Senior,Сравните strict mode с альтернативным подходом.
996,Frontend,Frontend / JavaScript,Senior,Какие ошибки часто допускают при работе с equality?
997,Frontend,Frontend / JavaScript,Senior,"Как протестировать код, связанный с coercion?"
998,Frontend,Frontend / JavaScript,Senior,Как оптимизировать решение с использованием exception handling?
999,Frontend,Frontend / JavaScript,Senior,Как тема web workers связана с производительностью?
1000,Frontend,Frontend / JavaScript,Senior,Как тема internationalization связана с безопасностью?
1001,Frontend,Frontend / TypeScript,Junior,Что такое interfaces?
1002,Frontend,Frontend / TypeScript,Junior,Когда следует использовать type aliases?
1003,Frontend,Frontend / TypeScript,Junior,Какие ограничения есть у generics?
1004,Frontend,Frontend / TypeScript,Junior,Как типизировать решение с помощью union types?
1005,Frontend,Frontend / TypeScript,Junior,Какие ошибки компилятора помогает обнаружить intersection types?
1006,Frontend,Frontend / TypeScript,Junior,Сравните literal types с похожей конструкцией.
1007,Frontend,Frontend / TypeScript,Junior,Как использовать enums в большом проекте?
1008,Frontend,Frontend / TypeScript,Junior,Как тестировать код с unknown?
1009,Frontend,Frontend / TypeScript,Junior,Как мигрировать к any с JavaScript?
1010,Frontend,Frontend / TypeScript,Junior,Приведите пример сложного случая с never.
1011,Frontend,Frontend / TypeScript,Junior,Что такое void?
1012,Frontend,Frontend / TypeScript,Junior,Когда следует использовать type guards?
1013,Frontend,Frontend / TypeScript,Junior,Какие ограничения есть у type predicates?
1014,Frontend,Frontend / TypeScript,Junior,Как типизировать решение с помощью discriminated unions?
1015,Frontend,Frontend / TypeScript,Junior,Какие ошибки компилятора помогает обнаружить mapped types?
1016,Frontend,Frontend / TypeScript,Junior,Сравните conditional types с похожей конструкцией.
1017,Frontend,Frontend / TypeScript,Junior,Как использовать utility types в большом проекте?
1018,Frontend,Frontend / TypeScript,Junior,Как тестировать код с keyof?
1019,Frontend,Frontend / TypeScript,Junior,Как мигрировать к typeof с JavaScript?
1020,Frontend,Frontend / TypeScript,Junior,Приведите пример сложного случая с indexed access types.
1021,Frontend,Frontend / TypeScript,Junior,Что такое template literal types?
1022,Frontend,Frontend / TypeScript,Junior,Когда следует использовать declaration merging?
1023,Frontend,Frontend / TypeScript,Junior,Какие ограничения есть у module augmentation?
1024,Frontend,Frontend / TypeScript,Junior,Как типизировать решение с помощью decorators?
1025,Frontend,Frontend / TypeScript,Junior,Какие ошибки компилятора помогает обнаружить strict mode?
1026,Frontend,Frontend / TypeScript,Junior,Сравните tsconfig с похожей конструкцией.
1027,Frontend,Frontend / TypeScript,Junior,Как использовать declaration files в большом проекте?
1028,Frontend,Frontend / TypeScript,Junior,Как тестировать код с type inference?
1029,Frontend,Frontend / TypeScript,Junior,Как мигрировать к structural typing с JavaScript?
1030,Frontend,Frontend / TypeScript,Junior,Приведите пример сложного случая с variance.
1031,Frontend,Frontend / TypeScript,Junior,Что такое runtime validation?
1032,Frontend,Frontend / TypeScript,Junior,Когда следует использовать Zod integration?
1033,Frontend,Frontend / TypeScript,Junior,Какие ограничения есть у API typing?
1034,Frontend,Frontend / TypeScript,Junior,Как типизировать решение с помощью React event types?
1035,Frontend,Frontend / TypeScript,Junior,Какие ошибки компилятора помогает обнаружить generic components?
1036,Frontend,Frontend / TypeScript,Junior,Сравните generic hooks с похожей конструкцией.
1037,Frontend,Frontend / TypeScript,Junior,Как использовать monorepo types в большом проекте?
1038,Frontend,Frontend / TypeScript,Junior,Как тестировать код с project references?
1039,Frontend,Frontend / TypeScript,Junior,Как мигрировать к migration from JavaScript с JavaScript?
1040,Frontend,Frontend / TypeScript,Junior,Приведите пример сложного случая с interfaces.
1041,Frontend,Frontend / TypeScript,Junior,Что такое type aliases?
1042,Frontend,Frontend / TypeScript,Junior,Когда следует использовать generics?
1043,Frontend,Frontend / TypeScript,Junior,Какие ограничения есть у union types?
1044,Frontend,Frontend / TypeScript,Junior,Как типизировать решение с помощью intersection types?
1045,Frontend,Frontend / TypeScript,Junior,Какие ошибки компилятора помогает обнаружить literal types?
1046,Frontend,Frontend / TypeScript,Junior,Сравните enums с похожей конструкцией.
1047,Frontend,Frontend / TypeScript,Junior,Как использовать unknown в большом проекте?
1048,Frontend,Frontend / TypeScript,Junior,Как тестировать код с any?
1049,Frontend,Frontend / TypeScript,Junior,Как мигрировать к never с JavaScript?
1050,Frontend,Frontend / TypeScript,Junior,Приведите пример сложного случая с void.
1051,Frontend,Frontend / TypeScript,Junior,Что такое type guards?
1052,Frontend,Frontend / TypeScript,Junior,Когда следует использовать type predicates?
1053,Frontend,Frontend / TypeScript,Junior,Какие ограничения есть у discriminated unions?
1054,Frontend,Frontend / TypeScript,Junior,Как типизировать решение с помощью mapped types?
1055,Frontend,Frontend / TypeScript,Junior,Какие ошибки компилятора помогает обнаружить conditional types?
1056,Frontend,Frontend / TypeScript,Junior,Сравните utility types с похожей конструкцией.
1057,Frontend,Frontend / TypeScript,Junior,Как использовать keyof в большом проекте?
1058,Frontend,Frontend / TypeScript,Junior,Как тестировать код с typeof?
1059,Frontend,Frontend / TypeScript,Junior,Как мигрировать к indexed access types с JavaScript?
1060,Frontend,Frontend / TypeScript,Junior,Приведите пример сложного случая с template literal types.
1061,Frontend,Frontend / TypeScript,Junior,Что такое declaration merging?
1062,Frontend,Frontend / TypeScript,Junior,Когда следует использовать module augmentation?
1063,Frontend,Frontend / TypeScript,Junior,Какие ограничения есть у decorators?
1064,Frontend,Frontend / TypeScript,Junior,Как типизировать решение с помощью strict mode?
1065,Frontend,Frontend / TypeScript,Junior,Какие ошибки компилятора помогает обнаружить tsconfig?
1066,Frontend,Frontend / TypeScript,Junior,Сравните declaration files с похожей конструкцией.
1067,Frontend,Frontend / TypeScript,Junior,Как использовать type inference в большом проекте?
1068,Frontend,Frontend / TypeScript,Junior,Как тестировать код с structural typing?
1069,Frontend,Frontend / TypeScript,Junior,Как мигрировать к variance с JavaScript?
1070,Frontend,Frontend / TypeScript,Junior,Приведите пример сложного случая с runtime validation.
1071,Frontend,Frontend / TypeScript,Junior,Что такое Zod integration?
1072,Frontend,Frontend / TypeScript,Junior,Когда следует использовать API typing?
1073,Frontend,Frontend / TypeScript,Junior,Какие ограничения есть у React event types?
1074,Frontend,Frontend / TypeScript,Junior,Как типизировать решение с помощью generic components?
1075,Frontend,Frontend / TypeScript,Junior,Какие ошибки компилятора помогает обнаружить generic hooks?
1076,Frontend,Frontend / TypeScript,Junior,Сравните monorepo types с похожей конструкцией.
1077,Frontend,Frontend / TypeScript,Junior,Как использовать project references в большом проекте?
1078,Frontend,Frontend / TypeScript,Junior,Как тестировать код с migration from JavaScript?
1079,Frontend,Frontend / TypeScript,Junior,Как мигрировать к interfaces с JavaScript?
1080,Frontend,Frontend / TypeScript,Junior,Приведите пример сложного случая с type aliases.
1081,Frontend,Frontend / TypeScript,Junior,Что такое generics?
1082,Frontend,Frontend / TypeScript,Junior,Когда следует использовать union types?
1083,Frontend,Frontend / TypeScript,Junior,Какие ограничения есть у intersection types?
1084,Frontend,Frontend / TypeScript,Junior,Как типизировать решение с помощью literal types?
1085,Frontend,Frontend / TypeScript,Junior,Какие ошибки компилятора помогает обнаружить enums?
1086,Frontend,Frontend / TypeScript,Junior,Сравните unknown с похожей конструкцией.
1087,Frontend,Frontend / TypeScript,Junior,Как использовать any в большом проекте?
1088,Frontend,Frontend / TypeScript,Junior,Как тестировать код с never?
1089,Frontend,Frontend / TypeScript,Junior,Как мигрировать к void с JavaScript?
1090,Frontend,Frontend / TypeScript,Junior,Приведите пример сложного случая с type guards.
1091,Frontend,Frontend / TypeScript,Junior,Что такое type predicates?
1092,Frontend,Frontend / TypeScript,Junior,Когда следует использовать discriminated unions?
1093,Frontend,Frontend / TypeScript,Junior,Какие ограничения есть у mapped types?
1094,Frontend,Frontend / TypeScript,Junior,Как типизировать решение с помощью conditional types?
1095,Frontend,Frontend / TypeScript,Junior,Какие ошибки компилятора помогает обнаружить utility types?
1096,Frontend,Frontend / TypeScript,Junior,Сравните keyof с похожей конструкцией.
1097,Frontend,Frontend / TypeScript,Junior,Как использовать typeof в большом проекте?
1098,Frontend,Frontend / TypeScript,Junior,Как тестировать код с indexed access types?
1099,Frontend,Frontend / TypeScript,Junior,Как мигрировать к template literal types с JavaScript?
1100,Frontend,Frontend / TypeScript,Junior,Приведите пример сложного случая с declaration merging.
1101,Frontend,Frontend / TypeScript,Junior,Что такое module augmentation?
1102,Frontend,Frontend / TypeScript,Junior,Когда следует использовать decorators?
1103,Frontend,Frontend / TypeScript,Junior,Какие ограничения есть у strict mode?
1104,Frontend,Frontend / TypeScript,Junior,Как типизировать решение с помощью tsconfig?
1105,Frontend,Frontend / TypeScript,Junior,Какие ошибки компилятора помогает обнаружить declaration files?
1106,Frontend,Frontend / TypeScript,Junior,Сравните type inference с похожей конструкцией.
1107,Frontend,Frontend / TypeScript,Junior,Как использовать structural typing в большом проекте?
1108,Frontend,Frontend / TypeScript,Junior,Как тестировать код с variance?
1109,Frontend,Frontend / TypeScript,Junior,Как мигрировать к runtime validation с JavaScript?
1110,Frontend,Frontend / TypeScript,Junior,Приведите пример сложного случая с Zod integration.
1111,Frontend,Frontend / TypeScript,Junior,Что такое API typing?
1112,Frontend,Frontend / TypeScript,Junior,Когда следует использовать React event types?
1113,Frontend,Frontend / TypeScript,Junior,Какие ограничения есть у generic components?
1114,Frontend,Frontend / TypeScript,Junior,Как типизировать решение с помощью generic hooks?
1115,Frontend,Frontend / TypeScript,Junior,Какие ошибки компилятора помогает обнаружить monorepo types?
1116,Frontend,Frontend / TypeScript,Junior,Сравните project references с похожей конструкцией.
1117,Frontend,Frontend / TypeScript,Junior,Как использовать migration from JavaScript в большом проекте?
1118,Frontend,Frontend / TypeScript,Junior,Как тестировать код с interfaces?
1119,Frontend,Frontend / TypeScript,Junior,Как мигрировать к type aliases с JavaScript?
1120,Frontend,Frontend / TypeScript,Junior,Приведите пример сложного случая с generics.
1121,Frontend,Frontend / TypeScript,Junior,Что такое union types?
1122,Frontend,Frontend / TypeScript,Junior,Когда следует использовать intersection types?
1123,Frontend,Frontend / TypeScript,Junior,Какие ограничения есть у literal types?
1124,Frontend,Frontend / TypeScript,Junior,Как типизировать решение с помощью enums?
1125,Frontend,Frontend / TypeScript,Junior,Какие ошибки компилятора помогает обнаружить unknown?
1126,Frontend,Frontend / TypeScript,Junior,Сравните any с похожей конструкцией.
1127,Frontend,Frontend / TypeScript,Junior,Как использовать never в большом проекте?
1128,Frontend,Frontend / TypeScript,Junior,Как тестировать код с void?
1129,Frontend,Frontend / TypeScript,Junior,Как мигрировать к type guards с JavaScript?
1130,Frontend,Frontend / TypeScript,Junior,Приведите пример сложного случая с type predicates.
1131,Frontend,Frontend / TypeScript,Junior,Что такое discriminated unions?
1132,Frontend,Frontend / TypeScript,Junior,Когда следует использовать mapped types?
1133,Frontend,Frontend / TypeScript,Junior,Какие ограничения есть у conditional types?
1134,Frontend,Frontend / TypeScript,Junior,Как типизировать решение с помощью utility types?
1135,Frontend,Frontend / TypeScript,Junior,Какие ошибки компилятора помогает обнаружить keyof?
1136,Frontend,Frontend / TypeScript,Junior,Сравните typeof с похожей конструкцией.
1137,Frontend,Frontend / TypeScript,Junior,Как использовать indexed access types в большом проекте?
1138,Frontend,Frontend / TypeScript,Junior,Как тестировать код с template literal types?
1139,Frontend,Frontend / TypeScript,Junior,Как мигрировать к declaration merging с JavaScript?
1140,Frontend,Frontend / TypeScript,Junior,Приведите пример сложного случая с module augmentation.
1141,Frontend,Frontend / TypeScript,Junior,Что такое decorators?
1142,Frontend,Frontend / TypeScript,Junior,Когда следует использовать strict mode?
1143,Frontend,Frontend / TypeScript,Junior,Какие ограничения есть у tsconfig?
1144,Frontend,Frontend / TypeScript,Junior,Как типизировать решение с помощью declaration files?
1145,Frontend,Frontend / TypeScript,Junior,Какие ошибки компилятора помогает обнаружить type inference?
1146,Frontend,Frontend / TypeScript,Junior,Сравните structural typing с похожей конструкцией.
1147,Frontend,Frontend / TypeScript,Junior,Как использовать variance в большом проекте?
1148,Frontend,Frontend / TypeScript,Junior,Как тестировать код с runtime validation?
1149,Frontend,Frontend / TypeScript,Junior,Как мигрировать к Zod integration с JavaScript?
1150,Frontend,Frontend / TypeScript,Junior,Приведите пример сложного случая с API typing.
1151,Frontend,Frontend / TypeScript,Junior,Что такое React event types?
1152,Frontend,Frontend / TypeScript,Junior,Когда следует использовать generic components?
1153,Frontend,Frontend / TypeScript,Junior,Какие ограничения есть у generic hooks?
1154,Frontend,Frontend / TypeScript,Junior,Как типизировать решение с помощью monorepo types?
1155,Frontend,Frontend / TypeScript,Junior,Какие ошибки компилятора помогает обнаружить project references?
1156,Frontend,Frontend / TypeScript,Junior,Сравните migration from JavaScript с похожей конструкцией.
1157,Frontend,Frontend / TypeScript,Junior,Как использовать interfaces в большом проекте?
1158,Frontend,Frontend / TypeScript,Junior,Как тестировать код с type aliases?
1159,Frontend,Frontend / TypeScript,Junior,Как мигрировать к generics с JavaScript?
1160,Frontend,Frontend / TypeScript,Junior,Приведите пример сложного случая с union types.
1161,Frontend,Frontend / TypeScript,Junior,Что такое intersection types?
1162,Frontend,Frontend / TypeScript,Junior,Когда следует использовать literal types?
1163,Frontend,Frontend / TypeScript,Junior,Какие ограничения есть у enums?
1164,Frontend,Frontend / TypeScript,Junior,Как типизировать решение с помощью unknown?
1165,Frontend,Frontend / TypeScript,Junior,Какие ошибки компилятора помогает обнаружить any?
1166,Frontend,Frontend / TypeScript,Junior,Сравните never с похожей конструкцией.
1167,Frontend,Frontend / TypeScript,Junior,Как использовать void в большом проекте?
1168,Frontend,Frontend / TypeScript,Junior,Как тестировать код с type guards?
1169,Frontend,Frontend / TypeScript,Junior,Как мигрировать к type predicates с JavaScript?
1170,Frontend,Frontend / TypeScript,Junior,Приведите пример сложного случая с discriminated unions.
1171,Frontend,Frontend / TypeScript,Junior,Что такое mapped types?
1172,Frontend,Frontend / TypeScript,Junior,Когда следует использовать conditional types?
1173,Frontend,Frontend / TypeScript,Junior,Какие ограничения есть у utility types?
1174,Frontend,Frontend / TypeScript,Junior,Как типизировать решение с помощью keyof?
1175,Frontend,Frontend / TypeScript,Junior,Какие ошибки компилятора помогает обнаружить typeof?
1176,Frontend,Frontend / TypeScript,Junior,Сравните indexed access types с похожей конструкцией.
1177,Frontend,Frontend / TypeScript,Junior,Как использовать template literal types в большом проекте?
1178,Frontend,Frontend / TypeScript,Junior,Как тестировать код с declaration merging?
1179,Frontend,Frontend / TypeScript,Junior,Как мигрировать к module augmentation с JavaScript?
1180,Frontend,Frontend / TypeScript,Junior,Приведите пример сложного случая с decorators.
1181,Frontend,Frontend / TypeScript,Junior,Что такое strict mode?
1182,Frontend,Frontend / TypeScript,Junior,Когда следует использовать tsconfig?
1183,Frontend,Frontend / TypeScript,Junior,Какие ограничения есть у declaration files?
1184,Frontend,Frontend / TypeScript,Junior,Как типизировать решение с помощью type inference?
1185,Frontend,Frontend / TypeScript,Junior,Какие ошибки компилятора помогает обнаружить structural typing?
1186,Frontend,Frontend / TypeScript,Junior,Сравните variance с похожей конструкцией.
1187,Frontend,Frontend / TypeScript,Junior,Как использовать runtime validation в большом проекте?
1188,Frontend,Frontend / TypeScript,Junior,Как тестировать код с Zod integration?
1189,Frontend,Frontend / TypeScript,Junior,Как мигрировать к API typing с JavaScript?
1190,Frontend,Frontend / TypeScript,Junior,Приведите пример сложного случая с React event types.
1191,Frontend,Frontend / TypeScript,Junior,Что такое generic components?
1192,Frontend,Frontend / TypeScript,Junior,Когда следует использовать generic hooks?
1193,Frontend,Frontend / TypeScript,Junior,Какие ограничения есть у monorepo types?
1194,Frontend,Frontend / TypeScript,Junior,Как типизировать решение с помощью project references?
1195,Frontend,Frontend / TypeScript,Junior,Какие ошибки компилятора помогает обнаружить migration from JavaScript?
1196,Frontend,Frontend / TypeScript,Junior,Сравните interfaces с похожей конструкцией.
1197,Frontend,Frontend / TypeScript,Junior,Как использовать type aliases в большом проекте?
1198,Frontend,Frontend / TypeScript,Junior,Как тестировать код с generics?
1199,Frontend,Frontend / TypeScript,Junior,Как мигрировать к union types с JavaScript?
1200,Frontend,Frontend / TypeScript,Junior,Приведите пример сложного случая с intersection types.
1201,Frontend,Frontend / TypeScript,Junior,Что такое literal types?
1202,Frontend,Frontend / TypeScript,Junior,Когда следует использовать enums?
1203,Frontend,Frontend / TypeScript,Junior,Какие ограничения есть у unknown?
1204,Frontend,Frontend / TypeScript,Junior,Как типизировать решение с помощью any?
1205,Frontend,Frontend / TypeScript,Junior,Какие ошибки компилятора помогает обнаружить never?
1206,Frontend,Frontend / TypeScript,Junior,Сравните void с похожей конструкцией.
1207,Frontend,Frontend / TypeScript,Junior,Как использовать type guards в большом проекте?
1208,Frontend,Frontend / TypeScript,Junior,Как тестировать код с type predicates?
1209,Frontend,Frontend / TypeScript,Junior,Как мигрировать к discriminated unions с JavaScript?
1210,Frontend,Frontend / TypeScript,Junior,Приведите пример сложного случая с mapped types.
1211,Frontend,Frontend / TypeScript,Junior,Что такое conditional types?
1212,Frontend,Frontend / TypeScript,Junior,Когда следует использовать utility types?
1213,Frontend,Frontend / TypeScript,Junior,Какие ограничения есть у keyof?
1214,Frontend,Frontend / TypeScript,Junior,Как типизировать решение с помощью typeof?
1215,Frontend,Frontend / TypeScript,Junior,Какие ошибки компилятора помогает обнаружить indexed access types?
1216,Frontend,Frontend / TypeScript,Junior,Сравните template literal types с похожей конструкцией.
1217,Frontend,Frontend / TypeScript,Junior,Как использовать declaration merging в большом проекте?
1218,Frontend,Frontend / TypeScript,Junior,Как тестировать код с module augmentation?
1219,Frontend,Frontend / TypeScript,Junior,Как мигрировать к decorators с JavaScript?
1220,Frontend,Frontend / TypeScript,Junior,Приведите пример сложного случая с strict mode.
1221,Frontend,Frontend / TypeScript,Junior,Что такое tsconfig?
1222,Frontend,Frontend / TypeScript,Junior,Когда следует использовать declaration files?
1223,Frontend,Frontend / TypeScript,Junior,Какие ограничения есть у type inference?
1224,Frontend,Frontend / TypeScript,Junior,Как типизировать решение с помощью structural typing?
1225,Frontend,Frontend / TypeScript,Junior,Какие ошибки компилятора помогает обнаружить variance?
1226,Frontend,Frontend / TypeScript,Junior,Сравните runtime validation с похожей конструкцией.
1227,Frontend,Frontend / TypeScript,Junior,Как использовать Zod integration в большом проекте?
1228,Frontend,Frontend / TypeScript,Junior,Как тестировать код с API typing?
1229,Frontend,Frontend / TypeScript,Junior,Как мигрировать к React event types с JavaScript?
1230,Frontend,Frontend / TypeScript,Junior,Приведите пример сложного случая с generic components.
1231,Frontend,Frontend / TypeScript,Junior,Что такое generic hooks?
1232,Frontend,Frontend / TypeScript,Junior,Когда следует использовать monorepo types?
1233,Frontend,Frontend / TypeScript,Junior,Какие ограничения есть у project references?
1234,Frontend,Frontend / TypeScript,Junior,Как типизировать решение с помощью migration from JavaScript?
1235,Frontend,Frontend / TypeScript,Junior,Какие ошибки компилятора помогает обнаружить interfaces?
1236,Frontend,Frontend / TypeScript,Junior,Сравните type aliases с похожей конструкцией.
1237,Frontend,Frontend / TypeScript,Junior,Как использовать generics в большом проекте?
1238,Frontend,Frontend / TypeScript,Junior,Как тестировать код с union types?
1239,Frontend,Frontend / TypeScript,Junior,Как мигрировать к intersection types с JavaScript?
1240,Frontend,Frontend / TypeScript,Junior,Приведите пример сложного случая с literal types.
1241,Frontend,Frontend / TypeScript,Junior,Что такое enums?
1242,Frontend,Frontend / TypeScript,Junior,Когда следует использовать unknown?
1243,Frontend,Frontend / TypeScript,Junior,Какие ограничения есть у any?
1244,Frontend,Frontend / TypeScript,Junior,Как типизировать решение с помощью never?
1245,Frontend,Frontend / TypeScript,Junior,Какие ошибки компилятора помогает обнаружить void?
1246,Frontend,Frontend / TypeScript,Junior,Сравните type guards с похожей конструкцией.
1247,Frontend,Frontend / TypeScript,Junior,Как использовать type predicates в большом проекте?
1248,Frontend,Frontend / TypeScript,Junior,Как тестировать код с discriminated unions?
1249,Frontend,Frontend / TypeScript,Junior,Как мигрировать к mapped types с JavaScript?
1250,Frontend,Frontend / TypeScript,Junior,Приведите пример сложного случая с conditional types.
1251,Frontend,Frontend / TypeScript,Junior,Что такое utility types?
1252,Frontend,Frontend / TypeScript,Junior,Когда следует использовать keyof?
1253,Frontend,Frontend / TypeScript,Junior,Какие ограничения есть у typeof?
1254,Frontend,Frontend / TypeScript,Junior,Как типизировать решение с помощью indexed access types?
1255,Frontend,Frontend / TypeScript,Junior,Какие ошибки компилятора помогает обнаружить template literal types?
1256,Frontend,Frontend / TypeScript,Junior,Сравните declaration merging с похожей конструкцией.
1257,Frontend,Frontend / TypeScript,Junior,Как использовать module augmentation в большом проекте?
1258,Frontend,Frontend / TypeScript,Junior,Как тестировать код с decorators?
1259,Frontend,Frontend / TypeScript,Junior,Как мигрировать к strict mode с JavaScript?
1260,Frontend,Frontend / TypeScript,Junior,Приведите пример сложного случая с tsconfig.
1261,Frontend,Frontend / TypeScript,Junior,Что такое declaration files?
1262,Frontend,Frontend / TypeScript,Junior,Когда следует использовать type inference?
1263,Frontend,Frontend / TypeScript,Junior,Какие ограничения есть у structural typing?
1264,Frontend,Frontend / TypeScript,Junior,Как типизировать решение с помощью variance?
1265,Frontend,Frontend / TypeScript,Junior,Какие ошибки компилятора помогает обнаружить runtime validation?
1266,Frontend,Frontend / TypeScript,Junior,Сравните Zod integration с похожей конструкцией.
1267,Frontend,Frontend / TypeScript,Junior,Как использовать API typing в большом проекте?
1268,Frontend,Frontend / TypeScript,Junior,Как тестировать код с React event types?
1269,Frontend,Frontend / TypeScript,Junior,Как мигрировать к generic components с JavaScript?
1270,Frontend,Frontend / TypeScript,Junior,Приведите пример сложного случая с generic hooks.
1271,Frontend,Frontend / TypeScript,Junior,Что такое monorepo types?
1272,Frontend,Frontend / TypeScript,Junior,Когда следует использовать project references?
1273,Frontend,Frontend / TypeScript,Junior,Какие ограничения есть у migration from JavaScript?
1274,Frontend,Frontend / TypeScript,Junior,Как типизировать решение с помощью interfaces?
1275,Frontend,Frontend / TypeScript,Junior,Какие ошибки компилятора помогает обнаружить type aliases?
1276,Frontend,Frontend / TypeScript,Junior,Сравните generics с похожей конструкцией.
1277,Frontend,Frontend / TypeScript,Junior,Как использовать union types в большом проекте?
1278,Frontend,Frontend / TypeScript,Junior,Как тестировать код с intersection types?
1279,Frontend,Frontend / TypeScript,Junior,Как мигрировать к literal types с JavaScript?
1280,Frontend,Frontend / TypeScript,Junior,Приведите пример сложного случая с enums.
1281,Frontend,Frontend / TypeScript,Junior,Что такое unknown?
1282,Frontend,Frontend / TypeScript,Junior,Когда следует использовать any?
1283,Frontend,Frontend / TypeScript,Junior,Какие ограничения есть у never?
1284,Frontend,Frontend / TypeScript,Junior,Как типизировать решение с помощью void?
1285,Frontend,Frontend / TypeScript,Junior,Какие ошибки компилятора помогает обнаружить type guards?
1286,Frontend,Frontend / TypeScript,Junior,Сравните type predicates с похожей конструкцией.
1287,Frontend,Frontend / TypeScript,Junior,Как использовать discriminated unions в большом проекте?
1288,Frontend,Frontend / TypeScript,Junior,Как тестировать код с mapped types?
1289,Frontend,Frontend / TypeScript,Junior,Как мигрировать к conditional types с JavaScript?
1290,Frontend,Frontend / TypeScript,Junior,Приведите пример сложного случая с utility types.
1291,Frontend,Frontend / TypeScript,Junior,Что такое keyof?
1292,Frontend,Frontend / TypeScript,Junior,Когда следует использовать typeof?
1293,Frontend,Frontend / TypeScript,Junior,Какие ограничения есть у indexed access types?
1294,Frontend,Frontend / TypeScript,Junior,Как типизировать решение с помощью template literal types?
1295,Frontend,Frontend / TypeScript,Junior,Какие ошибки компилятора помогает обнаружить declaration merging?
1296,Frontend,Frontend / TypeScript,Junior,Сравните module augmentation с похожей конструкцией.
1297,Frontend,Frontend / TypeScript,Junior,Как использовать decorators в большом проекте?
1298,Frontend,Frontend / TypeScript,Junior,Как тестировать код с strict mode?
1299,Frontend,Frontend / TypeScript,Junior,Как мигрировать к tsconfig с JavaScript?
1300,Frontend,Frontend / TypeScript,Junior,Приведите пример сложного случая с declaration files.
1301,Frontend,Frontend / TypeScript,Middle,Что такое type inference?
1302,Frontend,Frontend / TypeScript,Middle,Когда следует использовать structural typing?
1303,Frontend,Frontend / TypeScript,Middle,Какие ограничения есть у variance?
1304,Frontend,Frontend / TypeScript,Middle,Как типизировать решение с помощью runtime validation?
1305,Frontend,Frontend / TypeScript,Middle,Какие ошибки компилятора помогает обнаружить Zod integration?
1306,Frontend,Frontend / TypeScript,Middle,Сравните API typing с похожей конструкцией.
1307,Frontend,Frontend / TypeScript,Middle,Как использовать React event types в большом проекте?
1308,Frontend,Frontend / TypeScript,Middle,Как тестировать код с generic components?
1309,Frontend,Frontend / TypeScript,Middle,Как мигрировать к generic hooks с JavaScript?
1310,Frontend,Frontend / TypeScript,Middle,Приведите пример сложного случая с monorepo types.
1311,Frontend,Frontend / TypeScript,Middle,Что такое project references?
1312,Frontend,Frontend / TypeScript,Middle,Когда следует использовать migration from JavaScript?
1313,Frontend,Frontend / TypeScript,Middle,Какие ограничения есть у interfaces?
1314,Frontend,Frontend / TypeScript,Middle,Как типизировать решение с помощью type aliases?
1315,Frontend,Frontend / TypeScript,Middle,Какие ошибки компилятора помогает обнаружить generics?
1316,Frontend,Frontend / TypeScript,Middle,Сравните union types с похожей конструкцией.
1317,Frontend,Frontend / TypeScript,Middle,Как использовать intersection types в большом проекте?
1318,Frontend,Frontend / TypeScript,Middle,Как тестировать код с literal types?
1319,Frontend,Frontend / TypeScript,Middle,Как мигрировать к enums с JavaScript?
1320,Frontend,Frontend / TypeScript,Middle,Приведите пример сложного случая с unknown.
1321,Frontend,Frontend / TypeScript,Middle,Что такое any?
1322,Frontend,Frontend / TypeScript,Middle,Когда следует использовать never?
1323,Frontend,Frontend / TypeScript,Middle,Какие ограничения есть у void?
1324,Frontend,Frontend / TypeScript,Middle,Как типизировать решение с помощью type guards?
1325,Frontend,Frontend / TypeScript,Middle,Какие ошибки компилятора помогает обнаружить type predicates?
1326,Frontend,Frontend / TypeScript,Middle,Сравните discriminated unions с похожей конструкцией.
1327,Frontend,Frontend / TypeScript,Middle,Как использовать mapped types в большом проекте?
1328,Frontend,Frontend / TypeScript,Middle,Как тестировать код с conditional types?
1329,Frontend,Frontend / TypeScript,Middle,Как мигрировать к utility types с JavaScript?
1330,Frontend,Frontend / TypeScript,Middle,Приведите пример сложного случая с keyof.
1331,Frontend,Frontend / TypeScript,Middle,Что такое typeof?
1332,Frontend,Frontend / TypeScript,Middle,Когда следует использовать indexed access types?
1333,Frontend,Frontend / TypeScript,Middle,Какие ограничения есть у template literal types?
1334,Frontend,Frontend / TypeScript,Middle,Как типизировать решение с помощью declaration merging?
1335,Frontend,Frontend / TypeScript,Middle,Какие ошибки компилятора помогает обнаружить module augmentation?
1336,Frontend,Frontend / TypeScript,Middle,Сравните decorators с похожей конструкцией.
1337,Frontend,Frontend / TypeScript,Middle,Как использовать strict mode в большом проекте?
1338,Frontend,Frontend / TypeScript,Middle,Как тестировать код с tsconfig?
1339,Frontend,Frontend / TypeScript,Middle,Как мигрировать к declaration files с JavaScript?
1340,Frontend,Frontend / TypeScript,Middle,Приведите пример сложного случая с type inference.
1341,Frontend,Frontend / TypeScript,Middle,Что такое structural typing?
1342,Frontend,Frontend / TypeScript,Middle,Когда следует использовать variance?
1343,Frontend,Frontend / TypeScript,Middle,Какие ограничения есть у runtime validation?
1344,Frontend,Frontend / TypeScript,Middle,Как типизировать решение с помощью Zod integration?
1345,Frontend,Frontend / TypeScript,Middle,Какие ошибки компилятора помогает обнаружить API typing?
1346,Frontend,Frontend / TypeScript,Middle,Сравните React event types с похожей конструкцией.
1347,Frontend,Frontend / TypeScript,Middle,Как использовать generic components в большом проекте?
1348,Frontend,Frontend / TypeScript,Middle,Как тестировать код с generic hooks?
1349,Frontend,Frontend / TypeScript,Middle,Как мигрировать к monorepo types с JavaScript?
1350,Frontend,Frontend / TypeScript,Middle,Приведите пример сложного случая с project references.
1351,Frontend,Frontend / TypeScript,Middle,Что такое migration from JavaScript?
1352,Frontend,Frontend / TypeScript,Middle,Когда следует использовать interfaces?
1353,Frontend,Frontend / TypeScript,Middle,Какие ограничения есть у type aliases?
1354,Frontend,Frontend / TypeScript,Middle,Как типизировать решение с помощью generics?
1355,Frontend,Frontend / TypeScript,Middle,Какие ошибки компилятора помогает обнаружить union types?
1356,Frontend,Frontend / TypeScript,Middle,Сравните intersection types с похожей конструкцией.
1357,Frontend,Frontend / TypeScript,Middle,Как использовать literal types в большом проекте?
1358,Frontend,Frontend / TypeScript,Middle,Как тестировать код с enums?
1359,Frontend,Frontend / TypeScript,Middle,Как мигрировать к unknown с JavaScript?
1360,Frontend,Frontend / TypeScript,Middle,Приведите пример сложного случая с any.
1361,Frontend,Frontend / TypeScript,Middle,Что такое never?
1362,Frontend,Frontend / TypeScript,Middle,Когда следует использовать void?
1363,Frontend,Frontend / TypeScript,Middle,Какие ограничения есть у type guards?
1364,Frontend,Frontend / TypeScript,Middle,Как типизировать решение с помощью type predicates?
1365,Frontend,Frontend / TypeScript,Middle,Какие ошибки компилятора помогает обнаружить discriminated unions?
1366,Frontend,Frontend / TypeScript,Middle,Сравните mapped types с похожей конструкцией.
1367,Frontend,Frontend / TypeScript,Middle,Как использовать conditional types в большом проекте?
1368,Frontend,Frontend / TypeScript,Middle,Как тестировать код с utility types?
1369,Frontend,Frontend / TypeScript,Middle,Как мигрировать к keyof с JavaScript?
1370,Frontend,Frontend / TypeScript,Middle,Приведите пример сложного случая с typeof.
1371,Frontend,Frontend / TypeScript,Middle,Что такое indexed access types?
1372,Frontend,Frontend / TypeScript,Middle,Когда следует использовать template literal types?
1373,Frontend,Frontend / TypeScript,Middle,Какие ограничения есть у declaration merging?
1374,Frontend,Frontend / TypeScript,Middle,Как типизировать решение с помощью module augmentation?
1375,Frontend,Frontend / TypeScript,Middle,Какие ошибки компилятора помогает обнаружить decorators?
1376,Frontend,Frontend / TypeScript,Middle,Сравните strict mode с похожей конструкцией.
1377,Frontend,Frontend / TypeScript,Middle,Как использовать tsconfig в большом проекте?
1378,Frontend,Frontend / TypeScript,Middle,Как тестировать код с declaration files?
1379,Frontend,Frontend / TypeScript,Middle,Как мигрировать к type inference с JavaScript?
1380,Frontend,Frontend / TypeScript,Middle,Приведите пример сложного случая с structural typing.
1381,Frontend,Frontend / TypeScript,Middle,Что такое variance?
1382,Frontend,Frontend / TypeScript,Middle,Когда следует использовать runtime validation?
1383,Frontend,Frontend / TypeScript,Middle,Какие ограничения есть у Zod integration?
1384,Frontend,Frontend / TypeScript,Middle,Как типизировать решение с помощью API typing?
1385,Frontend,Frontend / TypeScript,Middle,Какие ошибки компилятора помогает обнаружить React event types?
1386,Frontend,Frontend / TypeScript,Middle,Сравните generic components с похожей конструкцией.
1387,Frontend,Frontend / TypeScript,Middle,Как использовать generic hooks в большом проекте?
1388,Frontend,Frontend / TypeScript,Middle,Как тестировать код с monorepo types?
1389,Frontend,Frontend / TypeScript,Middle,Как мигрировать к project references с JavaScript?
1390,Frontend,Frontend / TypeScript,Middle,Приведите пример сложного случая с migration from JavaScript.
1391,Frontend,Frontend / TypeScript,Middle,Что такое interfaces?
1392,Frontend,Frontend / TypeScript,Middle,Когда следует использовать type aliases?
1393,Frontend,Frontend / TypeScript,Middle,Какие ограничения есть у generics?
1394,Frontend,Frontend / TypeScript,Middle,Как типизировать решение с помощью union types?
1395,Frontend,Frontend / TypeScript,Middle,Какие ошибки компилятора помогает обнаружить intersection types?
1396,Frontend,Frontend / TypeScript,Middle,Сравните literal types с похожей конструкцией.
1397,Frontend,Frontend / TypeScript,Middle,Как использовать enums в большом проекте?
1398,Frontend,Frontend / TypeScript,Middle,Как тестировать код с unknown?
1399,Frontend,Frontend / TypeScript,Middle,Как мигрировать к any с JavaScript?
1400,Frontend,Frontend / TypeScript,Middle,Приведите пример сложного случая с never.
1401,Frontend,Frontend / TypeScript,Middle,Что такое void?
1402,Frontend,Frontend / TypeScript,Middle,Когда следует использовать type guards?
1403,Frontend,Frontend / TypeScript,Middle,Какие ограничения есть у type predicates?
1404,Frontend,Frontend / TypeScript,Middle,Как типизировать решение с помощью discriminated unions?
1405,Frontend,Frontend / TypeScript,Middle,Какие ошибки компилятора помогает обнаружить mapped types?
1406,Frontend,Frontend / TypeScript,Middle,Сравните conditional types с похожей конструкцией.
1407,Frontend,Frontend / TypeScript,Middle,Как использовать utility types в большом проекте?
1408,Frontend,Frontend / TypeScript,Middle,Как тестировать код с keyof?
1409,Frontend,Frontend / TypeScript,Middle,Как мигрировать к typeof с JavaScript?
1410,Frontend,Frontend / TypeScript,Middle,Приведите пример сложного случая с indexed access types.
1411,Frontend,Frontend / TypeScript,Middle,Что такое template literal types?
1412,Frontend,Frontend / TypeScript,Middle,Когда следует использовать declaration merging?
1413,Frontend,Frontend / TypeScript,Middle,Какие ограничения есть у module augmentation?
1414,Frontend,Frontend / TypeScript,Middle,Как типизировать решение с помощью decorators?
1415,Frontend,Frontend / TypeScript,Middle,Какие ошибки компилятора помогает обнаружить strict mode?
1416,Frontend,Frontend / TypeScript,Middle,Сравните tsconfig с похожей конструкцией.
1417,Frontend,Frontend / TypeScript,Middle,Как использовать declaration files в большом проекте?
1418,Frontend,Frontend / TypeScript,Middle,Как тестировать код с type inference?
1419,Frontend,Frontend / TypeScript,Middle,Как мигрировать к structural typing с JavaScript?
1420,Frontend,Frontend / TypeScript,Middle,Приведите пример сложного случая с variance.
1421,Frontend,Frontend / TypeScript,Middle,Что такое runtime validation?
1422,Frontend,Frontend / TypeScript,Middle,Когда следует использовать Zod integration?
1423,Frontend,Frontend / TypeScript,Middle,Какие ограничения есть у API typing?
1424,Frontend,Frontend / TypeScript,Middle,Как типизировать решение с помощью React event types?
1425,Frontend,Frontend / TypeScript,Middle,Какие ошибки компилятора помогает обнаружить generic components?
1426,Frontend,Frontend / TypeScript,Middle,Сравните generic hooks с похожей конструкцией.
1427,Frontend,Frontend / TypeScript,Middle,Как использовать monorepo types в большом проекте?
1428,Frontend,Frontend / TypeScript,Middle,Как тестировать код с project references?
1429,Frontend,Frontend / TypeScript,Middle,Как мигрировать к migration from JavaScript с JavaScript?
1430,Frontend,Frontend / TypeScript,Middle,Приведите пример сложного случая с interfaces.
1431,Frontend,Frontend / TypeScript,Middle,Что такое type aliases?
1432,Frontend,Frontend / TypeScript,Middle,Когда следует использовать generics?
1433,Frontend,Frontend / TypeScript,Middle,Какие ограничения есть у union types?
1434,Frontend,Frontend / TypeScript,Middle,Как типизировать решение с помощью intersection types?
1435,Frontend,Frontend / TypeScript,Middle,Какие ошибки компилятора помогает обнаружить literal types?
1436,Frontend,Frontend / TypeScript,Middle,Сравните enums с похожей конструкцией.
1437,Frontend,Frontend / TypeScript,Middle,Как использовать unknown в большом проекте?
1438,Frontend,Frontend / TypeScript,Middle,Как тестировать код с any?
1439,Frontend,Frontend / TypeScript,Middle,Как мигрировать к never с JavaScript?
1440,Frontend,Frontend / TypeScript,Middle,Приведите пример сложного случая с void.
1441,Frontend,Frontend / TypeScript,Middle,Что такое type guards?
1442,Frontend,Frontend / TypeScript,Middle,Когда следует использовать type predicates?
1443,Frontend,Frontend / TypeScript,Middle,Какие ограничения есть у discriminated unions?
1444,Frontend,Frontend / TypeScript,Middle,Как типизировать решение с помощью mapped types?
1445,Frontend,Frontend / TypeScript,Middle,Какие ошибки компилятора помогает обнаружить conditional types?
1446,Frontend,Frontend / TypeScript,Middle,Сравните utility types с похожей конструкцией.
1447,Frontend,Frontend / TypeScript,Middle,Как использовать keyof в большом проекте?
1448,Frontend,Frontend / TypeScript,Middle,Как тестировать код с typeof?
1449,Frontend,Frontend / TypeScript,Middle,Как мигрировать к indexed access types с JavaScript?
1450,Frontend,Frontend / TypeScript,Middle,Приведите пример сложного случая с template literal types.
1451,Frontend,Frontend / TypeScript,Middle,Что такое declaration merging?
1452,Frontend,Frontend / TypeScript,Middle,Когда следует использовать module augmentation?
1453,Frontend,Frontend / TypeScript,Middle,Какие ограничения есть у decorators?
1454,Frontend,Frontend / TypeScript,Middle,Как типизировать решение с помощью strict mode?
1455,Frontend,Frontend / TypeScript,Middle,Какие ошибки компилятора помогает обнаружить tsconfig?
1456,Frontend,Frontend / TypeScript,Middle,Сравните declaration files с похожей конструкцией.
1457,Frontend,Frontend / TypeScript,Middle,Как использовать type inference в большом проекте?
1458,Frontend,Frontend / TypeScript,Middle,Как тестировать код с structural typing?
1459,Frontend,Frontend / TypeScript,Middle,Как мигрировать к variance с JavaScript?
1460,Frontend,Frontend / TypeScript,Middle,Приведите пример сложного случая с runtime validation.
1461,Frontend,Frontend / TypeScript,Middle,Что такое Zod integration?
1462,Frontend,Frontend / TypeScript,Middle,Когда следует использовать API typing?
1463,Frontend,Frontend / TypeScript,Middle,Какие ограничения есть у React event types?
1464,Frontend,Frontend / TypeScript,Middle,Как типизировать решение с помощью generic components?
1465,Frontend,Frontend / TypeScript,Middle,Какие ошибки компилятора помогает обнаружить generic hooks?
1466,Frontend,Frontend / TypeScript,Middle,Сравните monorepo types с похожей конструкцией.
1467,Frontend,Frontend / TypeScript,Middle,Как использовать project references в большом проекте?
1468,Frontend,Frontend / TypeScript,Middle,Как тестировать код с migration from JavaScript?
1469,Frontend,Frontend / TypeScript,Middle,Как мигрировать к interfaces с JavaScript?
1470,Frontend,Frontend / TypeScript,Middle,Приведите пример сложного случая с type aliases.
1471,Frontend,Frontend / TypeScript,Middle,Что такое generics?
1472,Frontend,Frontend / TypeScript,Middle,Когда следует использовать union types?
1473,Frontend,Frontend / TypeScript,Middle,Какие ограничения есть у intersection types?
1474,Frontend,Frontend / TypeScript,Middle,Как типизировать решение с помощью literal types?
1475,Frontend,Frontend / TypeScript,Middle,Какие ошибки компилятора помогает обнаружить enums?
1476,Frontend,Frontend / TypeScript,Middle,Сравните unknown с похожей конструкцией.
1477,Frontend,Frontend / TypeScript,Middle,Как использовать any в большом проекте?
1478,Frontend,Frontend / TypeScript,Middle,Как тестировать код с never?
1479,Frontend,Frontend / TypeScript,Middle,Как мигрировать к void с JavaScript?
1480,Frontend,Frontend / TypeScript,Middle,Приведите пример сложного случая с type guards.
1481,Frontend,Frontend / TypeScript,Middle,Что такое type predicates?
1482,Frontend,Frontend / TypeScript,Middle,Когда следует использовать discriminated unions?
1483,Frontend,Frontend / TypeScript,Middle,Какие ограничения есть у mapped types?
1484,Frontend,Frontend / TypeScript,Middle,Как типизировать решение с помощью conditional types?
1485,Frontend,Frontend / TypeScript,Middle,Какие ошибки компилятора помогает обнаружить utility types?
1486,Frontend,Frontend / TypeScript,Middle,Сравните keyof с похожей конструкцией.
1487,Frontend,Frontend / TypeScript,Middle,Как использовать typeof в большом проекте?
1488,Frontend,Frontend / TypeScript,Middle,Как тестировать код с indexed access types?
1489,Frontend,Frontend / TypeScript,Middle,Как мигрировать к template literal types с JavaScript?
1490,Frontend,Frontend / TypeScript,Middle,Приведите пример сложного случая с declaration merging.
1491,Frontend,Frontend / TypeScript,Middle,Что такое module augmentation?
1492,Frontend,Frontend / TypeScript,Middle,Когда следует использовать decorators?
1493,Frontend,Frontend / TypeScript,Middle,Какие ограничения есть у strict mode?
1494,Frontend,Frontend / TypeScript,Middle,Как типизировать решение с помощью tsconfig?
1495,Frontend,Frontend / TypeScript,Middle,Какие ошибки компилятора помогает обнаружить declaration files?
1496,Frontend,Frontend / TypeScript,Middle,Сравните type inference с похожей конструкцией.
1497,Frontend,Frontend / TypeScript,Middle,Как использовать structural typing в большом проекте?
1498,Frontend,Frontend / TypeScript,Middle,Как тестировать код с variance?
1499,Frontend,Frontend / TypeScript,Middle,Как мигрировать к runtime validation с JavaScript?
1500,Frontend,Frontend / TypeScript,Middle,Приведите пример сложного случая с Zod integration.
1501,Frontend,Frontend / TypeScript,Middle,Что такое API typing?
1502,Frontend,Frontend / TypeScript,Middle,Когда следует использовать React event types?
1503,Frontend,Frontend / TypeScript,Middle,Какие ограничения есть у generic components?
1504,Frontend,Frontend / TypeScript,Middle,Как типизировать решение с помощью generic hooks?
1505,Frontend,Frontend / TypeScript,Middle,Какие ошибки компилятора помогает обнаружить monorepo types?
1506,Frontend,Frontend / TypeScript,Middle,Сравните project references с похожей конструкцией.
1507,Frontend,Frontend / TypeScript,Middle,Как использовать migration from JavaScript в большом проекте?
1508,Frontend,Frontend / TypeScript,Middle,Как тестировать код с interfaces?
1509,Frontend,Frontend / TypeScript,Middle,Как мигрировать к type aliases с JavaScript?
1510,Frontend,Frontend / TypeScript,Middle,Приведите пример сложного случая с generics.
1511,Frontend,Frontend / TypeScript,Middle,Что такое union types?
1512,Frontend,Frontend / TypeScript,Middle,Когда следует использовать intersection types?
1513,Frontend,Frontend / TypeScript,Middle,Какие ограничения есть у literal types?
1514,Frontend,Frontend / TypeScript,Middle,Как типизировать решение с помощью enums?
1515,Frontend,Frontend / TypeScript,Middle,Какие ошибки компилятора помогает обнаружить unknown?
1516,Frontend,Frontend / TypeScript,Middle,Сравните any с похожей конструкцией.
1517,Frontend,Frontend / TypeScript,Middle,Как использовать never в большом проекте?
1518,Frontend,Frontend / TypeScript,Middle,Как тестировать код с void?
1519,Frontend,Frontend / TypeScript,Middle,Как мигрировать к type guards с JavaScript?
1520,Frontend,Frontend / TypeScript,Middle,Приведите пример сложного случая с type predicates.
1521,Frontend,Frontend / TypeScript,Middle,Что такое discriminated unions?
1522,Frontend,Frontend / TypeScript,Middle,Когда следует использовать mapped types?
1523,Frontend,Frontend / TypeScript,Middle,Какие ограничения есть у conditional types?
1524,Frontend,Frontend / TypeScript,Middle,Как типизировать решение с помощью utility types?
1525,Frontend,Frontend / TypeScript,Middle,Какие ошибки компилятора помогает обнаружить keyof?
1526,Frontend,Frontend / TypeScript,Middle,Сравните typeof с похожей конструкцией.
1527,Frontend,Frontend / TypeScript,Middle,Как использовать indexed access types в большом проекте?
1528,Frontend,Frontend / TypeScript,Middle,Как тестировать код с template literal types?
1529,Frontend,Frontend / TypeScript,Middle,Как мигрировать к declaration merging с JavaScript?
1530,Frontend,Frontend / TypeScript,Middle,Приведите пример сложного случая с module augmentation.
1531,Frontend,Frontend / TypeScript,Middle,Что такое decorators?
1532,Frontend,Frontend / TypeScript,Middle,Когда следует использовать strict mode?
1533,Frontend,Frontend / TypeScript,Middle,Какие ограничения есть у tsconfig?
1534,Frontend,Frontend / TypeScript,Middle,Как типизировать решение с помощью declaration files?
1535,Frontend,Frontend / TypeScript,Middle,Какие ошибки компилятора помогает обнаружить type inference?
1536,Frontend,Frontend / TypeScript,Middle,Сравните structural typing с похожей конструкцией.
1537,Frontend,Frontend / TypeScript,Middle,Как использовать variance в большом проекте?
1538,Frontend,Frontend / TypeScript,Middle,Как тестировать код с runtime validation?
1539,Frontend,Frontend / TypeScript,Middle,Как мигрировать к Zod integration с JavaScript?
1540,Frontend,Frontend / TypeScript,Middle,Приведите пример сложного случая с API typing.
1541,Frontend,Frontend / TypeScript,Middle,Что такое React event types?
1542,Frontend,Frontend / TypeScript,Middle,Когда следует использовать generic components?
1543,Frontend,Frontend / TypeScript,Middle,Какие ограничения есть у generic hooks?
1544,Frontend,Frontend / TypeScript,Middle,Как типизировать решение с помощью monorepo types?
1545,Frontend,Frontend / TypeScript,Middle,Какие ошибки компилятора помогает обнаружить project references?
1546,Frontend,Frontend / TypeScript,Middle,Сравните migration from JavaScript с похожей конструкцией.
1547,Frontend,Frontend / TypeScript,Middle,Как использовать interfaces в большом проекте?
1548,Frontend,Frontend / TypeScript,Middle,Как тестировать код с type aliases?
1549,Frontend,Frontend / TypeScript,Middle,Как мигрировать к generics с JavaScript?
1550,Frontend,Frontend / TypeScript,Middle,Приведите пример сложного случая с union types.
1551,Frontend,Frontend / TypeScript,Middle,Что такое intersection types?
1552,Frontend,Frontend / TypeScript,Middle,Когда следует использовать literal types?
1553,Frontend,Frontend / TypeScript,Middle,Какие ограничения есть у enums?
1554,Frontend,Frontend / TypeScript,Middle,Как типизировать решение с помощью unknown?
1555,Frontend,Frontend / TypeScript,Middle,Какие ошибки компилятора помогает обнаружить any?
1556,Frontend,Frontend / TypeScript,Middle,Сравните never с похожей конструкцией.
1557,Frontend,Frontend / TypeScript,Middle,Как использовать void в большом проекте?
1558,Frontend,Frontend / TypeScript,Middle,Как тестировать код с type guards?
1559,Frontend,Frontend / TypeScript,Middle,Как мигрировать к type predicates с JavaScript?
1560,Frontend,Frontend / TypeScript,Middle,Приведите пример сложного случая с discriminated unions.
1561,Frontend,Frontend / TypeScript,Middle,Что такое mapped types?
1562,Frontend,Frontend / TypeScript,Middle,Когда следует использовать conditional types?
1563,Frontend,Frontend / TypeScript,Middle,Какие ограничения есть у utility types?
1564,Frontend,Frontend / TypeScript,Middle,Как типизировать решение с помощью keyof?
1565,Frontend,Frontend / TypeScript,Middle,Какие ошибки компилятора помогает обнаружить typeof?
1566,Frontend,Frontend / TypeScript,Middle,Сравните indexed access types с похожей конструкцией.
1567,Frontend,Frontend / TypeScript,Middle,Как использовать template literal types в большом проекте?
1568,Frontend,Frontend / TypeScript,Middle,Как тестировать код с declaration merging?
1569,Frontend,Frontend / TypeScript,Middle,Как мигрировать к module augmentation с JavaScript?
1570,Frontend,Frontend / TypeScript,Middle,Приведите пример сложного случая с decorators.
1571,Frontend,Frontend / TypeScript,Middle,Что такое strict mode?
1572,Frontend,Frontend / TypeScript,Middle,Когда следует использовать tsconfig?
1573,Frontend,Frontend / TypeScript,Middle,Какие ограничения есть у declaration files?
1574,Frontend,Frontend / TypeScript,Middle,Как типизировать решение с помощью type inference?
1575,Frontend,Frontend / TypeScript,Middle,Какие ошибки компилятора помогает обнаружить structural typing?
1576,Frontend,Frontend / TypeScript,Middle,Сравните variance с похожей конструкцией.
1577,Frontend,Frontend / TypeScript,Middle,Как использовать runtime validation в большом проекте?
1578,Frontend,Frontend / TypeScript,Middle,Как тестировать код с Zod integration?
1579,Frontend,Frontend / TypeScript,Middle,Как мигрировать к API typing с JavaScript?
1580,Frontend,Frontend / TypeScript,Middle,Приведите пример сложного случая с React event types.
1581,Frontend,Frontend / TypeScript,Middle,Что такое generic components?
1582,Frontend,Frontend / TypeScript,Middle,Когда следует использовать generic hooks?
1583,Frontend,Frontend / TypeScript,Middle,Какие ограничения есть у monorepo types?
1584,Frontend,Frontend / TypeScript,Middle,Как типизировать решение с помощью project references?
1585,Frontend,Frontend / TypeScript,Middle,Какие ошибки компилятора помогает обнаружить migration from JavaScript?
1586,Frontend,Frontend / TypeScript,Middle,Сравните interfaces с похожей конструкцией.
1587,Frontend,Frontend / TypeScript,Middle,Как использовать type aliases в большом проекте?
1588,Frontend,Frontend / TypeScript,Middle,Как тестировать код с generics?
1589,Frontend,Frontend / TypeScript,Middle,Как мигрировать к union types с JavaScript?
1590,Frontend,Frontend / TypeScript,Middle,Приведите пример сложного случая с intersection types.
1591,Frontend,Frontend / TypeScript,Middle,Что такое literal types?
1592,Frontend,Frontend / TypeScript,Middle,Когда следует использовать enums?
1593,Frontend,Frontend / TypeScript,Middle,Какие ограничения есть у unknown?
1594,Frontend,Frontend / TypeScript,Middle,Как типизировать решение с помощью any?
1595,Frontend,Frontend / TypeScript,Middle,Какие ошибки компилятора помогает обнаружить never?
1596,Frontend,Frontend / TypeScript,Middle,Сравните void с похожей конструкцией.
1597,Frontend,Frontend / TypeScript,Middle,Как использовать type guards в большом проекте?
1598,Frontend,Frontend / TypeScript,Middle,Как тестировать код с type predicates?
1599,Frontend,Frontend / TypeScript,Middle,Как мигрировать к discriminated unions с JavaScript?
1600,Frontend,Frontend / TypeScript,Middle,Приведите пример сложного случая с mapped types.
1601,Frontend,Frontend / TypeScript,Middle,Что такое conditional types?
1602,Frontend,Frontend / TypeScript,Middle,Когда следует использовать utility types?
1603,Frontend,Frontend / TypeScript,Middle,Какие ограничения есть у keyof?
1604,Frontend,Frontend / TypeScript,Middle,Как типизировать решение с помощью typeof?
1605,Frontend,Frontend / TypeScript,Middle,Какие ошибки компилятора помогает обнаружить indexed access types?
1606,Frontend,Frontend / TypeScript,Middle,Сравните template literal types с похожей конструкцией.
1607,Frontend,Frontend / TypeScript,Middle,Как использовать declaration merging в большом проекте?
1608,Frontend,Frontend / TypeScript,Middle,Как тестировать код с module augmentation?
1609,Frontend,Frontend / TypeScript,Middle,Как мигрировать к decorators с JavaScript?
1610,Frontend,Frontend / TypeScript,Middle,Приведите пример сложного случая с strict mode.
1611,Frontend,Frontend / TypeScript,Middle,Что такое tsconfig?
1612,Frontend,Frontend / TypeScript,Middle,Когда следует использовать declaration files?
1613,Frontend,Frontend / TypeScript,Middle,Какие ограничения есть у type inference?
1614,Frontend,Frontend / TypeScript,Middle,Как типизировать решение с помощью structural typing?
1615,Frontend,Frontend / TypeScript,Middle,Какие ошибки компилятора помогает обнаружить variance?
1616,Frontend,Frontend / TypeScript,Middle,Сравните runtime validation с похожей конструкцией.
1617,Frontend,Frontend / TypeScript,Middle,Как использовать Zod integration в большом проекте?
1618,Frontend,Frontend / TypeScript,Middle,Как тестировать код с API typing?
1619,Frontend,Frontend / TypeScript,Middle,Как мигрировать к React event types с JavaScript?
1620,Frontend,Frontend / TypeScript,Middle,Приведите пример сложного случая с generic components.
1621,Frontend,Frontend / TypeScript,Middle,Что такое generic hooks?
1622,Frontend,Frontend / TypeScript,Middle,Когда следует использовать monorepo types?
1623,Frontend,Frontend / TypeScript,Middle,Какие ограничения есть у project references?
1624,Frontend,Frontend / TypeScript,Middle,Как типизировать решение с помощью migration from JavaScript?
1625,Frontend,Frontend / TypeScript,Middle,Какие ошибки компилятора помогает обнаружить interfaces?
1626,Frontend,Frontend / TypeScript,Middle,Сравните type aliases с похожей конструкцией.
1627,Frontend,Frontend / TypeScript,Middle,Как использовать generics в большом проекте?
1628,Frontend,Frontend / TypeScript,Middle,Как тестировать код с union types?
1629,Frontend,Frontend / TypeScript,Middle,Как мигрировать к intersection types с JavaScript?
1630,Frontend,Frontend / TypeScript,Middle,Приведите пример сложного случая с literal types.
1631,Frontend,Frontend / TypeScript,Middle,Что такое enums?
1632,Frontend,Frontend / TypeScript,Middle,Когда следует использовать unknown?
1633,Frontend,Frontend / TypeScript,Middle,Какие ограничения есть у any?
1634,Frontend,Frontend / TypeScript,Middle,Как типизировать решение с помощью never?
1635,Frontend,Frontend / TypeScript,Middle,Какие ошибки компилятора помогает обнаружить void?
1636,Frontend,Frontend / TypeScript,Middle,Сравните type guards с похожей конструкцией.
1637,Frontend,Frontend / TypeScript,Middle,Как использовать type predicates в большом проекте?
1638,Frontend,Frontend / TypeScript,Middle,Как тестировать код с discriminated unions?
1639,Frontend,Frontend / TypeScript,Middle,Как мигрировать к mapped types с JavaScript?
1640,Frontend,Frontend / TypeScript,Middle,Приведите пример сложного случая с conditional types.
1641,Frontend,Frontend / TypeScript,Middle,Что такое utility types?
1642,Frontend,Frontend / TypeScript,Middle,Когда следует использовать keyof?
1643,Frontend,Frontend / TypeScript,Middle,Какие ограничения есть у typeof?
1644,Frontend,Frontend / TypeScript,Middle,Как типизировать решение с помощью indexed access types?
1645,Frontend,Frontend / TypeScript,Middle,Какие ошибки компилятора помогает обнаружить template literal types?
1646,Frontend,Frontend / TypeScript,Middle,Сравните declaration merging с похожей конструкцией.
1647,Frontend,Frontend / TypeScript,Middle,Как использовать module augmentation в большом проекте?
1648,Frontend,Frontend / TypeScript,Middle,Как тестировать код с decorators?
1649,Frontend,Frontend / TypeScript,Middle,Как мигрировать к strict mode с JavaScript?
1650,Frontend,Frontend / TypeScript,Middle,Приведите пример сложного случая с tsconfig.
1651,Frontend,Frontend / TypeScript,Middle,Что такое declaration files?
1652,Frontend,Frontend / TypeScript,Middle,Когда следует использовать type inference?
1653,Frontend,Frontend / TypeScript,Middle,Какие ограничения есть у structural typing?
1654,Frontend,Frontend / TypeScript,Middle,Как типизировать решение с помощью variance?
1655,Frontend,Frontend / TypeScript,Middle,Какие ошибки компилятора помогает обнаружить runtime validation?
1656,Frontend,Frontend / TypeScript,Middle,Сравните Zod integration с похожей конструкцией.
1657,Frontend,Frontend / TypeScript,Middle,Как использовать API typing в большом проекте?
1658,Frontend,Frontend / TypeScript,Middle,Как тестировать код с React event types?
1659,Frontend,Frontend / TypeScript,Middle,Как мигрировать к generic components с JavaScript?
1660,Frontend,Frontend / TypeScript,Middle,Приведите пример сложного случая с generic hooks.
1661,Frontend,Frontend / TypeScript,Middle,Что такое monorepo types?
1662,Frontend,Frontend / TypeScript,Middle,Когда следует использовать project references?
1663,Frontend,Frontend / TypeScript,Middle,Какие ограничения есть у migration from JavaScript?
1664,Frontend,Frontend / TypeScript,Middle,Как типизировать решение с помощью interfaces?
1665,Frontend,Frontend / TypeScript,Middle,Какие ошибки компилятора помогает обнаружить type aliases?
1666,Frontend,Frontend / TypeScript,Middle,Сравните generics с похожей конструкцией.
1667,Frontend,Frontend / TypeScript,Middle,Как использовать union types в большом проекте?
1668,Frontend,Frontend / TypeScript,Middle,Как тестировать код с intersection types?
1669,Frontend,Frontend / TypeScript,Middle,Как мигрировать к literal types с JavaScript?
1670,Frontend,Frontend / TypeScript,Middle,Приведите пример сложного случая с enums.
1671,Frontend,Frontend / TypeScript,Middle,Что такое unknown?
1672,Frontend,Frontend / TypeScript,Middle,Когда следует использовать any?
1673,Frontend,Frontend / TypeScript,Middle,Какие ограничения есть у never?
1674,Frontend,Frontend / TypeScript,Middle,Как типизировать решение с помощью void?
1675,Frontend,Frontend / TypeScript,Middle,Какие ошибки компилятора помогает обнаружить type guards?
1676,Frontend,Frontend / TypeScript,Middle,Сравните type predicates с похожей конструкцией.
1677,Frontend,Frontend / TypeScript,Middle,Как использовать discriminated unions в большом проекте?
1678,Frontend,Frontend / TypeScript,Middle,Как тестировать код с mapped types?
1679,Frontend,Frontend / TypeScript,Middle,Как мигрировать к conditional types с JavaScript?
1680,Frontend,Frontend / TypeScript,Middle,Приведите пример сложного случая с utility types.
1681,Frontend,Frontend / TypeScript,Middle,Что такое keyof?
1682,Frontend,Frontend / TypeScript,Middle,Когда следует использовать typeof?
1683,Frontend,Frontend / TypeScript,Middle,Какие ограничения есть у indexed access types?
1684,Frontend,Frontend / TypeScript,Middle,Как типизировать решение с помощью template literal types?
1685,Frontend,Frontend / TypeScript,Middle,Какие ошибки компилятора помогает обнаружить declaration merging?
1686,Frontend,Frontend / TypeScript,Middle,Сравните module augmentation с похожей конструкцией.
1687,Frontend,Frontend / TypeScript,Middle,Как использовать decorators в большом проекте?
1688,Frontend,Frontend / TypeScript,Middle,Как тестировать код с strict mode?
1689,Frontend,Frontend / TypeScript,Middle,Как мигрировать к tsconfig с JavaScript?
1690,Frontend,Frontend / TypeScript,Middle,Приведите пример сложного случая с declaration files.
1691,Frontend,Frontend / TypeScript,Middle,Что такое type inference?
1692,Frontend,Frontend / TypeScript,Middle,Когда следует использовать structural typing?
1693,Frontend,Frontend / TypeScript,Middle,Какие ограничения есть у variance?
1694,Frontend,Frontend / TypeScript,Middle,Как типизировать решение с помощью runtime validation?
1695,Frontend,Frontend / TypeScript,Middle,Какие ошибки компилятора помогает обнаружить Zod integration?
1696,Frontend,Frontend / TypeScript,Middle,Сравните API typing с похожей конструкцией.
1697,Frontend,Frontend / TypeScript,Middle,Как использовать React event types в большом проекте?
1698,Frontend,Frontend / TypeScript,Middle,Как тестировать код с generic components?
1699,Frontend,Frontend / TypeScript,Middle,Как мигрировать к generic hooks с JavaScript?
1700,Frontend,Frontend / TypeScript,Middle,Приведите пример сложного случая с monorepo types.
1701,Frontend,Frontend / TypeScript,Middle,Что такое project references?
1702,Frontend,Frontend / TypeScript,Middle,Когда следует использовать migration from JavaScript?
1703,Frontend,Frontend / TypeScript,Middle,Какие ограничения есть у interfaces?
1704,Frontend,Frontend / TypeScript,Middle,Как типизировать решение с помощью type aliases?
1705,Frontend,Frontend / TypeScript,Middle,Какие ошибки компилятора помогает обнаружить generics?
1706,Frontend,Frontend / TypeScript,Middle,Сравните union types с похожей конструкцией.
1707,Frontend,Frontend / TypeScript,Middle,Как использовать intersection types в большом проекте?
1708,Frontend,Frontend / TypeScript,Middle,Как тестировать код с literal types?
1709,Frontend,Frontend / TypeScript,Middle,Как мигрировать к enums с JavaScript?
1710,Frontend,Frontend / TypeScript,Middle,Приведите пример сложного случая с unknown.
1711,Frontend,Frontend / TypeScript,Middle,Что такое any?
1712,Frontend,Frontend / TypeScript,Middle,Когда следует использовать never?
1713,Frontend,Frontend / TypeScript,Middle,Какие ограничения есть у void?
1714,Frontend,Frontend / TypeScript,Middle,Как типизировать решение с помощью type guards?
1715,Frontend,Frontend / TypeScript,Middle,Какие ошибки компилятора помогает обнаружить type predicates?
1716,Frontend,Frontend / TypeScript,Middle,Сравните discriminated unions с похожей конструкцией.
1717,Frontend,Frontend / TypeScript,Middle,Как использовать mapped types в большом проекте?
1718,Frontend,Frontend / TypeScript,Middle,Как тестировать код с conditional types?
1719,Frontend,Frontend / TypeScript,Middle,Как мигрировать к utility types с JavaScript?
1720,Frontend,Frontend / TypeScript,Middle,Приведите пример сложного случая с keyof.
1721,Frontend,Frontend / TypeScript,Middle,Что такое typeof?
1722,Frontend,Frontend / TypeScript,Middle,Когда следует использовать indexed access types?
1723,Frontend,Frontend / TypeScript,Middle,Какие ограничения есть у template literal types?
1724,Frontend,Frontend / TypeScript,Middle,Как типизировать решение с помощью declaration merging?
1725,Frontend,Frontend / TypeScript,Middle,Какие ошибки компилятора помогает обнаружить module augmentation?
1726,Frontend,Frontend / TypeScript,Middle,Сравните decorators с похожей конструкцией.
1727,Frontend,Frontend / TypeScript,Middle,Как использовать strict mode в большом проекте?
1728,Frontend,Frontend / TypeScript,Middle,Как тестировать код с tsconfig?
1729,Frontend,Frontend / TypeScript,Middle,Как мигрировать к declaration files с JavaScript?
1730,Frontend,Frontend / TypeScript,Middle,Приведите пример сложного случая с type inference.
1731,Frontend,Frontend / TypeScript,Middle,Что такое structural typing?
1732,Frontend,Frontend / TypeScript,Middle,Когда следует использовать variance?
1733,Frontend,Frontend / TypeScript,Middle,Какие ограничения есть у runtime validation?
1734,Frontend,Frontend / TypeScript,Middle,Как типизировать решение с помощью Zod integration?
1735,Frontend,Frontend / TypeScript,Middle,Какие ошибки компилятора помогает обнаружить API typing?
1736,Frontend,Frontend / TypeScript,Middle,Сравните React event types с похожей конструкцией.
1737,Frontend,Frontend / TypeScript,Middle,Как использовать generic components в большом проекте?
1738,Frontend,Frontend / TypeScript,Middle,Как тестировать код с generic hooks?
1739,Frontend,Frontend / TypeScript,Middle,Как мигрировать к monorepo types с JavaScript?
1740,Frontend,Frontend / TypeScript,Middle,Приведите пример сложного случая с project references.
1741,Frontend,Frontend / TypeScript,Middle,Что такое migration from JavaScript?
1742,Frontend,Frontend / TypeScript,Middle,Когда следует использовать interfaces?
1743,Frontend,Frontend / TypeScript,Middle,Какие ограничения есть у type aliases?
1744,Frontend,Frontend / TypeScript,Middle,Как типизировать решение с помощью generics?
1745,Frontend,Frontend / TypeScript,Middle,Какие ошибки компилятора помогает обнаружить union types?
1746,Frontend,Frontend / TypeScript,Middle,Сравните intersection types с похожей конструкцией.
1747,Frontend,Frontend / TypeScript,Middle,Как использовать literal types в большом проекте?
1748,Frontend,Frontend / TypeScript,Middle,Как тестировать код с enums?
1749,Frontend,Frontend / TypeScript,Middle,Как мигрировать к unknown с JavaScript?
1750,Frontend,Frontend / TypeScript,Middle,Приведите пример сложного случая с any.
1751,Frontend,Frontend / TypeScript,Senior,Что такое never?
1752,Frontend,Frontend / TypeScript,Senior,Когда следует использовать void?
1753,Frontend,Frontend / TypeScript,Senior,Какие ограничения есть у type guards?
1754,Frontend,Frontend / TypeScript,Senior,Как типизировать решение с помощью type predicates?
1755,Frontend,Frontend / TypeScript,Senior,Какие ошибки компилятора помогает обнаружить discriminated unions?
1756,Frontend,Frontend / TypeScript,Senior,Сравните mapped types с похожей конструкцией.
1757,Frontend,Frontend / TypeScript,Senior,Как использовать conditional types в большом проекте?
1758,Frontend,Frontend / TypeScript,Senior,Как тестировать код с utility types?
1759,Frontend,Frontend / TypeScript,Senior,Как мигрировать к keyof с JavaScript?
1760,Frontend,Frontend / TypeScript,Senior,Приведите пример сложного случая с typeof.
1761,Frontend,Frontend / TypeScript,Senior,Что такое indexed access types?
1762,Frontend,Frontend / TypeScript,Senior,Когда следует использовать template literal types?
1763,Frontend,Frontend / TypeScript,Senior,Какие ограничения есть у declaration merging?
1764,Frontend,Frontend / TypeScript,Senior,Как типизировать решение с помощью module augmentation?
1765,Frontend,Frontend / TypeScript,Senior,Какие ошибки компилятора помогает обнаружить decorators?
1766,Frontend,Frontend / TypeScript,Senior,Сравните strict mode с похожей конструкцией.
1767,Frontend,Frontend / TypeScript,Senior,Как использовать tsconfig в большом проекте?
1768,Frontend,Frontend / TypeScript,Senior,Как тестировать код с declaration files?
1769,Frontend,Frontend / TypeScript,Senior,Как мигрировать к type inference с JavaScript?
1770,Frontend,Frontend / TypeScript,Senior,Приведите пример сложного случая с structural typing.
1771,Frontend,Frontend / TypeScript,Senior,Что такое variance?
1772,Frontend,Frontend / TypeScript,Senior,Когда следует использовать runtime validation?
1773,Frontend,Frontend / TypeScript,Senior,Какие ограничения есть у Zod integration?
1774,Frontend,Frontend / TypeScript,Senior,Как типизировать решение с помощью API typing?
1775,Frontend,Frontend / TypeScript,Senior,Какие ошибки компилятора помогает обнаружить React event types?
1776,Frontend,Frontend / TypeScript,Senior,Сравните generic components с похожей конструкцией.
1777,Frontend,Frontend / TypeScript,Senior,Как использовать generic hooks в большом проекте?
1778,Frontend,Frontend / TypeScript,Senior,Как тестировать код с monorepo types?
1779,Frontend,Frontend / TypeScript,Senior,Как мигрировать к project references с JavaScript?
1780,Frontend,Frontend / TypeScript,Senior,Приведите пример сложного случая с migration from JavaScript.
1781,Frontend,Frontend / TypeScript,Senior,Что такое interfaces?
1782,Frontend,Frontend / TypeScript,Senior,Когда следует использовать type aliases?
1783,Frontend,Frontend / TypeScript,Senior,Какие ограничения есть у generics?
1784,Frontend,Frontend / TypeScript,Senior,Как типизировать решение с помощью union types?
1785,Frontend,Frontend / TypeScript,Senior,Какие ошибки компилятора помогает обнаружить intersection types?
1786,Frontend,Frontend / TypeScript,Senior,Сравните literal types с похожей конструкцией.
1787,Frontend,Frontend / TypeScript,Senior,Как использовать enums в большом проекте?
1788,Frontend,Frontend / TypeScript,Senior,Как тестировать код с unknown?
1789,Frontend,Frontend / TypeScript,Senior,Как мигрировать к any с JavaScript?
1790,Frontend,Frontend / TypeScript,Senior,Приведите пример сложного случая с never.
1791,Frontend,Frontend / TypeScript,Senior,Что такое void?
1792,Frontend,Frontend / TypeScript,Senior,Когда следует использовать type guards?
1793,Frontend,Frontend / TypeScript,Senior,Какие ограничения есть у type predicates?
1794,Frontend,Frontend / TypeScript,Senior,Как типизировать решение с помощью discriminated unions?
1795,Frontend,Frontend / TypeScript,Senior,Какие ошибки компилятора помогает обнаружить mapped types?
1796,Frontend,Frontend / TypeScript,Senior,Сравните conditional types с похожей конструкцией.
1797,Frontend,Frontend / TypeScript,Senior,Как использовать utility types в большом проекте?
1798,Frontend,Frontend / TypeScript,Senior,Как тестировать код с keyof?
1799,Frontend,Frontend / TypeScript,Senior,Как мигрировать к typeof с JavaScript?
1800,Frontend,Frontend / TypeScript,Senior,Приведите пример сложного случая с indexed access types.
1801,Frontend,Frontend / TypeScript,Senior,Что такое template literal types?
1802,Frontend,Frontend / TypeScript,Senior,Когда следует использовать declaration merging?
1803,Frontend,Frontend / TypeScript,Senior,Какие ограничения есть у module augmentation?
1804,Frontend,Frontend / TypeScript,Senior,Как типизировать решение с помощью decorators?
1805,Frontend,Frontend / TypeScript,Senior,Какие ошибки компилятора помогает обнаружить strict mode?
1806,Frontend,Frontend / TypeScript,Senior,Сравните tsconfig с похожей конструкцией.
1807,Frontend,Frontend / TypeScript,Senior,Как использовать declaration files в большом проекте?
1808,Frontend,Frontend / TypeScript,Senior,Как тестировать код с type inference?
1809,Frontend,Frontend / TypeScript,Senior,Как мигрировать к structural typing с JavaScript?
1810,Frontend,Frontend / TypeScript,Senior,Приведите пример сложного случая с variance.
1811,Frontend,Frontend / TypeScript,Senior,Что такое runtime validation?
1812,Frontend,Frontend / TypeScript,Senior,Когда следует использовать Zod integration?
1813,Frontend,Frontend / TypeScript,Senior,Какие ограничения есть у API typing?
1814,Frontend,Frontend / TypeScript,Senior,Как типизировать решение с помощью React event types?
1815,Frontend,Frontend / TypeScript,Senior,Какие ошибки компилятора помогает обнаружить generic components?
1816,Frontend,Frontend / TypeScript,Senior,Сравните generic hooks с похожей конструкцией.
1817,Frontend,Frontend / TypeScript,Senior,Как использовать monorepo types в большом проекте?
1818,Frontend,Frontend / TypeScript,Senior,Как тестировать код с project references?
1819,Frontend,Frontend / TypeScript,Senior,Как мигрировать к migration from JavaScript с JavaScript?
1820,Frontend,Frontend / TypeScript,Senior,Приведите пример сложного случая с interfaces.
1821,Frontend,Frontend / TypeScript,Senior,Что такое type aliases?
1822,Frontend,Frontend / TypeScript,Senior,Когда следует использовать generics?
1823,Frontend,Frontend / TypeScript,Senior,Какие ограничения есть у union types?
1824,Frontend,Frontend / TypeScript,Senior,Как типизировать решение с помощью intersection types?
1825,Frontend,Frontend / TypeScript,Senior,Какие ошибки компилятора помогает обнаружить literal types?
1826,Frontend,Frontend / TypeScript,Senior,Сравните enums с похожей конструкцией.
1827,Frontend,Frontend / TypeScript,Senior,Как использовать unknown в большом проекте?
1828,Frontend,Frontend / TypeScript,Senior,Как тестировать код с any?
1829,Frontend,Frontend / TypeScript,Senior,Как мигрировать к never с JavaScript?
1830,Frontend,Frontend / TypeScript,Senior,Приведите пример сложного случая с void.
1831,Frontend,Frontend / TypeScript,Senior,Что такое type guards?
1832,Frontend,Frontend / TypeScript,Senior,Когда следует использовать type predicates?
1833,Frontend,Frontend / TypeScript,Senior,Какие ограничения есть у discriminated unions?
1834,Frontend,Frontend / TypeScript,Senior,Как типизировать решение с помощью mapped types?
1835,Frontend,Frontend / TypeScript,Senior,Какие ошибки компилятора помогает обнаружить conditional types?
1836,Frontend,Frontend / TypeScript,Senior,Сравните utility types с похожей конструкцией.
1837,Frontend,Frontend / TypeScript,Senior,Как использовать keyof в большом проекте?
1838,Frontend,Frontend / TypeScript,Senior,Как тестировать код с typeof?
1839,Frontend,Frontend / TypeScript,Senior,Как мигрировать к indexed access types с JavaScript?
1840,Frontend,Frontend / TypeScript,Senior,Приведите пример сложного случая с template literal types.
1841,Frontend,Frontend / TypeScript,Senior,Что такое declaration merging?
1842,Frontend,Frontend / TypeScript,Senior,Когда следует использовать module augmentation?
1843,Frontend,Frontend / TypeScript,Senior,Какие ограничения есть у decorators?
1844,Frontend,Frontend / TypeScript,Senior,Как типизировать решение с помощью strict mode?
1845,Frontend,Frontend / TypeScript,Senior,Какие ошибки компилятора помогает обнаружить tsconfig?
1846,Frontend,Frontend / TypeScript,Senior,Сравните declaration files с похожей конструкцией.
1847,Frontend,Frontend / TypeScript,Senior,Как использовать type inference в большом проекте?
1848,Frontend,Frontend / TypeScript,Senior,Как тестировать код с structural typing?
1849,Frontend,Frontend / TypeScript,Senior,Как мигрировать к variance с JavaScript?
1850,Frontend,Frontend / TypeScript,Senior,Приведите пример сложного случая с runtime validation.
1851,Frontend,Frontend / TypeScript,Senior,Что такое Zod integration?
1852,Frontend,Frontend / TypeScript,Senior,Когда следует использовать API typing?
1853,Frontend,Frontend / TypeScript,Senior,Какие ограничения есть у React event types?
1854,Frontend,Frontend / TypeScript,Senior,Как типизировать решение с помощью generic components?
1855,Frontend,Frontend / TypeScript,Senior,Какие ошибки компилятора помогает обнаружить generic hooks?
1856,Frontend,Frontend / TypeScript,Senior,Сравните monorepo types с похожей конструкцией.
1857,Frontend,Frontend / TypeScript,Senior,Как использовать project references в большом проекте?
1858,Frontend,Frontend / TypeScript,Senior,Как тестировать код с migration from JavaScript?
1859,Frontend,Frontend / TypeScript,Senior,Как мигрировать к interfaces с JavaScript?
1860,Frontend,Frontend / TypeScript,Senior,Приведите пример сложного случая с type aliases.
1861,Frontend,Frontend / TypeScript,Senior,Что такое generics?
1862,Frontend,Frontend / TypeScript,Senior,Когда следует использовать union types?
1863,Frontend,Frontend / TypeScript,Senior,Какие ограничения есть у intersection types?
1864,Frontend,Frontend / TypeScript,Senior,Как типизировать решение с помощью literal types?
1865,Frontend,Frontend / TypeScript,Senior,Какие ошибки компилятора помогает обнаружить enums?
1866,Frontend,Frontend / TypeScript,Senior,Сравните unknown с похожей конструкцией.
1867,Frontend,Frontend / TypeScript,Senior,Как использовать any в большом проекте?
1868,Frontend,Frontend / TypeScript,Senior,Как тестировать код с never?
1869,Frontend,Frontend / TypeScript,Senior,Как мигрировать к void с JavaScript?
1870,Frontend,Frontend / TypeScript,Senior,Приведите пример сложного случая с type guards.
1871,Frontend,Frontend / TypeScript,Senior,Что такое type predicates?
1872,Frontend,Frontend / TypeScript,Senior,Когда следует использовать discriminated unions?
1873,Frontend,Frontend / TypeScript,Senior,Какие ограничения есть у mapped types?
1874,Frontend,Frontend / TypeScript,Senior,Как типизировать решение с помощью conditional types?
1875,Frontend,Frontend / TypeScript,Senior,Какие ошибки компилятора помогает обнаружить utility types?
1876,Frontend,Frontend / TypeScript,Senior,Сравните keyof с похожей конструкцией.
1877,Frontend,Frontend / TypeScript,Senior,Как использовать typeof в большом проекте?
1878,Frontend,Frontend / TypeScript,Senior,Как тестировать код с indexed access types?
1879,Frontend,Frontend / TypeScript,Senior,Как мигрировать к template literal types с JavaScript?
1880,Frontend,Frontend / TypeScript,Senior,Приведите пример сложного случая с declaration merging.
1881,Frontend,Frontend / TypeScript,Senior,Что такое module augmentation?
1882,Frontend,Frontend / TypeScript,Senior,Когда следует использовать decorators?
1883,Frontend,Frontend / TypeScript,Senior,Какие ограничения есть у strict mode?
1884,Frontend,Frontend / TypeScript,Senior,Как типизировать решение с помощью tsconfig?
1885,Frontend,Frontend / TypeScript,Senior,Какие ошибки компилятора помогает обнаружить declaration files?
1886,Frontend,Frontend / TypeScript,Senior,Сравните type inference с похожей конструкцией.
1887,Frontend,Frontend / TypeScript,Senior,Как использовать structural typing в большом проекте?
1888,Frontend,Frontend / TypeScript,Senior,Как тестировать код с variance?
1889,Frontend,Frontend / TypeScript,Senior,Как мигрировать к runtime validation с JavaScript?
1890,Frontend,Frontend / TypeScript,Senior,Приведите пример сложного случая с Zod integration.
1891,Frontend,Frontend / TypeScript,Senior,Что такое API typing?
1892,Frontend,Frontend / TypeScript,Senior,Когда следует использовать React event types?
1893,Frontend,Frontend / TypeScript,Senior,Какие ограничения есть у generic components?
1894,Frontend,Frontend / TypeScript,Senior,Как типизировать решение с помощью generic hooks?
1895,Frontend,Frontend / TypeScript,Senior,Какие ошибки компилятора помогает обнаружить monorepo types?
1896,Frontend,Frontend / TypeScript,Senior,Сравните project references с похожей конструкцией.
1897,Frontend,Frontend / TypeScript,Senior,Как использовать migration from JavaScript в большом проекте?
1898,Frontend,Frontend / TypeScript,Senior,Как тестировать код с interfaces?
1899,Frontend,Frontend / TypeScript,Senior,Как мигрировать к type aliases с JavaScript?
1900,Frontend,Frontend / TypeScript,Senior,Приведите пример сложного случая с generics.
1901,Frontend,Frontend / TypeScript,Senior,Что такое union types?
1902,Frontend,Frontend / TypeScript,Senior,Когда следует использовать intersection types?
1903,Frontend,Frontend / TypeScript,Senior,Какие ограничения есть у literal types?
1904,Frontend,Frontend / TypeScript,Senior,Как типизировать решение с помощью enums?
1905,Frontend,Frontend / TypeScript,Senior,Какие ошибки компилятора помогает обнаружить unknown?
1906,Frontend,Frontend / TypeScript,Senior,Сравните any с похожей конструкцией.
1907,Frontend,Frontend / TypeScript,Senior,Как использовать never в большом проекте?
1908,Frontend,Frontend / TypeScript,Senior,Как тестировать код с void?
1909,Frontend,Frontend / TypeScript,Senior,Как мигрировать к type guards с JavaScript?
1910,Frontend,Frontend / TypeScript,Senior,Приведите пример сложного случая с type predicates.
1911,Frontend,Frontend / TypeScript,Senior,Что такое discriminated unions?
1912,Frontend,Frontend / TypeScript,Senior,Когда следует использовать mapped types?
1913,Frontend,Frontend / TypeScript,Senior,Какие ограничения есть у conditional types?
1914,Frontend,Frontend / TypeScript,Senior,Как типизировать решение с помощью utility types?
1915,Frontend,Frontend / TypeScript,Senior,Какие ошибки компилятора помогает обнаружить keyof?
1916,Frontend,Frontend / TypeScript,Senior,Сравните typeof с похожей конструкцией.
1917,Frontend,Frontend / TypeScript,Senior,Как использовать indexed access types в большом проекте?
1918,Frontend,Frontend / TypeScript,Senior,Как тестировать код с template literal types?
1919,Frontend,Frontend / TypeScript,Senior,Как мигрировать к declaration merging с JavaScript?
1920,Frontend,Frontend / TypeScript,Senior,Приведите пример сложного случая с module augmentation.
1921,Frontend,Frontend / TypeScript,Senior,Что такое decorators?
1922,Frontend,Frontend / TypeScript,Senior,Когда следует использовать strict mode?
1923,Frontend,Frontend / TypeScript,Senior,Какие ограничения есть у tsconfig?
1924,Frontend,Frontend / TypeScript,Senior,Как типизировать решение с помощью declaration files?
1925,Frontend,Frontend / TypeScript,Senior,Какие ошибки компилятора помогает обнаружить type inference?
1926,Frontend,Frontend / TypeScript,Senior,Сравните structural typing с похожей конструкцией.
1927,Frontend,Frontend / TypeScript,Senior,Как использовать variance в большом проекте?
1928,Frontend,Frontend / TypeScript,Senior,Как тестировать код с runtime validation?
1929,Frontend,Frontend / TypeScript,Senior,Как мигрировать к Zod integration с JavaScript?
1930,Frontend,Frontend / TypeScript,Senior,Приведите пример сложного случая с API typing.
1931,Frontend,Frontend / TypeScript,Senior,Что такое React event types?
1932,Frontend,Frontend / TypeScript,Senior,Когда следует использовать generic components?
1933,Frontend,Frontend / TypeScript,Senior,Какие ограничения есть у generic hooks?
1934,Frontend,Frontend / TypeScript,Senior,Как типизировать решение с помощью monorepo types?
1935,Frontend,Frontend / TypeScript,Senior,Какие ошибки компилятора помогает обнаружить project references?
1936,Frontend,Frontend / TypeScript,Senior,Сравните migration from JavaScript с похожей конструкцией.
1937,Frontend,Frontend / TypeScript,Senior,Как использовать interfaces в большом проекте?
1938,Frontend,Frontend / TypeScript,Senior,Как тестировать код с type aliases?
1939,Frontend,Frontend / TypeScript,Senior,Как мигрировать к generics с JavaScript?
1940,Frontend,Frontend / TypeScript,Senior,Приведите пример сложного случая с union types.
1941,Frontend,Frontend / TypeScript,Senior,Что такое intersection types?
1942,Frontend,Frontend / TypeScript,Senior,Когда следует использовать literal types?
1943,Frontend,Frontend / TypeScript,Senior,Какие ограничения есть у enums?
1944,Frontend,Frontend / TypeScript,Senior,Как типизировать решение с помощью unknown?
1945,Frontend,Frontend / TypeScript,Senior,Какие ошибки компилятора помогает обнаружить any?
1946,Frontend,Frontend / TypeScript,Senior,Сравните never с похожей конструкцией.
1947,Frontend,Frontend / TypeScript,Senior,Как использовать void в большом проекте?
1948,Frontend,Frontend / TypeScript,Senior,Как тестировать код с type guards?
1949,Frontend,Frontend / TypeScript,Senior,Как мигрировать к type predicates с JavaScript?
1950,Frontend,Frontend / TypeScript,Senior,Приведите пример сложного случая с discriminated unions.
1951,Frontend,Frontend / TypeScript,Senior,Что такое mapped types?
1952,Frontend,Frontend / TypeScript,Senior,Когда следует использовать conditional types?
1953,Frontend,Frontend / TypeScript,Senior,Какие ограничения есть у utility types?
1954,Frontend,Frontend / TypeScript,Senior,Как типизировать решение с помощью keyof?
1955,Frontend,Frontend / TypeScript,Senior,Какие ошибки компилятора помогает обнаружить typeof?
1956,Frontend,Frontend / TypeScript,Senior,Сравните indexed access types с похожей конструкцией.
1957,Frontend,Frontend / TypeScript,Senior,Как использовать template literal types в большом проекте?
1958,Frontend,Frontend / TypeScript,Senior,Как тестировать код с declaration merging?
1959,Frontend,Frontend / TypeScript,Senior,Как мигрировать к module augmentation с JavaScript?
1960,Frontend,Frontend / TypeScript,Senior,Приведите пример сложного случая с decorators.
1961,Frontend,Frontend / TypeScript,Senior,Что такое strict mode?
1962,Frontend,Frontend / TypeScript,Senior,Когда следует использовать tsconfig?
1963,Frontend,Frontend / TypeScript,Senior,Какие ограничения есть у declaration files?
1964,Frontend,Frontend / TypeScript,Senior,Как типизировать решение с помощью type inference?
1965,Frontend,Frontend / TypeScript,Senior,Какие ошибки компилятора помогает обнаружить structural typing?
1966,Frontend,Frontend / TypeScript,Senior,Сравните variance с похожей конструкцией.
1967,Frontend,Frontend / TypeScript,Senior,Как использовать runtime validation в большом проекте?
1968,Frontend,Frontend / TypeScript,Senior,Как тестировать код с Zod integration?
1969,Frontend,Frontend / TypeScript,Senior,Как мигрировать к API typing с JavaScript?
1970,Frontend,Frontend / TypeScript,Senior,Приведите пример сложного случая с React event types.
1971,Frontend,Frontend / TypeScript,Senior,Что такое generic components?
1972,Frontend,Frontend / TypeScript,Senior,Когда следует использовать generic hooks?
1973,Frontend,Frontend / TypeScript,Senior,Какие ограничения есть у monorepo types?
1974,Frontend,Frontend / TypeScript,Senior,Как типизировать решение с помощью project references?
1975,Frontend,Frontend / TypeScript,Senior,Какие ошибки компилятора помогает обнаружить migration from JavaScript?
1976,Frontend,Frontend / TypeScript,Senior,Сравните interfaces с похожей конструкцией.
1977,Frontend,Frontend / TypeScript,Senior,Как использовать type aliases в большом проекте?
1978,Frontend,Frontend / TypeScript,Senior,Как тестировать код с generics?
1979,Frontend,Frontend / TypeScript,Senior,Как мигрировать к union types с JavaScript?
1980,Frontend,Frontend / TypeScript,Senior,Приведите пример сложного случая с intersection types.
1981,Frontend,Frontend / TypeScript,Senior,Что такое literal types?
1982,Frontend,Frontend / TypeScript,Senior,Когда следует использовать enums?
1983,Frontend,Frontend / TypeScript,Senior,Какие ограничения есть у unknown?
1984,Frontend,Frontend / TypeScript,Senior,Как типизировать решение с помощью any?
1985,Frontend,Frontend / TypeScript,Senior,Какие ошибки компилятора помогает обнаружить never?
1986,Frontend,Frontend / TypeScript,Senior,Сравните void с похожей конструкцией.
1987,Frontend,Frontend / TypeScript,Senior,Как использовать type guards в большом проекте?
1988,Frontend,Frontend / TypeScript,Senior,Как тестировать код с type predicates?
1989,Frontend,Frontend / TypeScript,Senior,Как мигрировать к discriminated unions с JavaScript?
1990,Frontend,Frontend / TypeScript,Senior,Приведите пример сложного случая с mapped types.
1991,Frontend,Frontend / TypeScript,Senior,Что такое conditional types?
1992,Frontend,Frontend / TypeScript,Senior,Когда следует использовать utility types?
1993,Frontend,Frontend / TypeScript,Senior,Какие ограничения есть у keyof?
1994,Frontend,Frontend / TypeScript,Senior,Как типизировать решение с помощью typeof?
1995,Frontend,Frontend / TypeScript,Senior,Какие ошибки компилятора помогает обнаружить indexed access types?
1996,Frontend,Frontend / TypeScript,Senior,Сравните template literal types с похожей конструкцией.
1997,Frontend,Frontend / TypeScript,Senior,Как использовать declaration merging в большом проекте?
1998,Frontend,Frontend / TypeScript,Senior,Как тестировать код с module augmentation?
1999,Frontend,Frontend / TypeScript,Senior,Как мигрировать к decorators с JavaScript?
2000,Frontend,Frontend / TypeScript,Senior,Приведите пример сложного случая с strict mode.
2001,Frontend,Frontend / HTML CSS Browser,Junior,Что такое semantic HTML?
2002,Frontend,Frontend / HTML CSS Browser,Junior,Как работает forms в браузере?
2003,Frontend,Frontend / HTML CSS Browser,Junior,Какие ошибки бывают при использовании labels?
2004,Frontend,Frontend / HTML CSS Browser,Junior,Как улучшить доступность решения с ARIA?
2005,Frontend,Frontend / HTML CSS Browser,Junior,Как оптимизировать keyboard navigation?
2006,Frontend,Frontend / HTML CSS Browser,Junior,Сравните focus management с альтернативой.
2007,Frontend,Frontend / HTML CSS Browser,Junior,"Как отладить проблему, связанную с landmarks?"
2008,Frontend,Frontend / HTML CSS Browser,Junior,Как SEO metadata влияет на SEO?
2009,Frontend,Frontend / HTML CSS Browser,Junior,Как doctype влияет на производительность?
2010,Frontend,Frontend / HTML CSS Browser,Junior,Приведите практический пример использования DOM.
2011,Frontend,Frontend / HTML CSS Browser,Junior,Что такое CSSOM?
2012,Frontend,Frontend / HTML CSS Browser,Junior,Как работает render tree в браузере?
2013,Frontend,Frontend / HTML CSS Browser,Junior,Какие ошибки бывают при использовании critical rendering path?
2014,Frontend,Frontend / HTML CSS Browser,Junior,Как улучшить доступность решения с reflow?
2015,Frontend,Frontend / HTML CSS Browser,Junior,Как оптимизировать repaint?
2016,Frontend,Frontend / HTML CSS Browser,Junior,Сравните compositing с альтернативой.
2017,Frontend,Frontend / HTML CSS Browser,Junior,"Как отладить проблему, связанную с specificity?"
2018,Frontend,Frontend / HTML CSS Browser,Junior,Как cascade layers влияет на SEO?
2019,Frontend,Frontend / HTML CSS Browser,Junior,Как inheritance влияет на производительность?
2020,Frontend,Frontend / HTML CSS Browser,Junior,Приведите практический пример использования flexbox.
2021,Frontend,Frontend / HTML CSS Browser,Junior,Что такое grid?
2022,Frontend,Frontend / HTML CSS Browser,Junior,Как работает container queries в браузере?
2023,Frontend,Frontend / HTML CSS Browser,Junior,Какие ошибки бывают при использовании media queries?
2024,Frontend,Frontend / HTML CSS Browser,Junior,Как улучшить доступность решения с responsive images?
2025,Frontend,Frontend / HTML CSS Browser,Junior,Как оптимизировать aspect-ratio?
2026,Frontend,Frontend / HTML CSS Browser,Junior,Сравните position sticky с альтернативой.
2027,Frontend,Frontend / HTML CSS Browser,Junior,"Как отладить проблему, связанную с stacking context?"
2028,Frontend,Frontend / HTML CSS Browser,Junior,Как z-index влияет на SEO?
2029,Frontend,Frontend / HTML CSS Browser,Junior,Как custom properties влияет на производительность?
2030,Frontend,Frontend / HTML CSS Browser,Junior,Приведите практический пример использования BEM.
2031,Frontend,Frontend / HTML CSS Browser,Junior,Что такое CSS modules?
2032,Frontend,Frontend / HTML CSS Browser,Junior,Как работает shadow DOM в браузере?
2033,Frontend,Frontend / HTML CSS Browser,Junior,Какие ошибки бывают при использовании web components?
2034,Frontend,Frontend / HTML CSS Browser,Junior,Как улучшить доступность решения с cookies?
2035,Frontend,Frontend / HTML CSS Browser,Junior,Как оптимизировать localStorage?
2036,Frontend,Frontend / HTML CSS Browser,Junior,Сравните sessionStorage с альтернативой.
2037,Frontend,Frontend / HTML CSS Browser,Junior,"Как отладить проблему, связанную с IndexedDB?"
2038,Frontend,Frontend / HTML CSS Browser,Junior,Как CORS влияет на SEO?
2039,Frontend,Frontend / HTML CSS Browser,Junior,Как CSP влияет на производительность?
2040,Frontend,Frontend / HTML CSS Browser,Junior,Приведите практический пример использования Service Worker.
2041,Frontend,Frontend / HTML CSS Browser,Junior,Что такое semantic HTML?
2042,Frontend,Frontend / HTML CSS Browser,Junior,Как работает forms в браузере?
2043,Frontend,Frontend / HTML CSS Browser,Junior,Какие ошибки бывают при использовании labels?
2044,Frontend,Frontend / HTML CSS Browser,Junior,Как улучшить доступность решения с ARIA?
2045,Frontend,Frontend / HTML CSS Browser,Junior,Как оптимизировать keyboard navigation?
2046,Frontend,Frontend / HTML CSS Browser,Junior,Сравните focus management с альтернативой.
2047,Frontend,Frontend / HTML CSS Browser,Junior,"Как отладить проблему, связанную с landmarks?"
2048,Frontend,Frontend / HTML CSS Browser,Junior,Как SEO metadata влияет на SEO?
2049,Frontend,Frontend / HTML CSS Browser,Junior,Как doctype влияет на производительность?
2050,Frontend,Frontend / HTML CSS Browser,Junior,Приведите практический пример использования DOM.
2051,Frontend,Frontend / HTML CSS Browser,Junior,Что такое CSSOM?
2052,Frontend,Frontend / HTML CSS Browser,Junior,Как работает render tree в браузере?
2053,Frontend,Frontend / HTML CSS Browser,Junior,Какие ошибки бывают при использовании critical rendering path?
2054,Frontend,Frontend / HTML CSS Browser,Junior,Как улучшить доступность решения с reflow?
2055,Frontend,Frontend / HTML CSS Browser,Junior,Как оптимизировать repaint?
2056,Frontend,Frontend / HTML CSS Browser,Junior,Сравните compositing с альтернативой.
2057,Frontend,Frontend / HTML CSS Browser,Junior,"Как отладить проблему, связанную с specificity?"
2058,Frontend,Frontend / HTML CSS Browser,Junior,Как cascade layers влияет на SEO?
2059,Frontend,Frontend / HTML CSS Browser,Junior,Как inheritance влияет на производительность?
2060,Frontend,Frontend / HTML CSS Browser,Junior,Приведите практический пример использования flexbox.
2061,Frontend,Frontend / HTML CSS Browser,Junior,Что такое grid?
2062,Frontend,Frontend / HTML CSS Browser,Junior,Как работает container queries в браузере?
2063,Frontend,Frontend / HTML CSS Browser,Junior,Какие ошибки бывают при использовании media queries?
2064,Frontend,Frontend / HTML CSS Browser,Junior,Как улучшить доступность решения с responsive images?
2065,Frontend,Frontend / HTML CSS Browser,Junior,Как оптимизировать aspect-ratio?
2066,Frontend,Frontend / HTML CSS Browser,Junior,Сравните position sticky с альтернативой.
2067,Frontend,Frontend / HTML CSS Browser,Junior,"Как отладить проблему, связанную с stacking context?"
2068,Frontend,Frontend / HTML CSS Browser,Junior,Как z-index влияет на SEO?
2069,Frontend,Frontend / HTML CSS Browser,Junior,Как custom properties влияет на производительность?
2070,Frontend,Frontend / HTML CSS Browser,Junior,Приведите практический пример использования BEM.
2071,Frontend,Frontend / HTML CSS Browser,Junior,Что такое CSS modules?
2072,Frontend,Frontend / HTML CSS Browser,Junior,Как работает shadow DOM в браузере?
2073,Frontend,Frontend / HTML CSS Browser,Junior,Какие ошибки бывают при использовании web components?
2074,Frontend,Frontend / HTML CSS Browser,Junior,Как улучшить доступность решения с cookies?
2075,Frontend,Frontend / HTML CSS Browser,Junior,Как оптимизировать localStorage?
2076,Frontend,Frontend / HTML CSS Browser,Junior,Сравните sessionStorage с альтернативой.
2077,Frontend,Frontend / HTML CSS Browser,Junior,"Как отладить проблему, связанную с IndexedDB?"
2078,Frontend,Frontend / HTML CSS Browser,Junior,Как CORS влияет на SEO?
2079,Frontend,Frontend / HTML CSS Browser,Junior,Как CSP влияет на производительность?
2080,Frontend,Frontend / HTML CSS Browser,Junior,Приведите практический пример использования Service Worker.
2081,Frontend,Frontend / HTML CSS Browser,Junior,Что такое semantic HTML?
2082,Frontend,Frontend / HTML CSS Browser,Junior,Как работает forms в браузере?
2083,Frontend,Frontend / HTML CSS Browser,Junior,Какие ошибки бывают при использовании labels?
2084,Frontend,Frontend / HTML CSS Browser,Junior,Как улучшить доступность решения с ARIA?
2085,Frontend,Frontend / HTML CSS Browser,Junior,Как оптимизировать keyboard navigation?
2086,Frontend,Frontend / HTML CSS Browser,Junior,Сравните focus management с альтернативой.
2087,Frontend,Frontend / HTML CSS Browser,Junior,"Как отладить проблему, связанную с landmarks?"
2088,Frontend,Frontend / HTML CSS Browser,Junior,Как SEO metadata влияет на SEO?
2089,Frontend,Frontend / HTML CSS Browser,Junior,Как doctype влияет на производительность?
2090,Frontend,Frontend / HTML CSS Browser,Junior,Приведите практический пример использования DOM.
2091,Frontend,Frontend / HTML CSS Browser,Junior,Что такое CSSOM?
2092,Frontend,Frontend / HTML CSS Browser,Junior,Как работает render tree в браузере?
2093,Frontend,Frontend / HTML CSS Browser,Junior,Какие ошибки бывают при использовании critical rendering path?
2094,Frontend,Frontend / HTML CSS Browser,Junior,Как улучшить доступность решения с reflow?
2095,Frontend,Frontend / HTML CSS Browser,Junior,Как оптимизировать repaint?
2096,Frontend,Frontend / HTML CSS Browser,Junior,Сравните compositing с альтернативой.
2097,Frontend,Frontend / HTML CSS Browser,Junior,"Как отладить проблему, связанную с specificity?"
2098,Frontend,Frontend / HTML CSS Browser,Junior,Как cascade layers влияет на SEO?
2099,Frontend,Frontend / HTML CSS Browser,Junior,Как inheritance влияет на производительность?
2100,Frontend,Frontend / HTML CSS Browser,Junior,Приведите практический пример использования flexbox.
2101,Frontend,Frontend / HTML CSS Browser,Junior,Что такое grid?
2102,Frontend,Frontend / HTML CSS Browser,Junior,Как работает container queries в браузере?
2103,Frontend,Frontend / HTML CSS Browser,Junior,Какие ошибки бывают при использовании media queries?
2104,Frontend,Frontend / HTML CSS Browser,Junior,Как улучшить доступность решения с responsive images?
2105,Frontend,Frontend / HTML CSS Browser,Junior,Как оптимизировать aspect-ratio?
2106,Frontend,Frontend / HTML CSS Browser,Junior,Сравните position sticky с альтернативой.
2107,Frontend,Frontend / HTML CSS Browser,Junior,"Как отладить проблему, связанную с stacking context?"
2108,Frontend,Frontend / HTML CSS Browser,Junior,Как z-index влияет на SEO?
2109,Frontend,Frontend / HTML CSS Browser,Junior,Как custom properties влияет на производительность?
2110,Frontend,Frontend / HTML CSS Browser,Junior,Приведите практический пример использования BEM.
2111,Frontend,Frontend / HTML CSS Browser,Junior,Что такое CSS modules?
2112,Frontend,Frontend / HTML CSS Browser,Junior,Как работает shadow DOM в браузере?
2113,Frontend,Frontend / HTML CSS Browser,Junior,Какие ошибки бывают при использовании web components?
2114,Frontend,Frontend / HTML CSS Browser,Junior,Как улучшить доступность решения с cookies?
2115,Frontend,Frontend / HTML CSS Browser,Junior,Как оптимизировать localStorage?
2116,Frontend,Frontend / HTML CSS Browser,Junior,Сравните sessionStorage с альтернативой.
2117,Frontend,Frontend / HTML CSS Browser,Junior,"Как отладить проблему, связанную с IndexedDB?"
2118,Frontend,Frontend / HTML CSS Browser,Junior,Как CORS влияет на SEO?
2119,Frontend,Frontend / HTML CSS Browser,Junior,Как CSP влияет на производительность?
2120,Frontend,Frontend / HTML CSS Browser,Junior,Приведите практический пример использования Service Worker.
2121,Frontend,Frontend / HTML CSS Browser,Junior,Что такое semantic HTML?
2122,Frontend,Frontend / HTML CSS Browser,Junior,Как работает forms в браузере?
2123,Frontend,Frontend / HTML CSS Browser,Junior,Какие ошибки бывают при использовании labels?
2124,Frontend,Frontend / HTML CSS Browser,Junior,Как улучшить доступность решения с ARIA?
2125,Frontend,Frontend / HTML CSS Browser,Junior,Как оптимизировать keyboard navigation?
2126,Frontend,Frontend / HTML CSS Browser,Junior,Сравните focus management с альтернативой.
2127,Frontend,Frontend / HTML CSS Browser,Junior,"Как отладить проблему, связанную с landmarks?"
2128,Frontend,Frontend / HTML CSS Browser,Junior,Как SEO metadata влияет на SEO?
2129,Frontend,Frontend / HTML CSS Browser,Junior,Как doctype влияет на производительность?
2130,Frontend,Frontend / HTML CSS Browser,Junior,Приведите практический пример использования DOM.
2131,Frontend,Frontend / HTML CSS Browser,Junior,Что такое CSSOM?
2132,Frontend,Frontend / HTML CSS Browser,Junior,Как работает render tree в браузере?
2133,Frontend,Frontend / HTML CSS Browser,Junior,Какие ошибки бывают при использовании critical rendering path?
2134,Frontend,Frontend / HTML CSS Browser,Junior,Как улучшить доступность решения с reflow?
2135,Frontend,Frontend / HTML CSS Browser,Junior,Как оптимизировать repaint?
2136,Frontend,Frontend / HTML CSS Browser,Junior,Сравните compositing с альтернативой.
2137,Frontend,Frontend / HTML CSS Browser,Junior,"Как отладить проблему, связанную с specificity?"
2138,Frontend,Frontend / HTML CSS Browser,Junior,Как cascade layers влияет на SEO?
2139,Frontend,Frontend / HTML CSS Browser,Junior,Как inheritance влияет на производительность?
2140,Frontend,Frontend / HTML CSS Browser,Junior,Приведите практический пример использования flexbox.
2141,Frontend,Frontend / HTML CSS Browser,Junior,Что такое grid?
2142,Frontend,Frontend / HTML CSS Browser,Junior,Как работает container queries в браузере?
2143,Frontend,Frontend / HTML CSS Browser,Junior,Какие ошибки бывают при использовании media queries?
2144,Frontend,Frontend / HTML CSS Browser,Junior,Как улучшить доступность решения с responsive images?
2145,Frontend,Frontend / HTML CSS Browser,Junior,Как оптимизировать aspect-ratio?
2146,Frontend,Frontend / HTML CSS Browser,Junior,Сравните position sticky с альтернативой.
2147,Frontend,Frontend / HTML CSS Browser,Junior,"Как отладить проблему, связанную с stacking context?"
2148,Frontend,Frontend / HTML CSS Browser,Junior,Как z-index влияет на SEO?
2149,Frontend,Frontend / HTML CSS Browser,Junior,Как custom properties влияет на производительность?
2150,Frontend,Frontend / HTML CSS Browser,Junior,Приведите практический пример использования BEM.
2151,Frontend,Frontend / HTML CSS Browser,Junior,Что такое CSS modules?
2152,Frontend,Frontend / HTML CSS Browser,Junior,Как работает shadow DOM в браузере?
2153,Frontend,Frontend / HTML CSS Browser,Junior,Какие ошибки бывают при использовании web components?
2154,Frontend,Frontend / HTML CSS Browser,Junior,Как улучшить доступность решения с cookies?
2155,Frontend,Frontend / HTML CSS Browser,Junior,Как оптимизировать localStorage?
2156,Frontend,Frontend / HTML CSS Browser,Junior,Сравните sessionStorage с альтернативой.
2157,Frontend,Frontend / HTML CSS Browser,Junior,"Как отладить проблему, связанную с IndexedDB?"
2158,Frontend,Frontend / HTML CSS Browser,Junior,Как CORS влияет на SEO?
2159,Frontend,Frontend / HTML CSS Browser,Junior,Как CSP влияет на производительность?
2160,Frontend,Frontend / HTML CSS Browser,Junior,Приведите практический пример использования Service Worker.
2161,Frontend,Frontend / HTML CSS Browser,Junior,Что такое semantic HTML?
2162,Frontend,Frontend / HTML CSS Browser,Junior,Как работает forms в браузере?
2163,Frontend,Frontend / HTML CSS Browser,Junior,Какие ошибки бывают при использовании labels?
2164,Frontend,Frontend / HTML CSS Browser,Junior,Как улучшить доступность решения с ARIA?
2165,Frontend,Frontend / HTML CSS Browser,Junior,Как оптимизировать keyboard navigation?
2166,Frontend,Frontend / HTML CSS Browser,Junior,Сравните focus management с альтернативой.
2167,Frontend,Frontend / HTML CSS Browser,Junior,"Как отладить проблему, связанную с landmarks?"
2168,Frontend,Frontend / HTML CSS Browser,Junior,Как SEO metadata влияет на SEO?
2169,Frontend,Frontend / HTML CSS Browser,Junior,Как doctype влияет на производительность?
2170,Frontend,Frontend / HTML CSS Browser,Junior,Приведите практический пример использования DOM.
2171,Frontend,Frontend / HTML CSS Browser,Junior,Что такое CSSOM?
2172,Frontend,Frontend / HTML CSS Browser,Junior,Как работает render tree в браузере?
2173,Frontend,Frontend / HTML CSS Browser,Junior,Какие ошибки бывают при использовании critical rendering path?
2174,Frontend,Frontend / HTML CSS Browser,Junior,Как улучшить доступность решения с reflow?
2175,Frontend,Frontend / HTML CSS Browser,Junior,Как оптимизировать repaint?
2176,Frontend,Frontend / HTML CSS Browser,Junior,Сравните compositing с альтернативой.
2177,Frontend,Frontend / HTML CSS Browser,Junior,"Как отладить проблему, связанную с specificity?"
2178,Frontend,Frontend / HTML CSS Browser,Junior,Как cascade layers влияет на SEO?
2179,Frontend,Frontend / HTML CSS Browser,Junior,Как inheritance влияет на производительность?
2180,Frontend,Frontend / HTML CSS Browser,Junior,Приведите практический пример использования flexbox.
2181,Frontend,Frontend / HTML CSS Browser,Junior,Что такое grid?
2182,Frontend,Frontend / HTML CSS Browser,Junior,Как работает container queries в браузере?
2183,Frontend,Frontend / HTML CSS Browser,Junior,Какие ошибки бывают при использовании media queries?
2184,Frontend,Frontend / HTML CSS Browser,Junior,Как улучшить доступность решения с responsive images?
2185,Frontend,Frontend / HTML CSS Browser,Junior,Как оптимизировать aspect-ratio?
2186,Frontend,Frontend / HTML CSS Browser,Junior,Сравните position sticky с альтернативой.
2187,Frontend,Frontend / HTML CSS Browser,Junior,"Как отладить проблему, связанную с stacking context?"
2188,Frontend,Frontend / HTML CSS Browser,Junior,Как z-index влияет на SEO?
2189,Frontend,Frontend / HTML CSS Browser,Junior,Как custom properties влияет на производительность?
2190,Frontend,Frontend / HTML CSS Browser,Junior,Приведите практический пример использования BEM.
2191,Frontend,Frontend / HTML CSS Browser,Junior,Что такое CSS modules?
2192,Frontend,Frontend / HTML CSS Browser,Junior,Как работает shadow DOM в браузере?
2193,Frontend,Frontend / HTML CSS Browser,Junior,Какие ошибки бывают при использовании web components?
2194,Frontend,Frontend / HTML CSS Browser,Junior,Как улучшить доступность решения с cookies?
2195,Frontend,Frontend / HTML CSS Browser,Junior,Как оптимизировать localStorage?
2196,Frontend,Frontend / HTML CSS Browser,Junior,Сравните sessionStorage с альтернативой.
2197,Frontend,Frontend / HTML CSS Browser,Junior,"Как отладить проблему, связанную с IndexedDB?"
2198,Frontend,Frontend / HTML CSS Browser,Junior,Как CORS влияет на SEO?
2199,Frontend,Frontend / HTML CSS Browser,Junior,Как CSP влияет на производительность?
2200,Frontend,Frontend / HTML CSS Browser,Junior,Приведите практический пример использования Service Worker.
2201,Frontend,Frontend / HTML CSS Browser,Junior,Что такое semantic HTML?
2202,Frontend,Frontend / HTML CSS Browser,Junior,Как работает forms в браузере?
2203,Frontend,Frontend / HTML CSS Browser,Junior,Какие ошибки бывают при использовании labels?
2204,Frontend,Frontend / HTML CSS Browser,Junior,Как улучшить доступность решения с ARIA?
2205,Frontend,Frontend / HTML CSS Browser,Junior,Как оптимизировать keyboard navigation?
2206,Frontend,Frontend / HTML CSS Browser,Junior,Сравните focus management с альтернативой.
2207,Frontend,Frontend / HTML CSS Browser,Junior,"Как отладить проблему, связанную с landmarks?"
2208,Frontend,Frontend / HTML CSS Browser,Junior,Как SEO metadata влияет на SEO?
2209,Frontend,Frontend / HTML CSS Browser,Junior,Как doctype влияет на производительность?
2210,Frontend,Frontend / HTML CSS Browser,Junior,Приведите практический пример использования DOM.
2211,Frontend,Frontend / HTML CSS Browser,Junior,Что такое CSSOM?
2212,Frontend,Frontend / HTML CSS Browser,Junior,Как работает render tree в браузере?
2213,Frontend,Frontend / HTML CSS Browser,Junior,Какие ошибки бывают при использовании critical rendering path?
2214,Frontend,Frontend / HTML CSS Browser,Junior,Как улучшить доступность решения с reflow?
2215,Frontend,Frontend / HTML CSS Browser,Junior,Как оптимизировать repaint?
2216,Frontend,Frontend / HTML CSS Browser,Junior,Сравните compositing с альтернативой.
2217,Frontend,Frontend / HTML CSS Browser,Junior,"Как отладить проблему, связанную с specificity?"
2218,Frontend,Frontend / HTML CSS Browser,Junior,Как cascade layers влияет на SEO?
2219,Frontend,Frontend / HTML CSS Browser,Junior,Как inheritance влияет на производительность?
2220,Frontend,Frontend / HTML CSS Browser,Junior,Приведите практический пример использования flexbox.
2221,Frontend,Frontend / HTML CSS Browser,Junior,Что такое grid?
2222,Frontend,Frontend / HTML CSS Browser,Junior,Как работает container queries в браузере?
2223,Frontend,Frontend / HTML CSS Browser,Junior,Какие ошибки бывают при использовании media queries?
2224,Frontend,Frontend / HTML CSS Browser,Junior,Как улучшить доступность решения с responsive images?
2225,Frontend,Frontend / HTML CSS Browser,Junior,Как оптимизировать aspect-ratio?
2226,Frontend,Frontend / HTML CSS Browser,Junior,Сравните position sticky с альтернативой.
2227,Frontend,Frontend / HTML CSS Browser,Junior,"Как отладить проблему, связанную с stacking context?"
2228,Frontend,Frontend / HTML CSS Browser,Junior,Как z-index влияет на SEO?
2229,Frontend,Frontend / HTML CSS Browser,Junior,Как custom properties влияет на производительность?
2230,Frontend,Frontend / HTML CSS Browser,Junior,Приведите практический пример использования BEM.
2231,Frontend,Frontend / HTML CSS Browser,Junior,Что такое CSS modules?
2232,Frontend,Frontend / HTML CSS Browser,Junior,Как работает shadow DOM в браузере?
2233,Frontend,Frontend / HTML CSS Browser,Junior,Какие ошибки бывают при использовании web components?
2234,Frontend,Frontend / HTML CSS Browser,Junior,Как улучшить доступность решения с cookies?
2235,Frontend,Frontend / HTML CSS Browser,Junior,Как оптимизировать localStorage?
2236,Frontend,Frontend / HTML CSS Browser,Junior,Сравните sessionStorage с альтернативой.
2237,Frontend,Frontend / HTML CSS Browser,Junior,"Как отладить проблему, связанную с IndexedDB?"
2238,Frontend,Frontend / HTML CSS Browser,Junior,Как CORS влияет на SEO?
2239,Frontend,Frontend / HTML CSS Browser,Junior,Как CSP влияет на производительность?
2240,Frontend,Frontend / HTML CSS Browser,Junior,Приведите практический пример использования Service Worker.
2241,Frontend,Frontend / HTML CSS Browser,Junior,Что такое semantic HTML?
2242,Frontend,Frontend / HTML CSS Browser,Junior,Как работает forms в браузере?
2243,Frontend,Frontend / HTML CSS Browser,Junior,Какие ошибки бывают при использовании labels?
2244,Frontend,Frontend / HTML CSS Browser,Junior,Как улучшить доступность решения с ARIA?
2245,Frontend,Frontend / HTML CSS Browser,Junior,Как оптимизировать keyboard navigation?
2246,Frontend,Frontend / HTML CSS Browser,Junior,Сравните focus management с альтернативой.
2247,Frontend,Frontend / HTML CSS Browser,Junior,"Как отладить проблему, связанную с landmarks?"
2248,Frontend,Frontend / HTML CSS Browser,Junior,Как SEO metadata влияет на SEO?
2249,Frontend,Frontend / HTML CSS Browser,Junior,Как doctype влияет на производительность?
2250,Frontend,Frontend / HTML CSS Browser,Junior,Приведите практический пример использования DOM.
2251,Frontend,Frontend / HTML CSS Browser,Junior,Что такое CSSOM?
2252,Frontend,Frontend / HTML CSS Browser,Junior,Как работает render tree в браузере?
2253,Frontend,Frontend / HTML CSS Browser,Junior,Какие ошибки бывают при использовании critical rendering path?
2254,Frontend,Frontend / HTML CSS Browser,Junior,Как улучшить доступность решения с reflow?
2255,Frontend,Frontend / HTML CSS Browser,Junior,Как оптимизировать repaint?
2256,Frontend,Frontend / HTML CSS Browser,Junior,Сравните compositing с альтернативой.
2257,Frontend,Frontend / HTML CSS Browser,Junior,"Как отладить проблему, связанную с specificity?"
2258,Frontend,Frontend / HTML CSS Browser,Junior,Как cascade layers влияет на SEO?
2259,Frontend,Frontend / HTML CSS Browser,Junior,Как inheritance влияет на производительность?
2260,Frontend,Frontend / HTML CSS Browser,Junior,Приведите практический пример использования flexbox.
2261,Frontend,Frontend / HTML CSS Browser,Junior,Что такое grid?
2262,Frontend,Frontend / HTML CSS Browser,Junior,Как работает container queries в браузере?
2263,Frontend,Frontend / HTML CSS Browser,Junior,Какие ошибки бывают при использовании media queries?
2264,Frontend,Frontend / HTML CSS Browser,Junior,Как улучшить доступность решения с responsive images?
2265,Frontend,Frontend / HTML CSS Browser,Junior,Как оптимизировать aspect-ratio?
2266,Frontend,Frontend / HTML CSS Browser,Junior,Сравните position sticky с альтернативой.
2267,Frontend,Frontend / HTML CSS Browser,Junior,"Как отладить проблему, связанную с stacking context?"
2268,Frontend,Frontend / HTML CSS Browser,Junior,Как z-index влияет на SEO?
2269,Frontend,Frontend / HTML CSS Browser,Junior,Как custom properties влияет на производительность?
2270,Frontend,Frontend / HTML CSS Browser,Junior,Приведите практический пример использования BEM.
2271,Frontend,Frontend / HTML CSS Browser,Junior,Что такое CSS modules?
2272,Frontend,Frontend / HTML CSS Browser,Junior,Как работает shadow DOM в браузере?
2273,Frontend,Frontend / HTML CSS Browser,Junior,Какие ошибки бывают при использовании web components?
2274,Frontend,Frontend / HTML CSS Browser,Junior,Как улучшить доступность решения с cookies?
2275,Frontend,Frontend / HTML CSS Browser,Junior,Как оптимизировать localStorage?
2276,Frontend,Frontend / HTML CSS Browser,Junior,Сравните sessionStorage с альтернативой.
2277,Frontend,Frontend / HTML CSS Browser,Junior,"Как отладить проблему, связанную с IndexedDB?"
2278,Frontend,Frontend / HTML CSS Browser,Junior,Как CORS влияет на SEO?
2279,Frontend,Frontend / HTML CSS Browser,Junior,Как CSP влияет на производительность?
2280,Frontend,Frontend / HTML CSS Browser,Junior,Приведите практический пример использования Service Worker.
2281,Frontend,Frontend / HTML CSS Browser,Junior,Что такое semantic HTML?
2282,Frontend,Frontend / HTML CSS Browser,Junior,Как работает forms в браузере?
2283,Frontend,Frontend / HTML CSS Browser,Junior,Какие ошибки бывают при использовании labels?
2284,Frontend,Frontend / HTML CSS Browser,Junior,Как улучшить доступность решения с ARIA?
2285,Frontend,Frontend / HTML CSS Browser,Junior,Как оптимизировать keyboard navigation?
2286,Frontend,Frontend / HTML CSS Browser,Junior,Сравните focus management с альтернативой.
2287,Frontend,Frontend / HTML CSS Browser,Junior,"Как отладить проблему, связанную с landmarks?"
2288,Frontend,Frontend / HTML CSS Browser,Junior,Как SEO metadata влияет на SEO?
2289,Frontend,Frontend / HTML CSS Browser,Junior,Как doctype влияет на производительность?
2290,Frontend,Frontend / HTML CSS Browser,Junior,Приведите практический пример использования DOM.
2291,Frontend,Frontend / HTML CSS Browser,Junior,Что такое CSSOM?
2292,Frontend,Frontend / HTML CSS Browser,Junior,Как работает render tree в браузере?
2293,Frontend,Frontend / HTML CSS Browser,Junior,Какие ошибки бывают при использовании critical rendering path?
2294,Frontend,Frontend / HTML CSS Browser,Junior,Как улучшить доступность решения с reflow?
2295,Frontend,Frontend / HTML CSS Browser,Junior,Как оптимизировать repaint?
2296,Frontend,Frontend / HTML CSS Browser,Junior,Сравните compositing с альтернативой.
2297,Frontend,Frontend / HTML CSS Browser,Junior,"Как отладить проблему, связанную с specificity?"
2298,Frontend,Frontend / HTML CSS Browser,Junior,Как cascade layers влияет на SEO?
2299,Frontend,Frontend / HTML CSS Browser,Junior,Как inheritance влияет на производительность?
2300,Frontend,Frontend / HTML CSS Browser,Junior,Приведите практический пример использования flexbox.
2301,Frontend,Frontend / HTML CSS Browser,Middle,Что такое grid?
2302,Frontend,Frontend / HTML CSS Browser,Middle,Как работает container queries в браузере?
2303,Frontend,Frontend / HTML CSS Browser,Middle,Какие ошибки бывают при использовании media queries?
2304,Frontend,Frontend / HTML CSS Browser,Middle,Как улучшить доступность решения с responsive images?
2305,Frontend,Frontend / HTML CSS Browser,Middle,Как оптимизировать aspect-ratio?
2306,Frontend,Frontend / HTML CSS Browser,Middle,Сравните position sticky с альтернативой.
2307,Frontend,Frontend / HTML CSS Browser,Middle,"Как отладить проблему, связанную с stacking context?"
2308,Frontend,Frontend / HTML CSS Browser,Middle,Как z-index влияет на SEO?
2309,Frontend,Frontend / HTML CSS Browser,Middle,Как custom properties влияет на производительность?
2310,Frontend,Frontend / HTML CSS Browser,Middle,Приведите практический пример использования BEM.
2311,Frontend,Frontend / HTML CSS Browser,Middle,Что такое CSS modules?
2312,Frontend,Frontend / HTML CSS Browser,Middle,Как работает shadow DOM в браузере?
2313,Frontend,Frontend / HTML CSS Browser,Middle,Какие ошибки бывают при использовании web components?
2314,Frontend,Frontend / HTML CSS Browser,Middle,Как улучшить доступность решения с cookies?
2315,Frontend,Frontend / HTML CSS Browser,Middle,Как оптимизировать localStorage?
2316,Frontend,Frontend / HTML CSS Browser,Middle,Сравните sessionStorage с альтернативой.
2317,Frontend,Frontend / HTML CSS Browser,Middle,"Как отладить проблему, связанную с IndexedDB?"
2318,Frontend,Frontend / HTML CSS Browser,Middle,Как CORS влияет на SEO?
2319,Frontend,Frontend / HTML CSS Browser,Middle,Как CSP влияет на производительность?
2320,Frontend,Frontend / HTML CSS Browser,Middle,Приведите практический пример использования Service Worker.
2321,Frontend,Frontend / HTML CSS Browser,Middle,Что такое semantic HTML?
2322,Frontend,Frontend / HTML CSS Browser,Middle,Как работает forms в браузере?
2323,Frontend,Frontend / HTML CSS Browser,Middle,Какие ошибки бывают при использовании labels?
2324,Frontend,Frontend / HTML CSS Browser,Middle,Как улучшить доступность решения с ARIA?
2325,Frontend,Frontend / HTML CSS Browser,Middle,Как оптимизировать keyboard navigation?
2326,Frontend,Frontend / HTML CSS Browser,Middle,Сравните focus management с альтернативой.
2327,Frontend,Frontend / HTML CSS Browser,Middle,"Как отладить проблему, связанную с landmarks?"
2328,Frontend,Frontend / HTML CSS Browser,Middle,Как SEO metadata влияет на SEO?
2329,Frontend,Frontend / HTML CSS Browser,Middle,Как doctype влияет на производительность?
2330,Frontend,Frontend / HTML CSS Browser,Middle,Приведите практический пример использования DOM.
2331,Frontend,Frontend / HTML CSS Browser,Middle,Что такое CSSOM?
2332,Frontend,Frontend / HTML CSS Browser,Middle,Как работает render tree в браузере?
2333,Frontend,Frontend / HTML CSS Browser,Middle,Какие ошибки бывают при использовании critical rendering path?
2334,Frontend,Frontend / HTML CSS Browser,Middle,Как улучшить доступность решения с reflow?
2335,Frontend,Frontend / HTML CSS Browser,Middle,Как оптимизировать repaint?
2336,Frontend,Frontend / HTML CSS Browser,Middle,Сравните compositing с альтернативой.
2337,Frontend,Frontend / HTML CSS Browser,Middle,"Как отладить проблему, связанную с specificity?"
2338,Frontend,Frontend / HTML CSS Browser,Middle,Как cascade layers влияет на SEO?
2339,Frontend,Frontend / HTML CSS Browser,Middle,Как inheritance влияет на производительность?
2340,Frontend,Frontend / HTML CSS Browser,Middle,Приведите практический пример использования flexbox.
2341,Frontend,Frontend / HTML CSS Browser,Middle,Что такое grid?
2342,Frontend,Frontend / HTML CSS Browser,Middle,Как работает container queries в браузере?
2343,Frontend,Frontend / HTML CSS Browser,Middle,Какие ошибки бывают при использовании media queries?
2344,Frontend,Frontend / HTML CSS Browser,Middle,Как улучшить доступность решения с responsive images?
2345,Frontend,Frontend / HTML CSS Browser,Middle,Как оптимизировать aspect-ratio?
2346,Frontend,Frontend / HTML CSS Browser,Middle,Сравните position sticky с альтернативой.
2347,Frontend,Frontend / HTML CSS Browser,Middle,"Как отладить проблему, связанную с stacking context?"
2348,Frontend,Frontend / HTML CSS Browser,Middle,Как z-index влияет на SEO?
2349,Frontend,Frontend / HTML CSS Browser,Middle,Как custom properties влияет на производительность?
2350,Frontend,Frontend / HTML CSS Browser,Middle,Приведите практический пример использования BEM.
2351,Frontend,Frontend / HTML CSS Browser,Middle,Что такое CSS modules?
2352,Frontend,Frontend / HTML CSS Browser,Middle,Как работает shadow DOM в браузере?
2353,Frontend,Frontend / HTML CSS Browser,Middle,Какие ошибки бывают при использовании web components?
2354,Frontend,Frontend / HTML CSS Browser,Middle,Как улучшить доступность решения с cookies?
2355,Frontend,Frontend / HTML CSS Browser,Middle,Как оптимизировать localStorage?
2356,Frontend,Frontend / HTML CSS Browser,Middle,Сравните sessionStorage с альтернативой.
2357,Frontend,Frontend / HTML CSS Browser,Middle,"Как отладить проблему, связанную с IndexedDB?"
2358,Frontend,Frontend / HTML CSS Browser,Middle,Как CORS влияет на SEO?
2359,Frontend,Frontend / HTML CSS Browser,Middle,Как CSP влияет на производительность?
2360,Frontend,Frontend / HTML CSS Browser,Middle,Приведите практический пример использования Service Worker.
2361,Frontend,Frontend / HTML CSS Browser,Middle,Что такое semantic HTML?
2362,Frontend,Frontend / HTML CSS Browser,Middle,Как работает forms в браузере?
2363,Frontend,Frontend / HTML CSS Browser,Middle,Какие ошибки бывают при использовании labels?
2364,Frontend,Frontend / HTML CSS Browser,Middle,Как улучшить доступность решения с ARIA?
2365,Frontend,Frontend / HTML CSS Browser,Middle,Как оптимизировать keyboard navigation?
2366,Frontend,Frontend / HTML CSS Browser,Middle,Сравните focus management с альтернативой.
2367,Frontend,Frontend / HTML CSS Browser,Middle,"Как отладить проблему, связанную с landmarks?"
2368,Frontend,Frontend / HTML CSS Browser,Middle,Как SEO metadata влияет на SEO?
2369,Frontend,Frontend / HTML CSS Browser,Middle,Как doctype влияет на производительность?
2370,Frontend,Frontend / HTML CSS Browser,Middle,Приведите практический пример использования DOM.
2371,Frontend,Frontend / HTML CSS Browser,Middle,Что такое CSSOM?
2372,Frontend,Frontend / HTML CSS Browser,Middle,Как работает render tree в браузере?
2373,Frontend,Frontend / HTML CSS Browser,Middle,Какие ошибки бывают при использовании critical rendering path?
2374,Frontend,Frontend / HTML CSS Browser,Middle,Как улучшить доступность решения с reflow?
2375,Frontend,Frontend / HTML CSS Browser,Middle,Как оптимизировать repaint?
2376,Frontend,Frontend / HTML CSS Browser,Middle,Сравните compositing с альтернативой.
2377,Frontend,Frontend / HTML CSS Browser,Middle,"Как отладить проблему, связанную с specificity?"
2378,Frontend,Frontend / HTML CSS Browser,Middle,Как cascade layers влияет на SEO?
2379,Frontend,Frontend / HTML CSS Browser,Middle,Как inheritance влияет на производительность?
2380,Frontend,Frontend / HTML CSS Browser,Middle,Приведите практический пример использования flexbox.
2381,Frontend,Frontend / HTML CSS Browser,Middle,Что такое grid?
2382,Frontend,Frontend / HTML CSS Browser,Middle,Как работает container queries в браузере?
2383,Frontend,Frontend / HTML CSS Browser,Middle,Какие ошибки бывают при использовании media queries?
2384,Frontend,Frontend / HTML CSS Browser,Middle,Как улучшить доступность решения с responsive images?
2385,Frontend,Frontend / HTML CSS Browser,Middle,Как оптимизировать aspect-ratio?
2386,Frontend,Frontend / HTML CSS Browser,Middle,Сравните position sticky с альтернативой.
2387,Frontend,Frontend / HTML CSS Browser,Middle,"Как отладить проблему, связанную с stacking context?"
2388,Frontend,Frontend / HTML CSS Browser,Middle,Как z-index влияет на SEO?
2389,Frontend,Frontend / HTML CSS Browser,Middle,Как custom properties влияет на производительность?
2390,Frontend,Frontend / HTML CSS Browser,Middle,Приведите практический пример использования BEM.
2391,Frontend,Frontend / HTML CSS Browser,Middle,Что такое CSS modules?
2392,Frontend,Frontend / HTML CSS Browser,Middle,Как работает shadow DOM в браузере?
2393,Frontend,Frontend / HTML CSS Browser,Middle,Какие ошибки бывают при использовании web components?
2394,Frontend,Frontend / HTML CSS Browser,Middle,Как улучшить доступность решения с cookies?
2395,Frontend,Frontend / HTML CSS Browser,Middle,Как оптимизировать localStorage?
2396,Frontend,Frontend / HTML CSS Browser,Middle,Сравните sessionStorage с альтернативой.
2397,Frontend,Frontend / HTML CSS Browser,Middle,"Как отладить проблему, связанную с IndexedDB?"
2398,Frontend,Frontend / HTML CSS Browser,Middle,Как CORS влияет на SEO?
2399,Frontend,Frontend / HTML CSS Browser,Middle,Как CSP влияет на производительность?
2400,Frontend,Frontend / HTML CSS Browser,Middle,Приведите практический пример использования Service Worker.
2401,Frontend,Frontend / HTML CSS Browser,Middle,Что такое semantic HTML?
2402,Frontend,Frontend / HTML CSS Browser,Middle,Как работает forms в браузере?
2403,Frontend,Frontend / HTML CSS Browser,Middle,Какие ошибки бывают при использовании labels?
2404,Frontend,Frontend / HTML CSS Browser,Middle,Как улучшить доступность решения с ARIA?
2405,Frontend,Frontend / HTML CSS Browser,Middle,Как оптимизировать keyboard navigation?
2406,Frontend,Frontend / HTML CSS Browser,Middle,Сравните focus management с альтернативой.
2407,Frontend,Frontend / HTML CSS Browser,Middle,"Как отладить проблему, связанную с landmarks?"
2408,Frontend,Frontend / HTML CSS Browser,Middle,Как SEO metadata влияет на SEO?
2409,Frontend,Frontend / HTML CSS Browser,Middle,Как doctype влияет на производительность?
2410,Frontend,Frontend / HTML CSS Browser,Middle,Приведите практический пример использования DOM.
2411,Frontend,Frontend / HTML CSS Browser,Middle,Что такое CSSOM?
2412,Frontend,Frontend / HTML CSS Browser,Middle,Как работает render tree в браузере?
2413,Frontend,Frontend / HTML CSS Browser,Middle,Какие ошибки бывают при использовании critical rendering path?
2414,Frontend,Frontend / HTML CSS Browser,Middle,Как улучшить доступность решения с reflow?
2415,Frontend,Frontend / HTML CSS Browser,Middle,Как оптимизировать repaint?
2416,Frontend,Frontend / HTML CSS Browser,Middle,Сравните compositing с альтернативой.
2417,Frontend,Frontend / HTML CSS Browser,Middle,"Как отладить проблему, связанную с specificity?"
2418,Frontend,Frontend / HTML CSS Browser,Middle,Как cascade layers влияет на SEO?
2419,Frontend,Frontend / HTML CSS Browser,Middle,Как inheritance влияет на производительность?
2420,Frontend,Frontend / HTML CSS Browser,Middle,Приведите практический пример использования flexbox.
2421,Frontend,Frontend / HTML CSS Browser,Middle,Что такое grid?
2422,Frontend,Frontend / HTML CSS Browser,Middle,Как работает container queries в браузере?
2423,Frontend,Frontend / HTML CSS Browser,Middle,Какие ошибки бывают при использовании media queries?
2424,Frontend,Frontend / HTML CSS Browser,Middle,Как улучшить доступность решения с responsive images?
2425,Frontend,Frontend / HTML CSS Browser,Middle,Как оптимизировать aspect-ratio?
2426,Frontend,Frontend / HTML CSS Browser,Middle,Сравните position sticky с альтернативой.
2427,Frontend,Frontend / HTML CSS Browser,Middle,"Как отладить проблему, связанную с stacking context?"
2428,Frontend,Frontend / HTML CSS Browser,Middle,Как z-index влияет на SEO?
2429,Frontend,Frontend / HTML CSS Browser,Middle,Как custom properties влияет на производительность?
2430,Frontend,Frontend / HTML CSS Browser,Middle,Приведите практический пример использования BEM.
2431,Frontend,Frontend / HTML CSS Browser,Middle,Что такое CSS modules?
2432,Frontend,Frontend / HTML CSS Browser,Middle,Как работает shadow DOM в браузере?
2433,Frontend,Frontend / HTML CSS Browser,Middle,Какие ошибки бывают при использовании web components?
2434,Frontend,Frontend / HTML CSS Browser,Middle,Как улучшить доступность решения с cookies?
2435,Frontend,Frontend / HTML CSS Browser,Middle,Как оптимизировать localStorage?
2436,Frontend,Frontend / HTML CSS Browser,Middle,Сравните sessionStorage с альтернативой.
2437,Frontend,Frontend / HTML CSS Browser,Middle,"Как отладить проблему, связанную с IndexedDB?"
2438,Frontend,Frontend / HTML CSS Browser,Middle,Как CORS влияет на SEO?
2439,Frontend,Frontend / HTML CSS Browser,Middle,Как CSP влияет на производительность?
2440,Frontend,Frontend / HTML CSS Browser,Middle,Приведите практический пример использования Service Worker.
2441,Frontend,Frontend / HTML CSS Browser,Middle,Что такое semantic HTML?
2442,Frontend,Frontend / HTML CSS Browser,Middle,Как работает forms в браузере?
2443,Frontend,Frontend / HTML CSS Browser,Middle,Какие ошибки бывают при использовании labels?
2444,Frontend,Frontend / HTML CSS Browser,Middle,Как улучшить доступность решения с ARIA?
2445,Frontend,Frontend / HTML CSS Browser,Middle,Как оптимизировать keyboard navigation?
2446,Frontend,Frontend / HTML CSS Browser,Middle,Сравните focus management с альтернативой.
2447,Frontend,Frontend / HTML CSS Browser,Middle,"Как отладить проблему, связанную с landmarks?"
2448,Frontend,Frontend / HTML CSS Browser,Middle,Как SEO metadata влияет на SEO?
2449,Frontend,Frontend / HTML CSS Browser,Middle,Как doctype влияет на производительность?
2450,Frontend,Frontend / HTML CSS Browser,Middle,Приведите практический пример использования DOM.
2451,Frontend,Frontend / HTML CSS Browser,Middle,Что такое CSSOM?
2452,Frontend,Frontend / HTML CSS Browser,Middle,Как работает render tree в браузере?
2453,Frontend,Frontend / HTML CSS Browser,Middle,Какие ошибки бывают при использовании critical rendering path?
2454,Frontend,Frontend / HTML CSS Browser,Middle,Как улучшить доступность решения с reflow?
2455,Frontend,Frontend / HTML CSS Browser,Middle,Как оптимизировать repaint?
2456,Frontend,Frontend / HTML CSS Browser,Middle,Сравните compositing с альтернативой.
2457,Frontend,Frontend / HTML CSS Browser,Middle,"Как отладить проблему, связанную с specificity?"
2458,Frontend,Frontend / HTML CSS Browser,Middle,Как cascade layers влияет на SEO?
2459,Frontend,Frontend / HTML CSS Browser,Middle,Как inheritance влияет на производительность?
2460,Frontend,Frontend / HTML CSS Browser,Middle,Приведите практический пример использования flexbox.
2461,Frontend,Frontend / HTML CSS Browser,Middle,Что такое grid?
2462,Frontend,Frontend / HTML CSS Browser,Middle,Как работает container queries в браузере?
2463,Frontend,Frontend / HTML CSS Browser,Middle,Какие ошибки бывают при использовании media queries?
2464,Frontend,Frontend / HTML CSS Browser,Middle,Как улучшить доступность решения с responsive images?
2465,Frontend,Frontend / HTML CSS Browser,Middle,Как оптимизировать aspect-ratio?
2466,Frontend,Frontend / HTML CSS Browser,Middle,Сравните position sticky с альтернативой.
2467,Frontend,Frontend / HTML CSS Browser,Middle,"Как отладить проблему, связанную с stacking context?"
2468,Frontend,Frontend / HTML CSS Browser,Middle,Как z-index влияет на SEO?
2469,Frontend,Frontend / HTML CSS Browser,Middle,Как custom properties влияет на производительность?
2470,Frontend,Frontend / HTML CSS Browser,Middle,Приведите практический пример использования BEM.
2471,Frontend,Frontend / HTML CSS Browser,Middle,Что такое CSS modules?
2472,Frontend,Frontend / HTML CSS Browser,Middle,Как работает shadow DOM в браузере?
2473,Frontend,Frontend / HTML CSS Browser,Middle,Какие ошибки бывают при использовании web components?
2474,Frontend,Frontend / HTML CSS Browser,Middle,Как улучшить доступность решения с cookies?
2475,Frontend,Frontend / HTML CSS Browser,Middle,Как оптимизировать localStorage?
2476,Frontend,Frontend / HTML CSS Browser,Middle,Сравните sessionStorage с альтернативой.
2477,Frontend,Frontend / HTML CSS Browser,Middle,"Как отладить проблему, связанную с IndexedDB?"
2478,Frontend,Frontend / HTML CSS Browser,Middle,Как CORS влияет на SEO?
2479,Frontend,Frontend / HTML CSS Browser,Middle,Как CSP влияет на производительность?
2480,Frontend,Frontend / HTML CSS Browser,Middle,Приведите практический пример использования Service Worker.
2481,Frontend,Frontend / HTML CSS Browser,Middle,Что такое semantic HTML?
2482,Frontend,Frontend / HTML CSS Browser,Middle,Как работает forms в браузере?
2483,Frontend,Frontend / HTML CSS Browser,Middle,Какие ошибки бывают при использовании labels?
2484,Frontend,Frontend / HTML CSS Browser,Middle,Как улучшить доступность решения с ARIA?
2485,Frontend,Frontend / HTML CSS Browser,Middle,Как оптимизировать keyboard navigation?
2486,Frontend,Frontend / HTML CSS Browser,Middle,Сравните focus management с альтернативой.
2487,Frontend,Frontend / HTML CSS Browser,Middle,"Как отладить проблему, связанную с landmarks?"
2488,Frontend,Frontend / HTML CSS Browser,Middle,Как SEO metadata влияет на SEO?
2489,Frontend,Frontend / HTML CSS Browser,Middle,Как doctype влияет на производительность?
2490,Frontend,Frontend / HTML CSS Browser,Middle,Приведите практический пример использования DOM.
2491,Frontend,Frontend / HTML CSS Browser,Middle,Что такое CSSOM?
2492,Frontend,Frontend / HTML CSS Browser,Middle,Как работает render tree в браузере?
2493,Frontend,Frontend / HTML CSS Browser,Middle,Какие ошибки бывают при использовании critical rendering path?
2494,Frontend,Frontend / HTML CSS Browser,Middle,Как улучшить доступность решения с reflow?
2495,Frontend,Frontend / HTML CSS Browser,Middle,Как оптимизировать repaint?
2496,Frontend,Frontend / HTML CSS Browser,Middle,Сравните compositing с альтернативой.
2497,Frontend,Frontend / HTML CSS Browser,Middle,"Как отладить проблему, связанную с specificity?"
2498,Frontend,Frontend / HTML CSS Browser,Middle,Как cascade layers влияет на SEO?
2499,Frontend,Frontend / HTML CSS Browser,Middle,Как inheritance влияет на производительность?
2500,Frontend,Frontend / HTML CSS Browser,Middle,Приведите практический пример использования flexbox.
2501,Frontend,Frontend / HTML CSS Browser,Middle,Что такое grid?
2502,Frontend,Frontend / HTML CSS Browser,Middle,Как работает container queries в браузере?
2503,Frontend,Frontend / HTML CSS Browser,Middle,Какие ошибки бывают при использовании media queries?
2504,Frontend,Frontend / HTML CSS Browser,Middle,Как улучшить доступность решения с responsive images?
2505,Frontend,Frontend / HTML CSS Browser,Middle,Как оптимизировать aspect-ratio?
2506,Frontend,Frontend / HTML CSS Browser,Middle,Сравните position sticky с альтернативой.
2507,Frontend,Frontend / HTML CSS Browser,Middle,"Как отладить проблему, связанную с stacking context?"
2508,Frontend,Frontend / HTML CSS Browser,Middle,Как z-index влияет на SEO?
2509,Frontend,Frontend / HTML CSS Browser,Middle,Как custom properties влияет на производительность?
2510,Frontend,Frontend / HTML CSS Browser,Middle,Приведите практический пример использования BEM.
2511,Frontend,Frontend / HTML CSS Browser,Middle,Что такое CSS modules?
2512,Frontend,Frontend / HTML CSS Browser,Middle,Как работает shadow DOM в браузере?
2513,Frontend,Frontend / HTML CSS Browser,Middle,Какие ошибки бывают при использовании web components?
2514,Frontend,Frontend / HTML CSS Browser,Middle,Как улучшить доступность решения с cookies?
2515,Frontend,Frontend / HTML CSS Browser,Middle,Как оптимизировать localStorage?
2516,Frontend,Frontend / HTML CSS Browser,Middle,Сравните sessionStorage с альтернативой.
2517,Frontend,Frontend / HTML CSS Browser,Middle,"Как отладить проблему, связанную с IndexedDB?"
2518,Frontend,Frontend / HTML CSS Browser,Middle,Как CORS влияет на SEO?
2519,Frontend,Frontend / HTML CSS Browser,Middle,Как CSP влияет на производительность?
2520,Frontend,Frontend / HTML CSS Browser,Middle,Приведите практический пример использования Service Worker.
2521,Frontend,Frontend / HTML CSS Browser,Middle,Что такое semantic HTML?
2522,Frontend,Frontend / HTML CSS Browser,Middle,Как работает forms в браузере?
2523,Frontend,Frontend / HTML CSS Browser,Middle,Какие ошибки бывают при использовании labels?
2524,Frontend,Frontend / HTML CSS Browser,Middle,Как улучшить доступность решения с ARIA?
2525,Frontend,Frontend / HTML CSS Browser,Middle,Как оптимизировать keyboard navigation?
2526,Frontend,Frontend / HTML CSS Browser,Middle,Сравните focus management с альтернативой.
2527,Frontend,Frontend / HTML CSS Browser,Middle,"Как отладить проблему, связанную с landmarks?"
2528,Frontend,Frontend / HTML CSS Browser,Middle,Как SEO metadata влияет на SEO?
2529,Frontend,Frontend / HTML CSS Browser,Middle,Как doctype влияет на производительность?
2530,Frontend,Frontend / HTML CSS Browser,Middle,Приведите практический пример использования DOM.
2531,Frontend,Frontend / HTML CSS Browser,Middle,Что такое CSSOM?
2532,Frontend,Frontend / HTML CSS Browser,Middle,Как работает render tree в браузере?
2533,Frontend,Frontend / HTML CSS Browser,Middle,Какие ошибки бывают при использовании critical rendering path?
2534,Frontend,Frontend / HTML CSS Browser,Middle,Как улучшить доступность решения с reflow?
2535,Frontend,Frontend / HTML CSS Browser,Middle,Как оптимизировать repaint?
2536,Frontend,Frontend / HTML CSS Browser,Middle,Сравните compositing с альтернативой.
2537,Frontend,Frontend / HTML CSS Browser,Middle,"Как отладить проблему, связанную с specificity?"
2538,Frontend,Frontend / HTML CSS Browser,Middle,Как cascade layers влияет на SEO?
2539,Frontend,Frontend / HTML CSS Browser,Middle,Как inheritance влияет на производительность?
2540,Frontend,Frontend / HTML CSS Browser,Middle,Приведите практический пример использования flexbox.
2541,Frontend,Frontend / HTML CSS Browser,Middle,Что такое grid?
2542,Frontend,Frontend / HTML CSS Browser,Middle,Как работает container queries в браузере?
2543,Frontend,Frontend / HTML CSS Browser,Middle,Какие ошибки бывают при использовании media queries?
2544,Frontend,Frontend / HTML CSS Browser,Middle,Как улучшить доступность решения с responsive images?
2545,Frontend,Frontend / HTML CSS Browser,Middle,Как оптимизировать aspect-ratio?
2546,Frontend,Frontend / HTML CSS Browser,Middle,Сравните position sticky с альтернативой.
2547,Frontend,Frontend / HTML CSS Browser,Middle,"Как отладить проблему, связанную с stacking context?"
2548,Frontend,Frontend / HTML CSS Browser,Middle,Как z-index влияет на SEO?
2549,Frontend,Frontend / HTML CSS Browser,Middle,Как custom properties влияет на производительность?
2550,Frontend,Frontend / HTML CSS Browser,Middle,Приведите практический пример использования BEM.
2551,Frontend,Frontend / HTML CSS Browser,Middle,Что такое CSS modules?
2552,Frontend,Frontend / HTML CSS Browser,Middle,Как работает shadow DOM в браузере?
2553,Frontend,Frontend / HTML CSS Browser,Middle,Какие ошибки бывают при использовании web components?
2554,Frontend,Frontend / HTML CSS Browser,Middle,Как улучшить доступность решения с cookies?
2555,Frontend,Frontend / HTML CSS Browser,Middle,Как оптимизировать localStorage?
2556,Frontend,Frontend / HTML CSS Browser,Middle,Сравните sessionStorage с альтернативой.
2557,Frontend,Frontend / HTML CSS Browser,Middle,"Как отладить проблему, связанную с IndexedDB?"
2558,Frontend,Frontend / HTML CSS Browser,Middle,Как CORS влияет на SEO?
2559,Frontend,Frontend / HTML CSS Browser,Middle,Как CSP влияет на производительность?
2560,Frontend,Frontend / HTML CSS Browser,Middle,Приведите практический пример использования Service Worker.
2561,Frontend,Frontend / HTML CSS Browser,Middle,Что такое semantic HTML?
2562,Frontend,Frontend / HTML CSS Browser,Middle,Как работает forms в браузере?
2563,Frontend,Frontend / HTML CSS Browser,Middle,Какие ошибки бывают при использовании labels?
2564,Frontend,Frontend / HTML CSS Browser,Middle,Как улучшить доступность решения с ARIA?
2565,Frontend,Frontend / HTML CSS Browser,Middle,Как оптимизировать keyboard navigation?
2566,Frontend,Frontend / HTML CSS Browser,Middle,Сравните focus management с альтернативой.
2567,Frontend,Frontend / HTML CSS Browser,Middle,"Как отладить проблему, связанную с landmarks?"
2568,Frontend,Frontend / HTML CSS Browser,Middle,Как SEO metadata влияет на SEO?
2569,Frontend,Frontend / HTML CSS Browser,Middle,Как doctype влияет на производительность?
2570,Frontend,Frontend / HTML CSS Browser,Middle,Приведите практический пример использования DOM.
2571,Frontend,Frontend / HTML CSS Browser,Middle,Что такое CSSOM?
2572,Frontend,Frontend / HTML CSS Browser,Middle,Как работает render tree в браузере?
2573,Frontend,Frontend / HTML CSS Browser,Middle,Какие ошибки бывают при использовании critical rendering path?
2574,Frontend,Frontend / HTML CSS Browser,Middle,Как улучшить доступность решения с reflow?
2575,Frontend,Frontend / HTML CSS Browser,Middle,Как оптимизировать repaint?
2576,Frontend,Frontend / HTML CSS Browser,Middle,Сравните compositing с альтернативой.
2577,Frontend,Frontend / HTML CSS Browser,Middle,"Как отладить проблему, связанную с specificity?"
2578,Frontend,Frontend / HTML CSS Browser,Middle,Как cascade layers влияет на SEO?
2579,Frontend,Frontend / HTML CSS Browser,Middle,Как inheritance влияет на производительность?
2580,Frontend,Frontend / HTML CSS Browser,Middle,Приведите практический пример использования flexbox.
2581,Frontend,Frontend / HTML CSS Browser,Middle,Что такое grid?
2582,Frontend,Frontend / HTML CSS Browser,Middle,Как работает container queries в браузере?
2583,Frontend,Frontend / HTML CSS Browser,Middle,Какие ошибки бывают при использовании media queries?
2584,Frontend,Frontend / HTML CSS Browser,Middle,Как улучшить доступность решения с responsive images?
2585,Frontend,Frontend / HTML CSS Browser,Middle,Как оптимизировать aspect-ratio?
2586,Frontend,Frontend / HTML CSS Browser,Middle,Сравните position sticky с альтернативой.
2587,Frontend,Frontend / HTML CSS Browser,Middle,"Как отладить проблему, связанную с stacking context?"
2588,Frontend,Frontend / HTML CSS Browser,Middle,Как z-index влияет на SEO?
2589,Frontend,Frontend / HTML CSS Browser,Middle,Как custom properties влияет на производительность?
2590,Frontend,Frontend / HTML CSS Browser,Middle,Приведите практический пример использования BEM.
2591,Frontend,Frontend / HTML CSS Browser,Middle,Что такое CSS modules?
2592,Frontend,Frontend / HTML CSS Browser,Middle,Как работает shadow DOM в браузере?
2593,Frontend,Frontend / HTML CSS Browser,Middle,Какие ошибки бывают при использовании web components?
2594,Frontend,Frontend / HTML CSS Browser,Middle,Как улучшить доступность решения с cookies?
2595,Frontend,Frontend / HTML CSS Browser,Middle,Как оптимизировать localStorage?
2596,Frontend,Frontend / HTML CSS Browser,Middle,Сравните sessionStorage с альтернативой.
2597,Frontend,Frontend / HTML CSS Browser,Middle,"Как отладить проблему, связанную с IndexedDB?"
2598,Frontend,Frontend / HTML CSS Browser,Middle,Как CORS влияет на SEO?
2599,Frontend,Frontend / HTML CSS Browser,Middle,Как CSP влияет на производительность?
2600,Frontend,Frontend / HTML CSS Browser,Middle,Приведите практический пример использования Service Worker.
2601,Frontend,Frontend / HTML CSS Browser,Middle,Что такое semantic HTML?
2602,Frontend,Frontend / HTML CSS Browser,Middle,Как работает forms в браузере?
2603,Frontend,Frontend / HTML CSS Browser,Middle,Какие ошибки бывают при использовании labels?
2604,Frontend,Frontend / HTML CSS Browser,Middle,Как улучшить доступность решения с ARIA?
2605,Frontend,Frontend / HTML CSS Browser,Middle,Как оптимизировать keyboard navigation?
2606,Frontend,Frontend / HTML CSS Browser,Middle,Сравните focus management с альтернативой.
2607,Frontend,Frontend / HTML CSS Browser,Middle,"Как отладить проблему, связанную с landmarks?"
2608,Frontend,Frontend / HTML CSS Browser,Middle,Как SEO metadata влияет на SEO?
2609,Frontend,Frontend / HTML CSS Browser,Middle,Как doctype влияет на производительность?
2610,Frontend,Frontend / HTML CSS Browser,Middle,Приведите практический пример использования DOM.
2611,Frontend,Frontend / HTML CSS Browser,Middle,Что такое CSSOM?
2612,Frontend,Frontend / HTML CSS Browser,Middle,Как работает render tree в браузере?
2613,Frontend,Frontend / HTML CSS Browser,Middle,Какие ошибки бывают при использовании critical rendering path?
2614,Frontend,Frontend / HTML CSS Browser,Middle,Как улучшить доступность решения с reflow?
2615,Frontend,Frontend / HTML CSS Browser,Middle,Как оптимизировать repaint?
2616,Frontend,Frontend / HTML CSS Browser,Middle,Сравните compositing с альтернативой.
2617,Frontend,Frontend / HTML CSS Browser,Middle,"Как отладить проблему, связанную с specificity?"
2618,Frontend,Frontend / HTML CSS Browser,Middle,Как cascade layers влияет на SEO?
2619,Frontend,Frontend / HTML CSS Browser,Middle,Как inheritance влияет на производительность?
2620,Frontend,Frontend / HTML CSS Browser,Middle,Приведите практический пример использования flexbox.
2621,Frontend,Frontend / HTML CSS Browser,Middle,Что такое grid?
2622,Frontend,Frontend / HTML CSS Browser,Middle,Как работает container queries в браузере?
2623,Frontend,Frontend / HTML CSS Browser,Middle,Какие ошибки бывают при использовании media queries?
2624,Frontend,Frontend / HTML CSS Browser,Middle,Как улучшить доступность решения с responsive images?
2625,Frontend,Frontend / HTML CSS Browser,Middle,Как оптимизировать aspect-ratio?
2626,Frontend,Frontend / HTML CSS Browser,Middle,Сравните position sticky с альтернативой.
2627,Frontend,Frontend / HTML CSS Browser,Middle,"Как отладить проблему, связанную с stacking context?"
2628,Frontend,Frontend / HTML CSS Browser,Middle,Как z-index влияет на SEO?
2629,Frontend,Frontend / HTML CSS Browser,Middle,Как custom properties влияет на производительность?
2630,Frontend,Frontend / HTML CSS Browser,Middle,Приведите практический пример использования BEM.
2631,Frontend,Frontend / HTML CSS Browser,Middle,Что такое CSS modules?
2632,Frontend,Frontend / HTML CSS Browser,Middle,Как работает shadow DOM в браузере?
2633,Frontend,Frontend / HTML CSS Browser,Middle,Какие ошибки бывают при использовании web components?
2634,Frontend,Frontend / HTML CSS Browser,Middle,Как улучшить доступность решения с cookies?
2635,Frontend,Frontend / HTML CSS Browser,Middle,Как оптимизировать localStorage?
2636,Frontend,Frontend / HTML CSS Browser,Middle,Сравните sessionStorage с альтернативой.
2637,Frontend,Frontend / HTML CSS Browser,Middle,"Как отладить проблему, связанную с IndexedDB?"
2638,Frontend,Frontend / HTML CSS Browser,Middle,Как CORS влияет на SEO?
2639,Frontend,Frontend / HTML CSS Browser,Middle,Как CSP влияет на производительность?
2640,Frontend,Frontend / HTML CSS Browser,Middle,Приведите практический пример использования Service Worker.
2641,Frontend,Frontend / HTML CSS Browser,Middle,Что такое semantic HTML?
2642,Frontend,Frontend / HTML CSS Browser,Middle,Как работает forms в браузере?
2643,Frontend,Frontend / HTML CSS Browser,Middle,Какие ошибки бывают при использовании labels?
2644,Frontend,Frontend / HTML CSS Browser,Middle,Как улучшить доступность решения с ARIA?
2645,Frontend,Frontend / HTML CSS Browser,Middle,Как оптимизировать keyboard navigation?
2646,Frontend,Frontend / HTML CSS Browser,Middle,Сравните focus management с альтернативой.
2647,Frontend,Frontend / HTML CSS Browser,Middle,"Как отладить проблему, связанную с landmarks?"
2648,Frontend,Frontend / HTML CSS Browser,Middle,Как SEO metadata влияет на SEO?
2649,Frontend,Frontend / HTML CSS Browser,Middle,Как doctype влияет на производительность?
2650,Frontend,Frontend / HTML CSS Browser,Middle,Приведите практический пример использования DOM.
2651,Frontend,Frontend / HTML CSS Browser,Middle,Что такое CSSOM?
2652,Frontend,Frontend / HTML CSS Browser,Middle,Как работает render tree в браузере?
2653,Frontend,Frontend / HTML CSS Browser,Middle,Какие ошибки бывают при использовании critical rendering path?
2654,Frontend,Frontend / HTML CSS Browser,Middle,Как улучшить доступность решения с reflow?
2655,Frontend,Frontend / HTML CSS Browser,Middle,Как оптимизировать repaint?
2656,Frontend,Frontend / HTML CSS Browser,Middle,Сравните compositing с альтернативой.
2657,Frontend,Frontend / HTML CSS Browser,Middle,"Как отладить проблему, связанную с specificity?"
2658,Frontend,Frontend / HTML CSS Browser,Middle,Как cascade layers влияет на SEO?
2659,Frontend,Frontend / HTML CSS Browser,Middle,Как inheritance влияет на производительность?
2660,Frontend,Frontend / HTML CSS Browser,Middle,Приведите практический пример использования flexbox.
2661,Frontend,Frontend / HTML CSS Browser,Middle,Что такое grid?
2662,Frontend,Frontend / HTML CSS Browser,Middle,Как работает container queries в браузере?
2663,Frontend,Frontend / HTML CSS Browser,Middle,Какие ошибки бывают при использовании media queries?
2664,Frontend,Frontend / HTML CSS Browser,Middle,Как улучшить доступность решения с responsive images?
2665,Frontend,Frontend / HTML CSS Browser,Middle,Как оптимизировать aspect-ratio?
2666,Frontend,Frontend / HTML CSS Browser,Middle,Сравните position sticky с альтернативой.
2667,Frontend,Frontend / HTML CSS Browser,Middle,"Как отладить проблему, связанную с stacking context?"
2668,Frontend,Frontend / HTML CSS Browser,Middle,Как z-index влияет на SEO?
2669,Frontend,Frontend / HTML CSS Browser,Middle,Как custom properties влияет на производительность?
2670,Frontend,Frontend / HTML CSS Browser,Middle,Приведите практический пример использования BEM.
2671,Frontend,Frontend / HTML CSS Browser,Middle,Что такое CSS modules?
2672,Frontend,Frontend / HTML CSS Browser,Middle,Как работает shadow DOM в браузере?
2673,Frontend,Frontend / HTML CSS Browser,Middle,Какие ошибки бывают при использовании web components?
2674,Frontend,Frontend / HTML CSS Browser,Middle,Как улучшить доступность решения с cookies?
2675,Frontend,Frontend / HTML CSS Browser,Middle,Как оптимизировать localStorage?
2676,Frontend,Frontend / HTML CSS Browser,Middle,Сравните sessionStorage с альтернативой.
2677,Frontend,Frontend / HTML CSS Browser,Middle,"Как отладить проблему, связанную с IndexedDB?"
2678,Frontend,Frontend / HTML CSS Browser,Middle,Как CORS влияет на SEO?
2679,Frontend,Frontend / HTML CSS Browser,Middle,Как CSP влияет на производительность?
2680,Frontend,Frontend / HTML CSS Browser,Middle,Приведите практический пример использования Service Worker.
2681,Frontend,Frontend / HTML CSS Browser,Middle,Что такое semantic HTML?
2682,Frontend,Frontend / HTML CSS Browser,Middle,Как работает forms в браузере?
2683,Frontend,Frontend / HTML CSS Browser,Middle,Какие ошибки бывают при использовании labels?
2684,Frontend,Frontend / HTML CSS Browser,Middle,Как улучшить доступность решения с ARIA?
2685,Frontend,Frontend / HTML CSS Browser,Middle,Как оптимизировать keyboard navigation?
2686,Frontend,Frontend / HTML CSS Browser,Middle,Сравните focus management с альтернативой.
2687,Frontend,Frontend / HTML CSS Browser,Middle,"Как отладить проблему, связанную с landmarks?"
2688,Frontend,Frontend / HTML CSS Browser,Middle,Как SEO metadata влияет на SEO?
2689,Frontend,Frontend / HTML CSS Browser,Middle,Как doctype влияет на производительность?
2690,Frontend,Frontend / HTML CSS Browser,Middle,Приведите практический пример использования DOM.
2691,Frontend,Frontend / HTML CSS Browser,Middle,Что такое CSSOM?
2692,Frontend,Frontend / HTML CSS Browser,Middle,Как работает render tree в браузере?
2693,Frontend,Frontend / HTML CSS Browser,Middle,Какие ошибки бывают при использовании critical rendering path?
2694,Frontend,Frontend / HTML CSS Browser,Middle,Как улучшить доступность решения с reflow?
2695,Frontend,Frontend / HTML CSS Browser,Middle,Как оптимизировать repaint?
2696,Frontend,Frontend / HTML CSS Browser,Middle,Сравните compositing с альтернативой.
2697,Frontend,Frontend / HTML CSS Browser,Middle,"Как отладить проблему, связанную с specificity?"
2698,Frontend,Frontend / HTML CSS Browser,Middle,Как cascade layers влияет на SEO?
2699,Frontend,Frontend / HTML CSS Browser,Middle,Как inheritance влияет на производительность?
2700,Frontend,Frontend / HTML CSS Browser,Middle,Приведите практический пример использования flexbox.
2701,Frontend,Frontend / HTML CSS Browser,Middle,Что такое grid?
2702,Frontend,Frontend / HTML CSS Browser,Middle,Как работает container queries в браузере?
2703,Frontend,Frontend / HTML CSS Browser,Middle,Какие ошибки бывают при использовании media queries?
2704,Frontend,Frontend / HTML CSS Browser,Middle,Как улучшить доступность решения с responsive images?
2705,Frontend,Frontend / HTML CSS Browser,Middle,Как оптимизировать aspect-ratio?
2706,Frontend,Frontend / HTML CSS Browser,Middle,Сравните position sticky с альтернативой.
2707,Frontend,Frontend / HTML CSS Browser,Middle,"Как отладить проблему, связанную с stacking context?"
2708,Frontend,Frontend / HTML CSS Browser,Middle,Как z-index влияет на SEO?
2709,Frontend,Frontend / HTML CSS Browser,Middle,Как custom properties влияет на производительность?
2710,Frontend,Frontend / HTML CSS Browser,Middle,Приведите практический пример использования BEM.
2711,Frontend,Frontend / HTML CSS Browser,Middle,Что такое CSS modules?
2712,Frontend,Frontend / HTML CSS Browser,Middle,Как работает shadow DOM в браузере?
2713,Frontend,Frontend / HTML CSS Browser,Middle,Какие ошибки бывают при использовании web components?
2714,Frontend,Frontend / HTML CSS Browser,Middle,Как улучшить доступность решения с cookies?
2715,Frontend,Frontend / HTML CSS Browser,Middle,Как оптимизировать localStorage?
2716,Frontend,Frontend / HTML CSS Browser,Middle,Сравните sessionStorage с альтернативой.
2717,Frontend,Frontend / HTML CSS Browser,Middle,"Как отладить проблему, связанную с IndexedDB?"
2718,Frontend,Frontend / HTML CSS Browser,Middle,Как CORS влияет на SEO?
2719,Frontend,Frontend / HTML CSS Browser,Middle,Как CSP влияет на производительность?
2720,Frontend,Frontend / HTML CSS Browser,Middle,Приведите практический пример использования Service Worker.
2721,Frontend,Frontend / HTML CSS Browser,Middle,Что такое semantic HTML?
2722,Frontend,Frontend / HTML CSS Browser,Middle,Как работает forms в браузере?
2723,Frontend,Frontend / HTML CSS Browser,Middle,Какие ошибки бывают при использовании labels?
2724,Frontend,Frontend / HTML CSS Browser,Middle,Как улучшить доступность решения с ARIA?
2725,Frontend,Frontend / HTML CSS Browser,Middle,Как оптимизировать keyboard navigation?
2726,Frontend,Frontend / HTML CSS Browser,Middle,Сравните focus management с альтернативой.
2727,Frontend,Frontend / HTML CSS Browser,Middle,"Как отладить проблему, связанную с landmarks?"
2728,Frontend,Frontend / HTML CSS Browser,Middle,Как SEO metadata влияет на SEO?
2729,Frontend,Frontend / HTML CSS Browser,Middle,Как doctype влияет на производительность?
2730,Frontend,Frontend / HTML CSS Browser,Middle,Приведите практический пример использования DOM.
2731,Frontend,Frontend / HTML CSS Browser,Middle,Что такое CSSOM?
2732,Frontend,Frontend / HTML CSS Browser,Middle,Как работает render tree в браузере?
2733,Frontend,Frontend / HTML CSS Browser,Middle,Какие ошибки бывают при использовании critical rendering path?
2734,Frontend,Frontend / HTML CSS Browser,Middle,Как улучшить доступность решения с reflow?
2735,Frontend,Frontend / HTML CSS Browser,Middle,Как оптимизировать repaint?
2736,Frontend,Frontend / HTML CSS Browser,Middle,Сравните compositing с альтернативой.
2737,Frontend,Frontend / HTML CSS Browser,Middle,"Как отладить проблему, связанную с specificity?"
2738,Frontend,Frontend / HTML CSS Browser,Middle,Как cascade layers влияет на SEO?
2739,Frontend,Frontend / HTML CSS Browser,Middle,Как inheritance влияет на производительность?
2740,Frontend,Frontend / HTML CSS Browser,Middle,Приведите практический пример использования flexbox.
2741,Frontend,Frontend / HTML CSS Browser,Middle,Что такое grid?
2742,Frontend,Frontend / HTML CSS Browser,Middle,Как работает container queries в браузере?
2743,Frontend,Frontend / HTML CSS Browser,Middle,Какие ошибки бывают при использовании media queries?
2744,Frontend,Frontend / HTML CSS Browser,Middle,Как улучшить доступность решения с responsive images?
2745,Frontend,Frontend / HTML CSS Browser,Middle,Как оптимизировать aspect-ratio?
2746,Frontend,Frontend / HTML CSS Browser,Middle,Сравните position sticky с альтернативой.
2747,Frontend,Frontend / HTML CSS Browser,Middle,"Как отладить проблему, связанную с stacking context?"
2748,Frontend,Frontend / HTML CSS Browser,Middle,Как z-index влияет на SEO?
2749,Frontend,Frontend / HTML CSS Browser,Middle,Как custom properties влияет на производительность?
2750,Frontend,Frontend / HTML CSS Browser,Middle,Приведите практический пример использования BEM.
2751,Frontend,Frontend / HTML CSS Browser,Senior,Что такое CSS modules?
2752,Frontend,Frontend / HTML CSS Browser,Senior,Как работает shadow DOM в браузере?
2753,Frontend,Frontend / HTML CSS Browser,Senior,Какие ошибки бывают при использовании web components?
2754,Frontend,Frontend / HTML CSS Browser,Senior,Как улучшить доступность решения с cookies?
2755,Frontend,Frontend / HTML CSS Browser,Senior,Как оптимизировать localStorage?
2756,Frontend,Frontend / HTML CSS Browser,Senior,Сравните sessionStorage с альтернативой.
2757,Frontend,Frontend / HTML CSS Browser,Senior,"Как отладить проблему, связанную с IndexedDB?"
2758,Frontend,Frontend / HTML CSS Browser,Senior,Как CORS влияет на SEO?
2759,Frontend,Frontend / HTML CSS Browser,Senior,Как CSP влияет на производительность?
2760,Frontend,Frontend / HTML CSS Browser,Senior,Приведите практический пример использования Service Worker.
2761,Frontend,Frontend / HTML CSS Browser,Senior,Что такое semantic HTML?
2762,Frontend,Frontend / HTML CSS Browser,Senior,Как работает forms в браузере?
2763,Frontend,Frontend / HTML CSS Browser,Senior,Какие ошибки бывают при использовании labels?
2764,Frontend,Frontend / HTML CSS Browser,Senior,Как улучшить доступность решения с ARIA?
2765,Frontend,Frontend / HTML CSS Browser,Senior,Как оптимизировать keyboard navigation?
2766,Frontend,Frontend / HTML CSS Browser,Senior,Сравните focus management с альтернативой.
2767,Frontend,Frontend / HTML CSS Browser,Senior,"Как отладить проблему, связанную с landmarks?"
2768,Frontend,Frontend / HTML CSS Browser,Senior,Как SEO metadata влияет на SEO?
2769,Frontend,Frontend / HTML CSS Browser,Senior,Как doctype влияет на производительность?
2770,Frontend,Frontend / HTML CSS Browser,Senior,Приведите практический пример использования DOM.
2771,Frontend,Frontend / HTML CSS Browser,Senior,Что такое CSSOM?
2772,Frontend,Frontend / HTML CSS Browser,Senior,Как работает render tree в браузере?
2773,Frontend,Frontend / HTML CSS Browser,Senior,Какие ошибки бывают при использовании critical rendering path?
2774,Frontend,Frontend / HTML CSS Browser,Senior,Как улучшить доступность решения с reflow?
2775,Frontend,Frontend / HTML CSS Browser,Senior,Как оптимизировать repaint?
2776,Frontend,Frontend / HTML CSS Browser,Senior,Сравните compositing с альтернативой.
2777,Frontend,Frontend / HTML CSS Browser,Senior,"Как отладить проблему, связанную с specificity?"
2778,Frontend,Frontend / HTML CSS Browser,Senior,Как cascade layers влияет на SEO?
2779,Frontend,Frontend / HTML CSS Browser,Senior,Как inheritance влияет на производительность?
2780,Frontend,Frontend / HTML CSS Browser,Senior,Приведите практический пример использования flexbox.
2781,Frontend,Frontend / HTML CSS Browser,Senior,Что такое grid?
2782,Frontend,Frontend / HTML CSS Browser,Senior,Как работает container queries в браузере?
2783,Frontend,Frontend / HTML CSS Browser,Senior,Какие ошибки бывают при использовании media queries?
2784,Frontend,Frontend / HTML CSS Browser,Senior,Как улучшить доступность решения с responsive images?
2785,Frontend,Frontend / HTML CSS Browser,Senior,Как оптимизировать aspect-ratio?
2786,Frontend,Frontend / HTML CSS Browser,Senior,Сравните position sticky с альтернативой.
2787,Frontend,Frontend / HTML CSS Browser,Senior,"Как отладить проблему, связанную с stacking context?"
2788,Frontend,Frontend / HTML CSS Browser,Senior,Как z-index влияет на SEO?
2789,Frontend,Frontend / HTML CSS Browser,Senior,Как custom properties влияет на производительность?
2790,Frontend,Frontend / HTML CSS Browser,Senior,Приведите практический пример использования BEM.
2791,Frontend,Frontend / HTML CSS Browser,Senior,Что такое CSS modules?
2792,Frontend,Frontend / HTML CSS Browser,Senior,Как работает shadow DOM в браузере?
2793,Frontend,Frontend / HTML CSS Browser,Senior,Какие ошибки бывают при использовании web components?
2794,Frontend,Frontend / HTML CSS Browser,Senior,Как улучшить доступность решения с cookies?
2795,Frontend,Frontend / HTML CSS Browser,Senior,Как оптимизировать localStorage?
2796,Frontend,Frontend / HTML CSS Browser,Senior,Сравните sessionStorage с альтернативой.
2797,Frontend,Frontend / HTML CSS Browser,Senior,"Как отладить проблему, связанную с IndexedDB?"
2798,Frontend,Frontend / HTML CSS Browser,Senior,Как CORS влияет на SEO?
2799,Frontend,Frontend / HTML CSS Browser,Senior,Как CSP влияет на производительность?
2800,Frontend,Frontend / HTML CSS Browser,Senior,Приведите практический пример использования Service Worker.
2801,Frontend,Frontend / HTML CSS Browser,Senior,Что такое semantic HTML?
2802,Frontend,Frontend / HTML CSS Browser,Senior,Как работает forms в браузере?
2803,Frontend,Frontend / HTML CSS Browser,Senior,Какие ошибки бывают при использовании labels?
2804,Frontend,Frontend / HTML CSS Browser,Senior,Как улучшить доступность решения с ARIA?
2805,Frontend,Frontend / HTML CSS Browser,Senior,Как оптимизировать keyboard navigation?
2806,Frontend,Frontend / HTML CSS Browser,Senior,Сравните focus management с альтернативой.
2807,Frontend,Frontend / HTML CSS Browser,Senior,"Как отладить проблему, связанную с landmarks?"
2808,Frontend,Frontend / HTML CSS Browser,Senior,Как SEO metadata влияет на SEO?
2809,Frontend,Frontend / HTML CSS Browser,Senior,Как doctype влияет на производительность?
2810,Frontend,Frontend / HTML CSS Browser,Senior,Приведите практический пример использования DOM.
2811,Frontend,Frontend / HTML CSS Browser,Senior,Что такое CSSOM?
2812,Frontend,Frontend / HTML CSS Browser,Senior,Как работает render tree в браузере?
2813,Frontend,Frontend / HTML CSS Browser,Senior,Какие ошибки бывают при использовании critical rendering path?
2814,Frontend,Frontend / HTML CSS Browser,Senior,Как улучшить доступность решения с reflow?
2815,Frontend,Frontend / HTML CSS Browser,Senior,Как оптимизировать repaint?
2816,Frontend,Frontend / HTML CSS Browser,Senior,Сравните compositing с альтернативой.
2817,Frontend,Frontend / HTML CSS Browser,Senior,"Как отладить проблему, связанную с specificity?"
2818,Frontend,Frontend / HTML CSS Browser,Senior,Как cascade layers влияет на SEO?
2819,Frontend,Frontend / HTML CSS Browser,Senior,Как inheritance влияет на производительность?
2820,Frontend,Frontend / HTML CSS Browser,Senior,Приведите практический пример использования flexbox.
2821,Frontend,Frontend / HTML CSS Browser,Senior,Что такое grid?
2822,Frontend,Frontend / HTML CSS Browser,Senior,Как работает container queries в браузере?
2823,Frontend,Frontend / HTML CSS Browser,Senior,Какие ошибки бывают при использовании media queries?
2824,Frontend,Frontend / HTML CSS Browser,Senior,Как улучшить доступность решения с responsive images?
2825,Frontend,Frontend / HTML CSS Browser,Senior,Как оптимизировать aspect-ratio?
2826,Frontend,Frontend / HTML CSS Browser,Senior,Сравните position sticky с альтернативой.
2827,Frontend,Frontend / HTML CSS Browser,Senior,"Как отладить проблему, связанную с stacking context?"
2828,Frontend,Frontend / HTML CSS Browser,Senior,Как z-index влияет на SEO?
2829,Frontend,Frontend / HTML CSS Browser,Senior,Как custom properties влияет на производительность?
2830,Frontend,Frontend / HTML CSS Browser,Senior,Приведите практический пример использования BEM.
2831,Frontend,Frontend / HTML CSS Browser,Senior,Что такое CSS modules?
2832,Frontend,Frontend / HTML CSS Browser,Senior,Как работает shadow DOM в браузере?
2833,Frontend,Frontend / HTML CSS Browser,Senior,Какие ошибки бывают при использовании web components?
2834,Frontend,Frontend / HTML CSS Browser,Senior,Как улучшить доступность решения с cookies?
2835,Frontend,Frontend / HTML CSS Browser,Senior,Как оптимизировать localStorage?
2836,Frontend,Frontend / HTML CSS Browser,Senior,Сравните sessionStorage с альтернативой.
2837,Frontend,Frontend / HTML CSS Browser,Senior,"Как отладить проблему, связанную с IndexedDB?"
2838,Frontend,Frontend / HTML CSS Browser,Senior,Как CORS влияет на SEO?
2839,Frontend,Frontend / HTML CSS Browser,Senior,Как CSP влияет на производительность?
2840,Frontend,Frontend / HTML CSS Browser,Senior,Приведите практический пример использования Service Worker.
2841,Frontend,Frontend / HTML CSS Browser,Senior,Что такое semantic HTML?
2842,Frontend,Frontend / HTML CSS Browser,Senior,Как работает forms в браузере?
2843,Frontend,Frontend / HTML CSS Browser,Senior,Какие ошибки бывают при использовании labels?
2844,Frontend,Frontend / HTML CSS Browser,Senior,Как улучшить доступность решения с ARIA?
2845,Frontend,Frontend / HTML CSS Browser,Senior,Как оптимизировать keyboard navigation?
2846,Frontend,Frontend / HTML CSS Browser,Senior,Сравните focus management с альтернативой.
2847,Frontend,Frontend / HTML CSS Browser,Senior,"Как отладить проблему, связанную с landmarks?"
2848,Frontend,Frontend / HTML CSS Browser,Senior,Как SEO metadata влияет на SEO?
2849,Frontend,Frontend / HTML CSS Browser,Senior,Как doctype влияет на производительность?
2850,Frontend,Frontend / HTML CSS Browser,Senior,Приведите практический пример использования DOM.
2851,Frontend,Frontend / HTML CSS Browser,Senior,Что такое CSSOM?
2852,Frontend,Frontend / HTML CSS Browser,Senior,Как работает render tree в браузере?
2853,Frontend,Frontend / HTML CSS Browser,Senior,Какие ошибки бывают при использовании critical rendering path?
2854,Frontend,Frontend / HTML CSS Browser,Senior,Как улучшить доступность решения с reflow?
2855,Frontend,Frontend / HTML CSS Browser,Senior,Как оптимизировать repaint?
2856,Frontend,Frontend / HTML CSS Browser,Senior,Сравните compositing с альтернативой.
2857,Frontend,Frontend / HTML CSS Browser,Senior,"Как отладить проблему, связанную с specificity?"
2858,Frontend,Frontend / HTML CSS Browser,Senior,Как cascade layers влияет на SEO?
2859,Frontend,Frontend / HTML CSS Browser,Senior,Как inheritance влияет на производительность?
2860,Frontend,Frontend / HTML CSS Browser,Senior,Приведите практический пример использования flexbox.
2861,Frontend,Frontend / HTML CSS Browser,Senior,Что такое grid?
2862,Frontend,Frontend / HTML CSS Browser,Senior,Как работает container queries в браузере?
2863,Frontend,Frontend / HTML CSS Browser,Senior,Какие ошибки бывают при использовании media queries?
2864,Frontend,Frontend / HTML CSS Browser,Senior,Как улучшить доступность решения с responsive images?
2865,Frontend,Frontend / HTML CSS Browser,Senior,Как оптимизировать aspect-ratio?
2866,Frontend,Frontend / HTML CSS Browser,Senior,Сравните position sticky с альтернативой.
2867,Frontend,Frontend / HTML CSS Browser,Senior,"Как отладить проблему, связанную с stacking context?"
2868,Frontend,Frontend / HTML CSS Browser,Senior,Как z-index влияет на SEO?
2869,Frontend,Frontend / HTML CSS Browser,Senior,Как custom properties влияет на производительность?
2870,Frontend,Frontend / HTML CSS Browser,Senior,Приведите практический пример использования BEM.
2871,Frontend,Frontend / HTML CSS Browser,Senior,Что такое CSS modules?
2872,Frontend,Frontend / HTML CSS Browser,Senior,Как работает shadow DOM в браузере?
2873,Frontend,Frontend / HTML CSS Browser,Senior,Какие ошибки бывают при использовании web components?
2874,Frontend,Frontend / HTML CSS Browser,Senior,Как улучшить доступность решения с cookies?
2875,Frontend,Frontend / HTML CSS Browser,Senior,Как оптимизировать localStorage?
2876,Frontend,Frontend / HTML CSS Browser,Senior,Сравните sessionStorage с альтернативой.
2877,Frontend,Frontend / HTML CSS Browser,Senior,"Как отладить проблему, связанную с IndexedDB?"
2878,Frontend,Frontend / HTML CSS Browser,Senior,Как CORS влияет на SEO?
2879,Frontend,Frontend / HTML CSS Browser,Senior,Как CSP влияет на производительность?
2880,Frontend,Frontend / HTML CSS Browser,Senior,Приведите практический пример использования Service Worker.
2881,Frontend,Frontend / HTML CSS Browser,Senior,Что такое semantic HTML?
2882,Frontend,Frontend / HTML CSS Browser,Senior,Как работает forms в браузере?
2883,Frontend,Frontend / HTML CSS Browser,Senior,Какие ошибки бывают при использовании labels?
2884,Frontend,Frontend / HTML CSS Browser,Senior,Как улучшить доступность решения с ARIA?
2885,Frontend,Frontend / HTML CSS Browser,Senior,Как оптимизировать keyboard navigation?
2886,Frontend,Frontend / HTML CSS Browser,Senior,Сравните focus management с альтернативой.
2887,Frontend,Frontend / HTML CSS Browser,Senior,"Как отладить проблему, связанную с landmarks?"
2888,Frontend,Frontend / HTML CSS Browser,Senior,Как SEO metadata влияет на SEO?
2889,Frontend,Frontend / HTML CSS Browser,Senior,Как doctype влияет на производительность?
2890,Frontend,Frontend / HTML CSS Browser,Senior,Приведите практический пример использования DOM.
2891,Frontend,Frontend / HTML CSS Browser,Senior,Что такое CSSOM?
2892,Frontend,Frontend / HTML CSS Browser,Senior,Как работает render tree в браузере?
2893,Frontend,Frontend / HTML CSS Browser,Senior,Какие ошибки бывают при использовании critical rendering path?
2894,Frontend,Frontend / HTML CSS Browser,Senior,Как улучшить доступность решения с reflow?
2895,Frontend,Frontend / HTML CSS Browser,Senior,Как оптимизировать repaint?
2896,Frontend,Frontend / HTML CSS Browser,Senior,Сравните compositing с альтернативой.
2897,Frontend,Frontend / HTML CSS Browser,Senior,"Как отладить проблему, связанную с specificity?"
2898,Frontend,Frontend / HTML CSS Browser,Senior,Как cascade layers влияет на SEO?
2899,Frontend,Frontend / HTML CSS Browser,Senior,Как inheritance влияет на производительность?
2900,Frontend,Frontend / HTML CSS Browser,Senior,Приведите практический пример использования flexbox.
2901,Frontend,Frontend / HTML CSS Browser,Senior,Что такое grid?
2902,Frontend,Frontend / HTML CSS Browser,Senior,Как работает container queries в браузере?
2903,Frontend,Frontend / HTML CSS Browser,Senior,Какие ошибки бывают при использовании media queries?
2904,Frontend,Frontend / HTML CSS Browser,Senior,Как улучшить доступность решения с responsive images?
2905,Frontend,Frontend / HTML CSS Browser,Senior,Как оптимизировать aspect-ratio?
2906,Frontend,Frontend / HTML CSS Browser,Senior,Сравните position sticky с альтернативой.
2907,Frontend,Frontend / HTML CSS Browser,Senior,"Как отладить проблему, связанную с stacking context?"
2908,Frontend,Frontend / HTML CSS Browser,Senior,Как z-index влияет на SEO?
2909,Frontend,Frontend / HTML CSS Browser,Senior,Как custom properties влияет на производительность?
2910,Frontend,Frontend / HTML CSS Browser,Senior,Приведите практический пример использования BEM.
2911,Frontend,Frontend / HTML CSS Browser,Senior,Что такое CSS modules?
2912,Frontend,Frontend / HTML CSS Browser,Senior,Как работает shadow DOM в браузере?
2913,Frontend,Frontend / HTML CSS Browser,Senior,Какие ошибки бывают при использовании web components?
2914,Frontend,Frontend / HTML CSS Browser,Senior,Как улучшить доступность решения с cookies?
2915,Frontend,Frontend / HTML CSS Browser,Senior,Как оптимизировать localStorage?
2916,Frontend,Frontend / HTML CSS Browser,Senior,Сравните sessionStorage с альтернативой.
2917,Frontend,Frontend / HTML CSS Browser,Senior,"Как отладить проблему, связанную с IndexedDB?"
2918,Frontend,Frontend / HTML CSS Browser,Senior,Как CORS влияет на SEO?
2919,Frontend,Frontend / HTML CSS Browser,Senior,Как CSP влияет на производительность?
2920,Frontend,Frontend / HTML CSS Browser,Senior,Приведите практический пример использования Service Worker.
2921,Frontend,Frontend / HTML CSS Browser,Senior,Что такое semantic HTML?
2922,Frontend,Frontend / HTML CSS Browser,Senior,Как работает forms в браузере?
2923,Frontend,Frontend / HTML CSS Browser,Senior,Какие ошибки бывают при использовании labels?
2924,Frontend,Frontend / HTML CSS Browser,Senior,Как улучшить доступность решения с ARIA?
2925,Frontend,Frontend / HTML CSS Browser,Senior,Как оптимизировать keyboard navigation?
2926,Frontend,Frontend / HTML CSS Browser,Senior,Сравните focus management с альтернативой.
2927,Frontend,Frontend / HTML CSS Browser,Senior,"Как отладить проблему, связанную с landmarks?"
2928,Frontend,Frontend / HTML CSS Browser,Senior,Как SEO metadata влияет на SEO?
2929,Frontend,Frontend / HTML CSS Browser,Senior,Как doctype влияет на производительность?
2930,Frontend,Frontend / HTML CSS Browser,Senior,Приведите практический пример использования DOM.
2931,Frontend,Frontend / HTML CSS Browser,Senior,Что такое CSSOM?
2932,Frontend,Frontend / HTML CSS Browser,Senior,Как работает render tree в браузере?
2933,Frontend,Frontend / HTML CSS Browser,Senior,Какие ошибки бывают при использовании critical rendering path?
2934,Frontend,Frontend / HTML CSS Browser,Senior,Как улучшить доступность решения с reflow?
2935,Frontend,Frontend / HTML CSS Browser,Senior,Как оптимизировать repaint?
2936,Frontend,Frontend / HTML CSS Browser,Senior,Сравните compositing с альтернативой.
2937,Frontend,Frontend / HTML CSS Browser,Senior,"Как отладить проблему, связанную с specificity?"
2938,Frontend,Frontend / HTML CSS Browser,Senior,Как cascade layers влияет на SEO?
2939,Frontend,Frontend / HTML CSS Browser,Senior,Как inheritance влияет на производительность?
2940,Frontend,Frontend / HTML CSS Browser,Senior,Приведите практический пример использования flexbox.
2941,Frontend,Frontend / HTML CSS Browser,Senior,Что такое grid?
2942,Frontend,Frontend / HTML CSS Browser,Senior,Как работает container queries в браузере?
2943,Frontend,Frontend / HTML CSS Browser,Senior,Какие ошибки бывают при использовании media queries?
2944,Frontend,Frontend / HTML CSS Browser,Senior,Как улучшить доступность решения с responsive images?
2945,Frontend,Frontend / HTML CSS Browser,Senior,Как оптимизировать aspect-ratio?
2946,Frontend,Frontend / HTML CSS Browser,Senior,Сравните position sticky с альтернативой.
2947,Frontend,Frontend / HTML CSS Browser,Senior,"Как отладить проблему, связанную с stacking context?"
2948,Frontend,Frontend / HTML CSS Browser,Senior,Как z-index влияет на SEO?
2949,Frontend,Frontend / HTML CSS Browser,Senior,Как custom properties влияет на производительность?
2950,Frontend,Frontend / HTML CSS Browser,Senior,Приведите практический пример использования BEM.
2951,Frontend,Frontend / HTML CSS Browser,Senior,Что такое CSS modules?
2952,Frontend,Frontend / HTML CSS Browser,Senior,Как работает shadow DOM в браузере?
2953,Frontend,Frontend / HTML CSS Browser,Senior,Какие ошибки бывают при использовании web components?
2954,Frontend,Frontend / HTML CSS Browser,Senior,Как улучшить доступность решения с cookies?
2955,Frontend,Frontend / HTML CSS Browser,Senior,Как оптимизировать localStorage?
2956,Frontend,Frontend / HTML CSS Browser,Senior,Сравните sessionStorage с альтернативой.
2957,Frontend,Frontend / HTML CSS Browser,Senior,"Как отладить проблему, связанную с IndexedDB?"
2958,Frontend,Frontend / HTML CSS Browser,Senior,Как CORS влияет на SEO?
2959,Frontend,Frontend / HTML CSS Browser,Senior,Как CSP влияет на производительность?
2960,Frontend,Frontend / HTML CSS Browser,Senior,Приведите практический пример использования Service Worker.
2961,Frontend,Frontend / HTML CSS Browser,Senior,Что такое semantic HTML?
2962,Frontend,Frontend / HTML CSS Browser,Senior,Как работает forms в браузере?
2963,Frontend,Frontend / HTML CSS Browser,Senior,Какие ошибки бывают при использовании labels?
2964,Frontend,Frontend / HTML CSS Browser,Senior,Как улучшить доступность решения с ARIA?
2965,Frontend,Frontend / HTML CSS Browser,Senior,Как оптимизировать keyboard navigation?
2966,Frontend,Frontend / HTML CSS Browser,Senior,Сравните focus management с альтернативой.
2967,Frontend,Frontend / HTML CSS Browser,Senior,"Как отладить проблему, связанную с landmarks?"
2968,Frontend,Frontend / HTML CSS Browser,Senior,Как SEO metadata влияет на SEO?
2969,Frontend,Frontend / HTML CSS Browser,Senior,Как doctype влияет на производительность?
2970,Frontend,Frontend / HTML CSS Browser,Senior,Приведите практический пример использования DOM.
2971,Frontend,Frontend / HTML CSS Browser,Senior,Что такое CSSOM?
2972,Frontend,Frontend / HTML CSS Browser,Senior,Как работает render tree в браузере?
2973,Frontend,Frontend / HTML CSS Browser,Senior,Какие ошибки бывают при использовании critical rendering path?
2974,Frontend,Frontend / HTML CSS Browser,Senior,Как улучшить доступность решения с reflow?
2975,Frontend,Frontend / HTML CSS Browser,Senior,Как оптимизировать repaint?
2976,Frontend,Frontend / HTML CSS Browser,Senior,Сравните compositing с альтернативой.
2977,Frontend,Frontend / HTML CSS Browser,Senior,"Как отладить проблему, связанную с specificity?"
2978,Frontend,Frontend / HTML CSS Browser,Senior,Как cascade layers влияет на SEO?
2979,Frontend,Frontend / HTML CSS Browser,Senior,Как inheritance влияет на производительность?
2980,Frontend,Frontend / HTML CSS Browser,Senior,Приведите практический пример использования flexbox.
2981,Frontend,Frontend / HTML CSS Browser,Senior,Что такое grid?
2982,Frontend,Frontend / HTML CSS Browser,Senior,Как работает container queries в браузере?
2983,Frontend,Frontend / HTML CSS Browser,Senior,Какие ошибки бывают при использовании media queries?
2984,Frontend,Frontend / HTML CSS Browser,Senior,Как улучшить доступность решения с responsive images?
2985,Frontend,Frontend / HTML CSS Browser,Senior,Как оптимизировать aspect-ratio?
2986,Frontend,Frontend / HTML CSS Browser,Senior,Сравните position sticky с альтернативой.
2987,Frontend,Frontend / HTML CSS Browser,Senior,"Как отладить проблему, связанную с stacking context?"
2988,Frontend,Frontend / HTML CSS Browser,Senior,Как z-index влияет на SEO?
2989,Frontend,Frontend / HTML CSS Browser,Senior,Как custom properties влияет на производительность?
2990,Frontend,Frontend / HTML CSS Browser,Senior,Приведите практический пример использования BEM.
2991,Frontend,Frontend / HTML CSS Browser,Senior,Что такое CSS modules?
2992,Frontend,Frontend / HTML CSS Browser,Senior,Как работает shadow DOM в браузере?
2993,Frontend,Frontend / HTML CSS Browser,Senior,Какие ошибки бывают при использовании web components?
2994,Frontend,Frontend / HTML CSS Browser,Senior,Как улучшить доступность решения с cookies?
2995,Frontend,Frontend / HTML CSS Browser,Senior,Как оптимизировать localStorage?
2996,Frontend,Frontend / HTML CSS Browser,Senior,Сравните sessionStorage с альтернативой.
2997,Frontend,Frontend / HTML CSS Browser,Senior,"Как отладить проблему, связанную с IndexedDB?"
2998,Frontend,Frontend / HTML CSS Browser,Senior,Как CORS влияет на SEO?
2999,Frontend,Frontend / HTML CSS Browser,Senior,Как CSP влияет на производительность?
3000,Frontend,Frontend / HTML CSS Browser,Senior,Приведите практический пример использования Service Worker.
3001,Frontend,Frontend / React,Junior,Как работает JSX в React?
3002,Frontend,Frontend / React,Junior,Когда применять reconciliation?
3003,Frontend,Frontend / React,Junior,Какие проблемы вызывает неправильное использование virtual DOM?
3004,Frontend,Frontend / React,Junior,Как протестировать keys?
3005,Frontend,Frontend / React,Junior,Как оптимизировать props?
3006,Frontend,Frontend / React,Junior,Сравните state с альтернативным подходом в React.
3007,Frontend,Frontend / React,Junior,Как useState связан с жизненным циклом компонента?
3008,Frontend,Frontend / React,Junior,Как найти ошибку в коде с useEffect?
3009,Frontend,Frontend / React,Junior,Как использовать useRef в большом приложении?
3010,Frontend,Frontend / React,Junior,Приведите production-пример с useMemo.
3011,Frontend,Frontend / React,Junior,Как работает useCallback в React?
3012,Frontend,Frontend / React,Junior,Когда применять useReducer?
3013,Frontend,Frontend / React,Junior,Какие проблемы вызывает неправильное использование useContext?
3014,Frontend,Frontend / React,Junior,Как протестировать custom hooks?
3015,Frontend,Frontend / React,Junior,Как оптимизировать refs?
3016,Frontend,Frontend / React,Junior,Сравните controlled inputs с альтернативным подходом в React.
3017,Frontend,Frontend / React,Junior,Как uncontrolled inputs связан с жизненным циклом компонента?
3018,Frontend,Frontend / React,Junior,Как найти ошибку в коде с lifting state?
3019,Frontend,Frontend / React,Junior,Как использовать composition в большом приложении?
3020,Frontend,Frontend / React,Junior,Приведите production-пример с React.memo.
3021,Frontend,Frontend / React,Junior,Как работает Strict Mode в React?
3022,Frontend,Frontend / React,Junior,Когда применять Error Boundaries?
3023,Frontend,Frontend / React,Junior,Какие проблемы вызывает неправильное использование Suspense?
3024,Frontend,Frontend / React,Junior,Как протестировать lazy loading?
3025,Frontend,Frontend / React,Junior,Как оптимизировать transitions?
3026,Frontend,Frontend / React,Junior,Сравните concurrent rendering с альтернативным подходом в React.
3027,Frontend,Frontend / React,Junior,Как server components связан с жизненным циклом компонента?
3028,Frontend,Frontend / React,Junior,Как найти ошибку в коде с hydration?
3029,Frontend,Frontend / React,Junior,Как использовать SSR в большом приложении?
3030,Frontend,Frontend / React,Junior,Приведите production-пример с CSR.
3031,Frontend,Frontend / React,Junior,Как работает state management в React?
3032,Frontend,Frontend / React,Junior,Когда применять Context?
3033,Frontend,Frontend / React,Junior,Какие проблемы вызывает неправильное использование Redux?
3034,Frontend,Frontend / React,Junior,Как протестировать query caching?
3035,Frontend,Frontend / React,Junior,Как оптимизировать optimistic updates?
3036,Frontend,Frontend / React,Junior,Сравните form handling с альтернативным подходом в React.
3037,Frontend,Frontend / React,Junior,Как list virtualization связан с жизненным циклом компонента?
3038,Frontend,Frontend / React,Junior,Как найти ошибку в коде с portal?
3039,Frontend,Frontend / React,Junior,Как использовать testing library в большом приложении?
3040,Frontend,Frontend / React,Junior,Приведите production-пример с component architecture.
3041,Frontend,Frontend / React,Junior,Как работает JSX в React?
3042,Frontend,Frontend / React,Junior,Когда применять reconciliation?
3043,Frontend,Frontend / React,Junior,Какие проблемы вызывает неправильное использование virtual DOM?
3044,Frontend,Frontend / React,Junior,Как протестировать keys?
3045,Frontend,Frontend / React,Junior,Как оптимизировать props?
3046,Frontend,Frontend / React,Junior,Сравните state с альтернативным подходом в React.
3047,Frontend,Frontend / React,Junior,Как useState связан с жизненным циклом компонента?
3048,Frontend,Frontend / React,Junior,Как найти ошибку в коде с useEffect?
3049,Frontend,Frontend / React,Junior,Как использовать useRef в большом приложении?
3050,Frontend,Frontend / React,Junior,Приведите production-пример с useMemo.
3051,Frontend,Frontend / React,Junior,Как работает useCallback в React?
3052,Frontend,Frontend / React,Junior,Когда применять useReducer?
3053,Frontend,Frontend / React,Junior,Какие проблемы вызывает неправильное использование useContext?
3054,Frontend,Frontend / React,Junior,Как протестировать custom hooks?
3055,Frontend,Frontend / React,Junior,Как оптимизировать refs?
3056,Frontend,Frontend / React,Junior,Сравните controlled inputs с альтернативным подходом в React.
3057,Frontend,Frontend / React,Junior,Как uncontrolled inputs связан с жизненным циклом компонента?
3058,Frontend,Frontend / React,Junior,Как найти ошибку в коде с lifting state?
3059,Frontend,Frontend / React,Junior,Как использовать composition в большом приложении?
3060,Frontend,Frontend / React,Junior,Приведите production-пример с React.memo.
3061,Frontend,Frontend / React,Junior,Как работает Strict Mode в React?
3062,Frontend,Frontend / React,Junior,Когда применять Error Boundaries?
3063,Frontend,Frontend / React,Junior,Какие проблемы вызывает неправильное использование Suspense?
3064,Frontend,Frontend / React,Junior,Как протестировать lazy loading?
3065,Frontend,Frontend / React,Junior,Как оптимизировать transitions?
3066,Frontend,Frontend / React,Junior,Сравните concurrent rendering с альтернативным подходом в React.
3067,Frontend,Frontend / React,Junior,Как server components связан с жизненным циклом компонента?
3068,Frontend,Frontend / React,Junior,Как найти ошибку в коде с hydration?
3069,Frontend,Frontend / React,Junior,Как использовать SSR в большом приложении?
3070,Frontend,Frontend / React,Junior,Приведите production-пример с CSR.
3071,Frontend,Frontend / React,Junior,Как работает state management в React?
3072,Frontend,Frontend / React,Junior,Когда применять Context?
3073,Frontend,Frontend / React,Junior,Какие проблемы вызывает неправильное использование Redux?
3074,Frontend,Frontend / React,Junior,Как протестировать query caching?
3075,Frontend,Frontend / React,Junior,Как оптимизировать optimistic updates?
3076,Frontend,Frontend / React,Junior,Сравните form handling с альтернативным подходом в React.
3077,Frontend,Frontend / React,Junior,Как list virtualization связан с жизненным циклом компонента?
3078,Frontend,Frontend / React,Junior,Как найти ошибку в коде с portal?
3079,Frontend,Frontend / React,Junior,Как использовать testing library в большом приложении?
3080,Frontend,Frontend / React,Junior,Приведите production-пример с component architecture.
3081,Frontend,Frontend / React,Junior,Как работает JSX в React?
3082,Frontend,Frontend / React,Junior,Когда применять reconciliation?
3083,Frontend,Frontend / React,Junior,Какие проблемы вызывает неправильное использование virtual DOM?
3084,Frontend,Frontend / React,Junior,Как протестировать keys?
3085,Frontend,Frontend / React,Junior,Как оптимизировать props?
3086,Frontend,Frontend / React,Junior,Сравните state с альтернативным подходом в React.
3087,Frontend,Frontend / React,Junior,Как useState связан с жизненным циклом компонента?
3088,Frontend,Frontend / React,Junior,Как найти ошибку в коде с useEffect?
3089,Frontend,Frontend / React,Junior,Как использовать useRef в большом приложении?
3090,Frontend,Frontend / React,Junior,Приведите production-пример с useMemo.
3091,Frontend,Frontend / React,Junior,Как работает useCallback в React?
3092,Frontend,Frontend / React,Junior,Когда применять useReducer?
3093,Frontend,Frontend / React,Junior,Какие проблемы вызывает неправильное использование useContext?
3094,Frontend,Frontend / React,Junior,Как протестировать custom hooks?
3095,Frontend,Frontend / React,Junior,Как оптимизировать refs?
3096,Frontend,Frontend / React,Junior,Сравните controlled inputs с альтернативным подходом в React.
3097,Frontend,Frontend / React,Junior,Как uncontrolled inputs связан с жизненным циклом компонента?
3098,Frontend,Frontend / React,Junior,Как найти ошибку в коде с lifting state?
3099,Frontend,Frontend / React,Junior,Как использовать composition в большом приложении?
3100,Frontend,Frontend / React,Junior,Приведите production-пример с React.memo.
3101,Frontend,Frontend / React,Junior,Как работает Strict Mode в React?
3102,Frontend,Frontend / React,Junior,Когда применять Error Boundaries?
3103,Frontend,Frontend / React,Junior,Какие проблемы вызывает неправильное использование Suspense?
3104,Frontend,Frontend / React,Junior,Как протестировать lazy loading?
3105,Frontend,Frontend / React,Junior,Как оптимизировать transitions?
3106,Frontend,Frontend / React,Junior,Сравните concurrent rendering с альтернативным подходом в React.
3107,Frontend,Frontend / React,Junior,Как server components связан с жизненным циклом компонента?
3108,Frontend,Frontend / React,Junior,Как найти ошибку в коде с hydration?
3109,Frontend,Frontend / React,Junior,Как использовать SSR в большом приложении?
3110,Frontend,Frontend / React,Junior,Приведите production-пример с CSR.
3111,Frontend,Frontend / React,Junior,Как работает state management в React?
3112,Frontend,Frontend / React,Junior,Когда применять Context?
3113,Frontend,Frontend / React,Junior,Какие проблемы вызывает неправильное использование Redux?
3114,Frontend,Frontend / React,Junior,Как протестировать query caching?
3115,Frontend,Frontend / React,Junior,Как оптимизировать optimistic updates?
3116,Frontend,Frontend / React,Junior,Сравните form handling с альтернативным подходом в React.
3117,Frontend,Frontend / React,Junior,Как list virtualization связан с жизненным циклом компонента?
3118,Frontend,Frontend / React,Junior,Как найти ошибку в коде с portal?
3119,Frontend,Frontend / React,Junior,Как использовать testing library в большом приложении?
3120,Frontend,Frontend / React,Junior,Приведите production-пример с component architecture.
3121,Frontend,Frontend / React,Junior,Как работает JSX в React?
3122,Frontend,Frontend / React,Junior,Когда применять reconciliation?
3123,Frontend,Frontend / React,Junior,Какие проблемы вызывает неправильное использование virtual DOM?
3124,Frontend,Frontend / React,Junior,Как протестировать keys?
3125,Frontend,Frontend / React,Junior,Как оптимизировать props?
3126,Frontend,Frontend / React,Junior,Сравните state с альтернативным подходом в React.
3127,Frontend,Frontend / React,Junior,Как useState связан с жизненным циклом компонента?
3128,Frontend,Frontend / React,Junior,Как найти ошибку в коде с useEffect?
3129,Frontend,Frontend / React,Junior,Как использовать useRef в большом приложении?
3130,Frontend,Frontend / React,Junior,Приведите production-пример с useMemo.
3131,Frontend,Frontend / React,Junior,Как работает useCallback в React?
3132,Frontend,Frontend / React,Junior,Когда применять useReducer?
3133,Frontend,Frontend / React,Junior,Какие проблемы вызывает неправильное использование useContext?
3134,Frontend,Frontend / React,Junior,Как протестировать custom hooks?
3135,Frontend,Frontend / React,Junior,Как оптимизировать refs?
3136,Frontend,Frontend / React,Junior,Сравните controlled inputs с альтернативным подходом в React.
3137,Frontend,Frontend / React,Junior,Как uncontrolled inputs связан с жизненным циклом компонента?
3138,Frontend,Frontend / React,Junior,Как найти ошибку в коде с lifting state?
3139,Frontend,Frontend / React,Junior,Как использовать composition в большом приложении?
3140,Frontend,Frontend / React,Junior,Приведите production-пример с React.memo.
3141,Frontend,Frontend / React,Junior,Как работает Strict Mode в React?
3142,Frontend,Frontend / React,Junior,Когда применять Error Boundaries?
3143,Frontend,Frontend / React,Junior,Какие проблемы вызывает неправильное использование Suspense?
3144,Frontend,Frontend / React,Junior,Как протестировать lazy loading?
3145,Frontend,Frontend / React,Junior,Как оптимизировать transitions?
3146,Frontend,Frontend / React,Junior,Сравните concurrent rendering с альтернативным подходом в React.
3147,Frontend,Frontend / React,Junior,Как server components связан с жизненным циклом компонента?
3148,Frontend,Frontend / React,Junior,Как найти ошибку в коде с hydration?
3149,Frontend,Frontend / React,Junior,Как использовать SSR в большом приложении?
3150,Frontend,Frontend / React,Junior,Приведите production-пример с CSR.
3151,Frontend,Frontend / React,Junior,Как работает state management в React?
3152,Frontend,Frontend / React,Junior,Когда применять Context?
3153,Frontend,Frontend / React,Junior,Какие проблемы вызывает неправильное использование Redux?
3154,Frontend,Frontend / React,Junior,Как протестировать query caching?
3155,Frontend,Frontend / React,Junior,Как оптимизировать optimistic updates?
3156,Frontend,Frontend / React,Junior,Сравните form handling с альтернативным подходом в React.
3157,Frontend,Frontend / React,Junior,Как list virtualization связан с жизненным циклом компонента?
3158,Frontend,Frontend / React,Junior,Как найти ошибку в коде с portal?
3159,Frontend,Frontend / React,Junior,Как использовать testing library в большом приложении?
3160,Frontend,Frontend / React,Junior,Приведите production-пример с component architecture.
3161,Frontend,Frontend / React,Junior,Как работает JSX в React?
3162,Frontend,Frontend / React,Junior,Когда применять reconciliation?
3163,Frontend,Frontend / React,Junior,Какие проблемы вызывает неправильное использование virtual DOM?
3164,Frontend,Frontend / React,Junior,Как протестировать keys?
3165,Frontend,Frontend / React,Junior,Как оптимизировать props?
3166,Frontend,Frontend / React,Junior,Сравните state с альтернативным подходом в React.
3167,Frontend,Frontend / React,Junior,Как useState связан с жизненным циклом компонента?
3168,Frontend,Frontend / React,Junior,Как найти ошибку в коде с useEffect?
3169,Frontend,Frontend / React,Junior,Как использовать useRef в большом приложении?
3170,Frontend,Frontend / React,Junior,Приведите production-пример с useMemo.
3171,Frontend,Frontend / React,Junior,Как работает useCallback в React?
3172,Frontend,Frontend / React,Junior,Когда применять useReducer?
3173,Frontend,Frontend / React,Junior,Какие проблемы вызывает неправильное использование useContext?
3174,Frontend,Frontend / React,Junior,Как протестировать custom hooks?
3175,Frontend,Frontend / React,Junior,Как оптимизировать refs?
3176,Frontend,Frontend / React,Junior,Сравните controlled inputs с альтернативным подходом в React.
3177,Frontend,Frontend / React,Junior,Как uncontrolled inputs связан с жизненным циклом компонента?
3178,Frontend,Frontend / React,Junior,Как найти ошибку в коде с lifting state?
3179,Frontend,Frontend / React,Junior,Как использовать composition в большом приложении?
3180,Frontend,Frontend / React,Junior,Приведите production-пример с React.memo.
3181,Frontend,Frontend / React,Junior,Как работает Strict Mode в React?
3182,Frontend,Frontend / React,Junior,Когда применять Error Boundaries?
3183,Frontend,Frontend / React,Junior,Какие проблемы вызывает неправильное использование Suspense?
3184,Frontend,Frontend / React,Junior,Как протестировать lazy loading?
3185,Frontend,Frontend / React,Junior,Как оптимизировать transitions?
3186,Frontend,Frontend / React,Junior,Сравните concurrent rendering с альтернативным подходом в React.
3187,Frontend,Frontend / React,Junior,Как server components связан с жизненным циклом компонента?
3188,Frontend,Frontend / React,Junior,Как найти ошибку в коде с hydration?
3189,Frontend,Frontend / React,Junior,Как использовать SSR в большом приложении?
3190,Frontend,Frontend / React,Junior,Приведите production-пример с CSR.
3191,Frontend,Frontend / React,Junior,Как работает state management в React?
3192,Frontend,Frontend / React,Junior,Когда применять Context?
3193,Frontend,Frontend / React,Junior,Какие проблемы вызывает неправильное использование Redux?
3194,Frontend,Frontend / React,Junior,Как протестировать query caching?
3195,Frontend,Frontend / React,Junior,Как оптимизировать optimistic updates?
3196,Frontend,Frontend / React,Junior,Сравните form handling с альтернативным подходом в React.
3197,Frontend,Frontend / React,Junior,Как list virtualization связан с жизненным циклом компонента?
3198,Frontend,Frontend / React,Junior,Как найти ошибку в коде с portal?
3199,Frontend,Frontend / React,Junior,Как использовать testing library в большом приложении?
3200,Frontend,Frontend / React,Junior,Приведите production-пример с component architecture.
3201,Frontend,Frontend / React,Junior,Как работает JSX в React?
3202,Frontend,Frontend / React,Junior,Когда применять reconciliation?
3203,Frontend,Frontend / React,Junior,Какие проблемы вызывает неправильное использование virtual DOM?
3204,Frontend,Frontend / React,Junior,Как протестировать keys?
3205,Frontend,Frontend / React,Junior,Как оптимизировать props?
3206,Frontend,Frontend / React,Junior,Сравните state с альтернативным подходом в React.
3207,Frontend,Frontend / React,Junior,Как useState связан с жизненным циклом компонента?
3208,Frontend,Frontend / React,Junior,Как найти ошибку в коде с useEffect?
3209,Frontend,Frontend / React,Junior,Как использовать useRef в большом приложении?
3210,Frontend,Frontend / React,Junior,Приведите production-пример с useMemo.
3211,Frontend,Frontend / React,Junior,Как работает useCallback в React?
3212,Frontend,Frontend / React,Junior,Когда применять useReducer?
3213,Frontend,Frontend / React,Junior,Какие проблемы вызывает неправильное использование useContext?
3214,Frontend,Frontend / React,Junior,Как протестировать custom hooks?
3215,Frontend,Frontend / React,Junior,Как оптимизировать refs?
3216,Frontend,Frontend / React,Junior,Сравните controlled inputs с альтернативным подходом в React.
3217,Frontend,Frontend / React,Junior,Как uncontrolled inputs связан с жизненным циклом компонента?
3218,Frontend,Frontend / React,Junior,Как найти ошибку в коде с lifting state?
3219,Frontend,Frontend / React,Junior,Как использовать composition в большом приложении?
3220,Frontend,Frontend / React,Junior,Приведите production-пример с React.memo.
3221,Frontend,Frontend / React,Junior,Как работает Strict Mode в React?
3222,Frontend,Frontend / React,Junior,Когда применять Error Boundaries?
3223,Frontend,Frontend / React,Junior,Какие проблемы вызывает неправильное использование Suspense?
3224,Frontend,Frontend / React,Junior,Как протестировать lazy loading?
3225,Frontend,Frontend / React,Junior,Как оптимизировать transitions?
3226,Frontend,Frontend / React,Junior,Сравните concurrent rendering с альтернативным подходом в React.
3227,Frontend,Frontend / React,Junior,Как server components связан с жизненным циклом компонента?
3228,Frontend,Frontend / React,Junior,Как найти ошибку в коде с hydration?
3229,Frontend,Frontend / React,Junior,Как использовать SSR в большом приложении?
3230,Frontend,Frontend / React,Junior,Приведите production-пример с CSR.
3231,Frontend,Frontend / React,Junior,Как работает state management в React?
3232,Frontend,Frontend / React,Junior,Когда применять Context?
3233,Frontend,Frontend / React,Junior,Какие проблемы вызывает неправильное использование Redux?
3234,Frontend,Frontend / React,Junior,Как протестировать query caching?
3235,Frontend,Frontend / React,Junior,Как оптимизировать optimistic updates?
3236,Frontend,Frontend / React,Junior,Сравните form handling с альтернативным подходом в React.
3237,Frontend,Frontend / React,Junior,Как list virtualization связан с жизненным циклом компонента?
3238,Frontend,Frontend / React,Junior,Как найти ошибку в коде с portal?
3239,Frontend,Frontend / React,Junior,Как использовать testing library в большом приложении?
3240,Frontend,Frontend / React,Junior,Приведите production-пример с component architecture.
3241,Frontend,Frontend / React,Junior,Как работает JSX в React?
3242,Frontend,Frontend / React,Junior,Когда применять reconciliation?
3243,Frontend,Frontend / React,Junior,Какие проблемы вызывает неправильное использование virtual DOM?
3244,Frontend,Frontend / React,Junior,Как протестировать keys?
3245,Frontend,Frontend / React,Junior,Как оптимизировать props?
3246,Frontend,Frontend / React,Junior,Сравните state с альтернативным подходом в React.
3247,Frontend,Frontend / React,Junior,Как useState связан с жизненным циклом компонента?
3248,Frontend,Frontend / React,Junior,Как найти ошибку в коде с useEffect?
3249,Frontend,Frontend / React,Junior,Как использовать useRef в большом приложении?
3250,Frontend,Frontend / React,Junior,Приведите production-пример с useMemo.
3251,Frontend,Frontend / React,Junior,Как работает useCallback в React?
3252,Frontend,Frontend / React,Junior,Когда применять useReducer?
3253,Frontend,Frontend / React,Junior,Какие проблемы вызывает неправильное использование useContext?
3254,Frontend,Frontend / React,Junior,Как протестировать custom hooks?
3255,Frontend,Frontend / React,Junior,Как оптимизировать refs?
3256,Frontend,Frontend / React,Junior,Сравните controlled inputs с альтернативным подходом в React.
3257,Frontend,Frontend / React,Junior,Как uncontrolled inputs связан с жизненным циклом компонента?
3258,Frontend,Frontend / React,Junior,Как найти ошибку в коде с lifting state?
3259,Frontend,Frontend / React,Junior,Как использовать composition в большом приложении?
3260,Frontend,Frontend / React,Junior,Приведите production-пример с React.memo.
3261,Frontend,Frontend / React,Junior,Как работает Strict Mode в React?
3262,Frontend,Frontend / React,Junior,Когда применять Error Boundaries?
3263,Frontend,Frontend / React,Junior,Какие проблемы вызывает неправильное использование Suspense?
3264,Frontend,Frontend / React,Junior,Как протестировать lazy loading?
3265,Frontend,Frontend / React,Junior,Как оптимизировать transitions?
3266,Frontend,Frontend / React,Junior,Сравните concurrent rendering с альтернативным подходом в React.
3267,Frontend,Frontend / React,Junior,Как server components связан с жизненным циклом компонента?
3268,Frontend,Frontend / React,Junior,Как найти ошибку в коде с hydration?
3269,Frontend,Frontend / React,Junior,Как использовать SSR в большом приложении?
3270,Frontend,Frontend / React,Junior,Приведите production-пример с CSR.
3271,Frontend,Frontend / React,Junior,Как работает state management в React?
3272,Frontend,Frontend / React,Junior,Когда применять Context?
3273,Frontend,Frontend / React,Junior,Какие проблемы вызывает неправильное использование Redux?
3274,Frontend,Frontend / React,Junior,Как протестировать query caching?
3275,Frontend,Frontend / React,Junior,Как оптимизировать optimistic updates?
3276,Frontend,Frontend / React,Junior,Сравните form handling с альтернативным подходом в React.
3277,Frontend,Frontend / React,Junior,Как list virtualization связан с жизненным циклом компонента?
3278,Frontend,Frontend / React,Junior,Как найти ошибку в коде с portal?
3279,Frontend,Frontend / React,Junior,Как использовать testing library в большом приложении?
3280,Frontend,Frontend / React,Junior,Приведите production-пример с component architecture.
3281,Frontend,Frontend / React,Junior,Как работает JSX в React?
3282,Frontend,Frontend / React,Junior,Когда применять reconciliation?
3283,Frontend,Frontend / React,Junior,Какие проблемы вызывает неправильное использование virtual DOM?
3284,Frontend,Frontend / React,Junior,Как протестировать keys?
3285,Frontend,Frontend / React,Junior,Как оптимизировать props?
3286,Frontend,Frontend / React,Junior,Сравните state с альтернативным подходом в React.
3287,Frontend,Frontend / React,Junior,Как useState связан с жизненным циклом компонента?
3288,Frontend,Frontend / React,Junior,Как найти ошибку в коде с useEffect?
3289,Frontend,Frontend / React,Junior,Как использовать useRef в большом приложении?
3290,Frontend,Frontend / React,Junior,Приведите production-пример с useMemo.
3291,Frontend,Frontend / React,Junior,Как работает useCallback в React?
3292,Frontend,Frontend / React,Junior,Когда применять useReducer?
3293,Frontend,Frontend / React,Junior,Какие проблемы вызывает неправильное использование useContext?
3294,Frontend,Frontend / React,Junior,Как протестировать custom hooks?
3295,Frontend,Frontend / React,Junior,Как оптимизировать refs?
3296,Frontend,Frontend / React,Junior,Сравните controlled inputs с альтернативным подходом в React.
3297,Frontend,Frontend / React,Junior,Как uncontrolled inputs связан с жизненным циклом компонента?
3298,Frontend,Frontend / React,Junior,Как найти ошибку в коде с lifting state?
3299,Frontend,Frontend / React,Junior,Как использовать composition в большом приложении?
3300,Frontend,Frontend / React,Junior,Приведите production-пример с React.memo.
3301,Frontend,Frontend / React,Middle,Как работает Strict Mode в React?
3302,Frontend,Frontend / React,Middle,Когда применять Error Boundaries?
3303,Frontend,Frontend / React,Middle,Какие проблемы вызывает неправильное использование Suspense?
3304,Frontend,Frontend / React,Middle,Как протестировать lazy loading?
3305,Frontend,Frontend / React,Middle,Как оптимизировать transitions?
3306,Frontend,Frontend / React,Middle,Сравните concurrent rendering с альтернативным подходом в React.
3307,Frontend,Frontend / React,Middle,Как server components связан с жизненным циклом компонента?
3308,Frontend,Frontend / React,Middle,Как найти ошибку в коде с hydration?
3309,Frontend,Frontend / React,Middle,Как использовать SSR в большом приложении?
3310,Frontend,Frontend / React,Middle,Приведите production-пример с CSR.
3311,Frontend,Frontend / React,Middle,Как работает state management в React?
3312,Frontend,Frontend / React,Middle,Когда применять Context?
3313,Frontend,Frontend / React,Middle,Какие проблемы вызывает неправильное использование Redux?
3314,Frontend,Frontend / React,Middle,Как протестировать query caching?
3315,Frontend,Frontend / React,Middle,Как оптимизировать optimistic updates?
3316,Frontend,Frontend / React,Middle,Сравните form handling с альтернативным подходом в React.
3317,Frontend,Frontend / React,Middle,Как list virtualization связан с жизненным циклом компонента?
3318,Frontend,Frontend / React,Middle,Как найти ошибку в коде с portal?
3319,Frontend,Frontend / React,Middle,Как использовать testing library в большом приложении?
3320,Frontend,Frontend / React,Middle,Приведите production-пример с component architecture.
3321,Frontend,Frontend / React,Middle,Как работает JSX в React?
3322,Frontend,Frontend / React,Middle,Когда применять reconciliation?
3323,Frontend,Frontend / React,Middle,Какие проблемы вызывает неправильное использование virtual DOM?
3324,Frontend,Frontend / React,Middle,Как протестировать keys?
3325,Frontend,Frontend / React,Middle,Как оптимизировать props?
3326,Frontend,Frontend / React,Middle,Сравните state с альтернативным подходом в React.
3327,Frontend,Frontend / React,Middle,Как useState связан с жизненным циклом компонента?
3328,Frontend,Frontend / React,Middle,Как найти ошибку в коде с useEffect?
3329,Frontend,Frontend / React,Middle,Как использовать useRef в большом приложении?
3330,Frontend,Frontend / React,Middle,Приведите production-пример с useMemo.
3331,Frontend,Frontend / React,Middle,Как работает useCallback в React?
3332,Frontend,Frontend / React,Middle,Когда применять useReducer?
3333,Frontend,Frontend / React,Middle,Какие проблемы вызывает неправильное использование useContext?
3334,Frontend,Frontend / React,Middle,Как протестировать custom hooks?
3335,Frontend,Frontend / React,Middle,Как оптимизировать refs?
3336,Frontend,Frontend / React,Middle,Сравните controlled inputs с альтернативным подходом в React.
3337,Frontend,Frontend / React,Middle,Как uncontrolled inputs связан с жизненным циклом компонента?
3338,Frontend,Frontend / React,Middle,Как найти ошибку в коде с lifting state?
3339,Frontend,Frontend / React,Middle,Как использовать composition в большом приложении?
3340,Frontend,Frontend / React,Middle,Приведите production-пример с React.memo.
3341,Frontend,Frontend / React,Middle,Как работает Strict Mode в React?
3342,Frontend,Frontend / React,Middle,Когда применять Error Boundaries?
3343,Frontend,Frontend / React,Middle,Какие проблемы вызывает неправильное использование Suspense?
3344,Frontend,Frontend / React,Middle,Как протестировать lazy loading?
3345,Frontend,Frontend / React,Middle,Как оптимизировать transitions?
3346,Frontend,Frontend / React,Middle,Сравните concurrent rendering с альтернативным подходом в React.
3347,Frontend,Frontend / React,Middle,Как server components связан с жизненным циклом компонента?
3348,Frontend,Frontend / React,Middle,Как найти ошибку в коде с hydration?
3349,Frontend,Frontend / React,Middle,Как использовать SSR в большом приложении?
3350,Frontend,Frontend / React,Middle,Приведите production-пример с CSR.
3351,Frontend,Frontend / React,Middle,Как работает state management в React?
3352,Frontend,Frontend / React,Middle,Когда применять Context?
3353,Frontend,Frontend / React,Middle,Какие проблемы вызывает неправильное использование Redux?
3354,Frontend,Frontend / React,Middle,Как протестировать query caching?
3355,Frontend,Frontend / React,Middle,Как оптимизировать optimistic updates?
3356,Frontend,Frontend / React,Middle,Сравните form handling с альтернативным подходом в React.
3357,Frontend,Frontend / React,Middle,Как list virtualization связан с жизненным циклом компонента?
3358,Frontend,Frontend / React,Middle,Как найти ошибку в коде с portal?
3359,Frontend,Frontend / React,Middle,Как использовать testing library в большом приложении?
3360,Frontend,Frontend / React,Middle,Приведите production-пример с component architecture.
3361,Frontend,Frontend / React,Middle,Как работает JSX в React?
3362,Frontend,Frontend / React,Middle,Когда применять reconciliation?
3363,Frontend,Frontend / React,Middle,Какие проблемы вызывает неправильное использование virtual DOM?
3364,Frontend,Frontend / React,Middle,Как протестировать keys?
3365,Frontend,Frontend / React,Middle,Как оптимизировать props?
3366,Frontend,Frontend / React,Middle,Сравните state с альтернативным подходом в React.
3367,Frontend,Frontend / React,Middle,Как useState связан с жизненным циклом компонента?
3368,Frontend,Frontend / React,Middle,Как найти ошибку в коде с useEffect?
3369,Frontend,Frontend / React,Middle,Как использовать useRef в большом приложении?
3370,Frontend,Frontend / React,Middle,Приведите production-пример с useMemo.
3371,Frontend,Frontend / React,Middle,Как работает useCallback в React?
3372,Frontend,Frontend / React,Middle,Когда применять useReducer?
3373,Frontend,Frontend / React,Middle,Какие проблемы вызывает неправильное использование useContext?
3374,Frontend,Frontend / React,Middle,Как протестировать custom hooks?
3375,Frontend,Frontend / React,Middle,Как оптимизировать refs?
3376,Frontend,Frontend / React,Middle,Сравните controlled inputs с альтернативным подходом в React.
3377,Frontend,Frontend / React,Middle,Как uncontrolled inputs связан с жизненным циклом компонента?
3378,Frontend,Frontend / React,Middle,Как найти ошибку в коде с lifting state?
3379,Frontend,Frontend / React,Middle,Как использовать composition в большом приложении?
3380,Frontend,Frontend / React,Middle,Приведите production-пример с React.memo.
3381,Frontend,Frontend / React,Middle,Как работает Strict Mode в React?
3382,Frontend,Frontend / React,Middle,Когда применять Error Boundaries?
3383,Frontend,Frontend / React,Middle,Какие проблемы вызывает неправильное использование Suspense?
3384,Frontend,Frontend / React,Middle,Как протестировать lazy loading?
3385,Frontend,Frontend / React,Middle,Как оптимизировать transitions?
3386,Frontend,Frontend / React,Middle,Сравните concurrent rendering с альтернативным подходом в React.
3387,Frontend,Frontend / React,Middle,Как server components связан с жизненным циклом компонента?
3388,Frontend,Frontend / React,Middle,Как найти ошибку в коде с hydration?
3389,Frontend,Frontend / React,Middle,Как использовать SSR в большом приложении?
3390,Frontend,Frontend / React,Middle,Приведите production-пример с CSR.
3391,Frontend,Frontend / React,Middle,Как работает state management в React?
3392,Frontend,Frontend / React,Middle,Когда применять Context?
3393,Frontend,Frontend / React,Middle,Какие проблемы вызывает неправильное использование Redux?
3394,Frontend,Frontend / React,Middle,Как протестировать query caching?
3395,Frontend,Frontend / React,Middle,Как оптимизировать optimistic updates?
3396,Frontend,Frontend / React,Middle,Сравните form handling с альтернативным подходом в React.
3397,Frontend,Frontend / React,Middle,Как list virtualization связан с жизненным циклом компонента?
3398,Frontend,Frontend / React,Middle,Как найти ошибку в коде с portal?
3399,Frontend,Frontend / React,Middle,Как использовать testing library в большом приложении?
3400,Frontend,Frontend / React,Middle,Приведите production-пример с component architecture.
3401,Frontend,Frontend / React,Middle,Как работает JSX в React?
3402,Frontend,Frontend / React,Middle,Когда применять reconciliation?
3403,Frontend,Frontend / React,Middle,Какие проблемы вызывает неправильное использование virtual DOM?
3404,Frontend,Frontend / React,Middle,Как протестировать keys?
3405,Frontend,Frontend / React,Middle,Как оптимизировать props?
3406,Frontend,Frontend / React,Middle,Сравните state с альтернативным подходом в React.
3407,Frontend,Frontend / React,Middle,Как useState связан с жизненным циклом компонента?
3408,Frontend,Frontend / React,Middle,Как найти ошибку в коде с useEffect?
3409,Frontend,Frontend / React,Middle,Как использовать useRef в большом приложении?
3410,Frontend,Frontend / React,Middle,Приведите production-пример с useMemo.
3411,Frontend,Frontend / React,Middle,Как работает useCallback в React?
3412,Frontend,Frontend / React,Middle,Когда применять useReducer?
3413,Frontend,Frontend / React,Middle,Какие проблемы вызывает неправильное использование useContext?
3414,Frontend,Frontend / React,Middle,Как протестировать custom hooks?
3415,Frontend,Frontend / React,Middle,Как оптимизировать refs?
3416,Frontend,Frontend / React,Middle,Сравните controlled inputs с альтернативным подходом в React.
3417,Frontend,Frontend / React,Middle,Как uncontrolled inputs связан с жизненным циклом компонента?
3418,Frontend,Frontend / React,Middle,Как найти ошибку в коде с lifting state?
3419,Frontend,Frontend / React,Middle,Как использовать composition в большом приложении?
3420,Frontend,Frontend / React,Middle,Приведите production-пример с React.memo.
3421,Frontend,Frontend / React,Middle,Как работает Strict Mode в React?
3422,Frontend,Frontend / React,Middle,Когда применять Error Boundaries?
3423,Frontend,Frontend / React,Middle,Какие проблемы вызывает неправильное использование Suspense?
3424,Frontend,Frontend / React,Middle,Как протестировать lazy loading?
3425,Frontend,Frontend / React,Middle,Как оптимизировать transitions?
3426,Frontend,Frontend / React,Middle,Сравните concurrent rendering с альтернативным подходом в React.
3427,Frontend,Frontend / React,Middle,Как server components связан с жизненным циклом компонента?
3428,Frontend,Frontend / React,Middle,Как найти ошибку в коде с hydration?
3429,Frontend,Frontend / React,Middle,Как использовать SSR в большом приложении?
3430,Frontend,Frontend / React,Middle,Приведите production-пример с CSR.
3431,Frontend,Frontend / React,Middle,Как работает state management в React?
3432,Frontend,Frontend / React,Middle,Когда применять Context?
3433,Frontend,Frontend / React,Middle,Какие проблемы вызывает неправильное использование Redux?
3434,Frontend,Frontend / React,Middle,Как протестировать query caching?
3435,Frontend,Frontend / React,Middle,Как оптимизировать optimistic updates?
3436,Frontend,Frontend / React,Middle,Сравните form handling с альтернативным подходом в React.
3437,Frontend,Frontend / React,Middle,Как list virtualization связан с жизненным циклом компонента?
3438,Frontend,Frontend / React,Middle,Как найти ошибку в коде с portal?
3439,Frontend,Frontend / React,Middle,Как использовать testing library в большом приложении?
3440,Frontend,Frontend / React,Middle,Приведите production-пример с component architecture.
3441,Frontend,Frontend / React,Middle,Как работает JSX в React?
3442,Frontend,Frontend / React,Middle,Когда применять reconciliation?
3443,Frontend,Frontend / React,Middle,Какие проблемы вызывает неправильное использование virtual DOM?
3444,Frontend,Frontend / React,Middle,Как протестировать keys?
3445,Frontend,Frontend / React,Middle,Как оптимизировать props?
3446,Frontend,Frontend / React,Middle,Сравните state с альтернативным подходом в React.
3447,Frontend,Frontend / React,Middle,Как useState связан с жизненным циклом компонента?
3448,Frontend,Frontend / React,Middle,Как найти ошибку в коде с useEffect?
3449,Frontend,Frontend / React,Middle,Как использовать useRef в большом приложении?
3450,Frontend,Frontend / React,Middle,Приведите production-пример с useMemo.
3451,Frontend,Frontend / React,Middle,Как работает useCallback в React?
3452,Frontend,Frontend / React,Middle,Когда применять useReducer?
3453,Frontend,Frontend / React,Middle,Какие проблемы вызывает неправильное использование useContext?
3454,Frontend,Frontend / React,Middle,Как протестировать custom hooks?
3455,Frontend,Frontend / React,Middle,Как оптимизировать refs?
3456,Frontend,Frontend / React,Middle,Сравните controlled inputs с альтернативным подходом в React.
3457,Frontend,Frontend / React,Middle,Как uncontrolled inputs связан с жизненным циклом компонента?
3458,Frontend,Frontend / React,Middle,Как найти ошибку в коде с lifting state?
3459,Frontend,Frontend / React,Middle,Как использовать composition в большом приложении?
3460,Frontend,Frontend / React,Middle,Приведите production-пример с React.memo.
3461,Frontend,Frontend / React,Middle,Как работает Strict Mode в React?
3462,Frontend,Frontend / React,Middle,Когда применять Error Boundaries?
3463,Frontend,Frontend / React,Middle,Какие проблемы вызывает неправильное использование Suspense?
3464,Frontend,Frontend / React,Middle,Как протестировать lazy loading?
3465,Frontend,Frontend / React,Middle,Как оптимизировать transitions?
3466,Frontend,Frontend / React,Middle,Сравните concurrent rendering с альтернативным подходом в React.
3467,Frontend,Frontend / React,Middle,Как server components связан с жизненным циклом компонента?
3468,Frontend,Frontend / React,Middle,Как найти ошибку в коде с hydration?
3469,Frontend,Frontend / React,Middle,Как использовать SSR в большом приложении?
3470,Frontend,Frontend / React,Middle,Приведите production-пример с CSR.
3471,Frontend,Frontend / React,Middle,Как работает state management в React?
3472,Frontend,Frontend / React,Middle,Когда применять Context?
3473,Frontend,Frontend / React,Middle,Какие проблемы вызывает неправильное использование Redux?
3474,Frontend,Frontend / React,Middle,Как протестировать query caching?
3475,Frontend,Frontend / React,Middle,Как оптимизировать optimistic updates?
3476,Frontend,Frontend / React,Middle,Сравните form handling с альтернативным подходом в React.
3477,Frontend,Frontend / React,Middle,Как list virtualization связан с жизненным циклом компонента?
3478,Frontend,Frontend / React,Middle,Как найти ошибку в коде с portal?
3479,Frontend,Frontend / React,Middle,Как использовать testing library в большом приложении?
3480,Frontend,Frontend / React,Middle,Приведите production-пример с component architecture.
3481,Frontend,Frontend / React,Middle,Как работает JSX в React?
3482,Frontend,Frontend / React,Middle,Когда применять reconciliation?
3483,Frontend,Frontend / React,Middle,Какие проблемы вызывает неправильное использование virtual DOM?
3484,Frontend,Frontend / React,Middle,Как протестировать keys?
3485,Frontend,Frontend / React,Middle,Как оптимизировать props?
3486,Frontend,Frontend / React,Middle,Сравните state с альтернативным подходом в React.
3487,Frontend,Frontend / React,Middle,Как useState связан с жизненным циклом компонента?
3488,Frontend,Frontend / React,Middle,Как найти ошибку в коде с useEffect?
3489,Frontend,Frontend / React,Middle,Как использовать useRef в большом приложении?
3490,Frontend,Frontend / React,Middle,Приведите production-пример с useMemo.
3491,Frontend,Frontend / React,Middle,Как работает useCallback в React?
3492,Frontend,Frontend / React,Middle,Когда применять useReducer?
3493,Frontend,Frontend / React,Middle,Какие проблемы вызывает неправильное использование useContext?
3494,Frontend,Frontend / React,Middle,Как протестировать custom hooks?
3495,Frontend,Frontend / React,Middle,Как оптимизировать refs?
3496,Frontend,Frontend / React,Middle,Сравните controlled inputs с альтернативным подходом в React.
3497,Frontend,Frontend / React,Middle,Как uncontrolled inputs связан с жизненным циклом компонента?
3498,Frontend,Frontend / React,Middle,Как найти ошибку в коде с lifting state?
3499,Frontend,Frontend / React,Middle,Как использовать composition в большом приложении?
3500,Frontend,Frontend / React,Middle,Приведите production-пример с React.memo.
3501,Frontend,Frontend / React,Middle,Как работает Strict Mode в React?
3502,Frontend,Frontend / React,Middle,Когда применять Error Boundaries?
3503,Frontend,Frontend / React,Middle,Какие проблемы вызывает неправильное использование Suspense?
3504,Frontend,Frontend / React,Middle,Как протестировать lazy loading?
3505,Frontend,Frontend / React,Middle,Как оптимизировать transitions?
3506,Frontend,Frontend / React,Middle,Сравните concurrent rendering с альтернативным подходом в React.
3507,Frontend,Frontend / React,Middle,Как server components связан с жизненным циклом компонента?
3508,Frontend,Frontend / React,Middle,Как найти ошибку в коде с hydration?
3509,Frontend,Frontend / React,Middle,Как использовать SSR в большом приложении?
3510,Frontend,Frontend / React,Middle,Приведите production-пример с CSR.
3511,Frontend,Frontend / React,Middle,Как работает state management в React?
3512,Frontend,Frontend / React,Middle,Когда применять Context?
3513,Frontend,Frontend / React,Middle,Какие проблемы вызывает неправильное использование Redux?
3514,Frontend,Frontend / React,Middle,Как протестировать query caching?
3515,Frontend,Frontend / React,Middle,Как оптимизировать optimistic updates?
3516,Frontend,Frontend / React,Middle,Сравните form handling с альтернативным подходом в React.
3517,Frontend,Frontend / React,Middle,Как list virtualization связан с жизненным циклом компонента?
3518,Frontend,Frontend / React,Middle,Как найти ошибку в коде с portal?
3519,Frontend,Frontend / React,Middle,Как использовать testing library в большом приложении?
3520,Frontend,Frontend / React,Middle,Приведите production-пример с component architecture.
3521,Frontend,Frontend / React,Middle,Как работает JSX в React?
3522,Frontend,Frontend / React,Middle,Когда применять reconciliation?
3523,Frontend,Frontend / React,Middle,Какие проблемы вызывает неправильное использование virtual DOM?
3524,Frontend,Frontend / React,Middle,Как протестировать keys?
3525,Frontend,Frontend / React,Middle,Как оптимизировать props?
3526,Frontend,Frontend / React,Middle,Сравните state с альтернативным подходом в React.
3527,Frontend,Frontend / React,Middle,Как useState связан с жизненным циклом компонента?
3528,Frontend,Frontend / React,Middle,Как найти ошибку в коде с useEffect?
3529,Frontend,Frontend / React,Middle,Как использовать useRef в большом приложении?
3530,Frontend,Frontend / React,Middle,Приведите production-пример с useMemo.
3531,Frontend,Frontend / React,Middle,Как работает useCallback в React?
3532,Frontend,Frontend / React,Middle,Когда применять useReducer?
3533,Frontend,Frontend / React,Middle,Какие проблемы вызывает неправильное использование useContext?
3534,Frontend,Frontend / React,Middle,Как протестировать custom hooks?
3535,Frontend,Frontend / React,Middle,Как оптимизировать refs?
3536,Frontend,Frontend / React,Middle,Сравните controlled inputs с альтернативным подходом в React.
3537,Frontend,Frontend / React,Middle,Как uncontrolled inputs связан с жизненным циклом компонента?
3538,Frontend,Frontend / React,Middle,Как найти ошибку в коде с lifting state?
3539,Frontend,Frontend / React,Middle,Как использовать composition в большом приложении?
3540,Frontend,Frontend / React,Middle,Приведите production-пример с React.memo.
3541,Frontend,Frontend / React,Middle,Как работает Strict Mode в React?
3542,Frontend,Frontend / React,Middle,Когда применять Error Boundaries?
3543,Frontend,Frontend / React,Middle,Какие проблемы вызывает неправильное использование Suspense?
3544,Frontend,Frontend / React,Middle,Как протестировать lazy loading?
3545,Frontend,Frontend / React,Middle,Как оптимизировать transitions?
3546,Frontend,Frontend / React,Middle,Сравните concurrent rendering с альтернативным подходом в React.
3547,Frontend,Frontend / React,Middle,Как server components связан с жизненным циклом компонента?
3548,Frontend,Frontend / React,Middle,Как найти ошибку в коде с hydration?
3549,Frontend,Frontend / React,Middle,Как использовать SSR в большом приложении?
3550,Frontend,Frontend / React,Middle,Приведите production-пример с CSR.
3551,Frontend,Frontend / React,Middle,Как работает state management в React?
3552,Frontend,Frontend / React,Middle,Когда применять Context?
3553,Frontend,Frontend / React,Middle,Какие проблемы вызывает неправильное использование Redux?
3554,Frontend,Frontend / React,Middle,Как протестировать query caching?
3555,Frontend,Frontend / React,Middle,Как оптимизировать optimistic updates?
3556,Frontend,Frontend / React,Middle,Сравните form handling с альтернативным подходом в React.
3557,Frontend,Frontend / React,Middle,Как list virtualization связан с жизненным циклом компонента?
3558,Frontend,Frontend / React,Middle,Как найти ошибку в коде с portal?
3559,Frontend,Frontend / React,Middle,Как использовать testing library в большом приложении?
3560,Frontend,Frontend / React,Middle,Приведите production-пример с component architecture.
3561,Frontend,Frontend / React,Middle,Как работает JSX в React?
3562,Frontend,Frontend / React,Middle,Когда применять reconciliation?
3563,Frontend,Frontend / React,Middle,Какие проблемы вызывает неправильное использование virtual DOM?
3564,Frontend,Frontend / React,Middle,Как протестировать keys?
3565,Frontend,Frontend / React,Middle,Как оптимизировать props?
3566,Frontend,Frontend / React,Middle,Сравните state с альтернативным подходом в React.
3567,Frontend,Frontend / React,Middle,Как useState связан с жизненным циклом компонента?
3568,Frontend,Frontend / React,Middle,Как найти ошибку в коде с useEffect?
3569,Frontend,Frontend / React,Middle,Как использовать useRef в большом приложении?
3570,Frontend,Frontend / React,Middle,Приведите production-пример с useMemo.
3571,Frontend,Frontend / React,Middle,Как работает useCallback в React?
3572,Frontend,Frontend / React,Middle,Когда применять useReducer?
3573,Frontend,Frontend / React,Middle,Какие проблемы вызывает неправильное использование useContext?
3574,Frontend,Frontend / React,Middle,Как протестировать custom hooks?
3575,Frontend,Frontend / React,Middle,Как оптимизировать refs?
3576,Frontend,Frontend / React,Middle,Сравните controlled inputs с альтернативным подходом в React.
3577,Frontend,Frontend / React,Middle,Как uncontrolled inputs связан с жизненным циклом компонента?
3578,Frontend,Frontend / React,Middle,Как найти ошибку в коде с lifting state?
3579,Frontend,Frontend / React,Middle,Как использовать composition в большом приложении?
3580,Frontend,Frontend / React,Middle,Приведите production-пример с React.memo.
3581,Frontend,Frontend / React,Middle,Как работает Strict Mode в React?
3582,Frontend,Frontend / React,Middle,Когда применять Error Boundaries?
3583,Frontend,Frontend / React,Middle,Какие проблемы вызывает неправильное использование Suspense?
3584,Frontend,Frontend / React,Middle,Как протестировать lazy loading?
3585,Frontend,Frontend / React,Middle,Как оптимизировать transitions?
3586,Frontend,Frontend / React,Middle,Сравните concurrent rendering с альтернативным подходом в React.
3587,Frontend,Frontend / React,Middle,Как server components связан с жизненным циклом компонента?
3588,Frontend,Frontend / React,Middle,Как найти ошибку в коде с hydration?
3589,Frontend,Frontend / React,Middle,Как использовать SSR в большом приложении?
3590,Frontend,Frontend / React,Middle,Приведите production-пример с CSR.
3591,Frontend,Frontend / React,Middle,Как работает state management в React?
3592,Frontend,Frontend / React,Middle,Когда применять Context?
3593,Frontend,Frontend / React,Middle,Какие проблемы вызывает неправильное использование Redux?
3594,Frontend,Frontend / React,Middle,Как протестировать query caching?
3595,Frontend,Frontend / React,Middle,Как оптимизировать optimistic updates?
3596,Frontend,Frontend / React,Middle,Сравните form handling с альтернативным подходом в React.
3597,Frontend,Frontend / React,Middle,Как list virtualization связан с жизненным циклом компонента?
3598,Frontend,Frontend / React,Middle,Как найти ошибку в коде с portal?
3599,Frontend,Frontend / React,Middle,Как использовать testing library в большом приложении?
3600,Frontend,Frontend / React,Middle,Приведите production-пример с component architecture.
3601,Frontend,Frontend / React,Middle,Как работает JSX в React?
3602,Frontend,Frontend / React,Middle,Когда применять reconciliation?
3603,Frontend,Frontend / React,Middle,Какие проблемы вызывает неправильное использование virtual DOM?
3604,Frontend,Frontend / React,Middle,Как протестировать keys?
3605,Frontend,Frontend / React,Middle,Как оптимизировать props?
3606,Frontend,Frontend / React,Middle,Сравните state с альтернативным подходом в React.
3607,Frontend,Frontend / React,Middle,Как useState связан с жизненным циклом компонента?
3608,Frontend,Frontend / React,Middle,Как найти ошибку в коде с useEffect?
3609,Frontend,Frontend / React,Middle,Как использовать useRef в большом приложении?
3610,Frontend,Frontend / React,Middle,Приведите production-пример с useMemo.
3611,Frontend,Frontend / React,Middle,Как работает useCallback в React?
3612,Frontend,Frontend / React,Middle,Когда применять useReducer?
3613,Frontend,Frontend / React,Middle,Какие проблемы вызывает неправильное использование useContext?
3614,Frontend,Frontend / React,Middle,Как протестировать custom hooks?
3615,Frontend,Frontend / React,Middle,Как оптимизировать refs?
3616,Frontend,Frontend / React,Middle,Сравните controlled inputs с альтернативным подходом в React.
3617,Frontend,Frontend / React,Middle,Как uncontrolled inputs связан с жизненным циклом компонента?
3618,Frontend,Frontend / React,Middle,Как найти ошибку в коде с lifting state?
3619,Frontend,Frontend / React,Middle,Как использовать composition в большом приложении?
3620,Frontend,Frontend / React,Middle,Приведите production-пример с React.memo.
3621,Frontend,Frontend / React,Middle,Как работает Strict Mode в React?
3622,Frontend,Frontend / React,Middle,Когда применять Error Boundaries?
3623,Frontend,Frontend / React,Middle,Какие проблемы вызывает неправильное использование Suspense?
3624,Frontend,Frontend / React,Middle,Как протестировать lazy loading?
3625,Frontend,Frontend / React,Middle,Как оптимизировать transitions?
3626,Frontend,Frontend / React,Middle,Сравните concurrent rendering с альтернативным подходом в React.
3627,Frontend,Frontend / React,Middle,Как server components связан с жизненным циклом компонента?
3628,Frontend,Frontend / React,Middle,Как найти ошибку в коде с hydration?
3629,Frontend,Frontend / React,Middle,Как использовать SSR в большом приложении?
3630,Frontend,Frontend / React,Middle,Приведите production-пример с CSR.
3631,Frontend,Frontend / React,Middle,Как работает state management в React?
3632,Frontend,Frontend / React,Middle,Когда применять Context?
3633,Frontend,Frontend / React,Middle,Какие проблемы вызывает неправильное использование Redux?
3634,Frontend,Frontend / React,Middle,Как протестировать query caching?
3635,Frontend,Frontend / React,Middle,Как оптимизировать optimistic updates?
3636,Frontend,Frontend / React,Middle,Сравните form handling с альтернативным подходом в React.
3637,Frontend,Frontend / React,Middle,Как list virtualization связан с жизненным циклом компонента?
3638,Frontend,Frontend / React,Middle,Как найти ошибку в коде с portal?
3639,Frontend,Frontend / React,Middle,Как использовать testing library в большом приложении?
3640,Frontend,Frontend / React,Middle,Приведите production-пример с component architecture.
3641,Frontend,Frontend / React,Middle,Как работает JSX в React?
3642,Frontend,Frontend / React,Middle,Когда применять reconciliation?
3643,Frontend,Frontend / React,Middle,Какие проблемы вызывает неправильное использование virtual DOM?
3644,Frontend,Frontend / React,Middle,Как протестировать keys?
3645,Frontend,Frontend / React,Middle,Как оптимизировать props?
3646,Frontend,Frontend / React,Middle,Сравните state с альтернативным подходом в React.
3647,Frontend,Frontend / React,Middle,Как useState связан с жизненным циклом компонента?
3648,Frontend,Frontend / React,Middle,Как найти ошибку в коде с useEffect?
3649,Frontend,Frontend / React,Middle,Как использовать useRef в большом приложении?
3650,Frontend,Frontend / React,Middle,Приведите production-пример с useMemo.
3651,Frontend,Frontend / React,Middle,Как работает useCallback в React?
3652,Frontend,Frontend / React,Middle,Когда применять useReducer?
3653,Frontend,Frontend / React,Middle,Какие проблемы вызывает неправильное использование useContext?
3654,Frontend,Frontend / React,Middle,Как протестировать custom hooks?
3655,Frontend,Frontend / React,Middle,Как оптимизировать refs?
3656,Frontend,Frontend / React,Middle,Сравните controlled inputs с альтернативным подходом в React.
3657,Frontend,Frontend / React,Middle,Как uncontrolled inputs связан с жизненным циклом компонента?
3658,Frontend,Frontend / React,Middle,Как найти ошибку в коде с lifting state?
3659,Frontend,Frontend / React,Middle,Как использовать composition в большом приложении?
3660,Frontend,Frontend / React,Middle,Приведите production-пример с React.memo.
3661,Frontend,Frontend / React,Middle,Как работает Strict Mode в React?
3662,Frontend,Frontend / React,Middle,Когда применять Error Boundaries?
3663,Frontend,Frontend / React,Middle,Какие проблемы вызывает неправильное использование Suspense?
3664,Frontend,Frontend / React,Middle,Как протестировать lazy loading?
3665,Frontend,Frontend / React,Middle,Как оптимизировать transitions?
3666,Frontend,Frontend / React,Middle,Сравните concurrent rendering с альтернативным подходом в React.
3667,Frontend,Frontend / React,Middle,Как server components связан с жизненным циклом компонента?
3668,Frontend,Frontend / React,Middle,Как найти ошибку в коде с hydration?
3669,Frontend,Frontend / React,Middle,Как использовать SSR в большом приложении?
3670,Frontend,Frontend / React,Middle,Приведите production-пример с CSR.
3671,Frontend,Frontend / React,Middle,Как работает state management в React?
3672,Frontend,Frontend / React,Middle,Когда применять Context?
3673,Frontend,Frontend / React,Middle,Какие проблемы вызывает неправильное использование Redux?
3674,Frontend,Frontend / React,Middle,Как протестировать query caching?
3675,Frontend,Frontend / React,Middle,Как оптимизировать optimistic updates?
3676,Frontend,Frontend / React,Middle,Сравните form handling с альтернативным подходом в React.
3677,Frontend,Frontend / React,Middle,Как list virtualization связан с жизненным циклом компонента?
3678,Frontend,Frontend / React,Middle,Как найти ошибку в коде с portal?
3679,Frontend,Frontend / React,Middle,Как использовать testing library в большом приложении?
3680,Frontend,Frontend / React,Middle,Приведите production-пример с component architecture.
3681,Frontend,Frontend / React,Middle,Как работает JSX в React?
3682,Frontend,Frontend / React,Middle,Когда применять reconciliation?
3683,Frontend,Frontend / React,Middle,Какие проблемы вызывает неправильное использование virtual DOM?
3684,Frontend,Frontend / React,Middle,Как протестировать keys?
3685,Frontend,Frontend / React,Middle,Как оптимизировать props?
3686,Frontend,Frontend / React,Middle,Сравните state с альтернативным подходом в React.
3687,Frontend,Frontend / React,Middle,Как useState связан с жизненным циклом компонента?
3688,Frontend,Frontend / React,Middle,Как найти ошибку в коде с useEffect?
3689,Frontend,Frontend / React,Middle,Как использовать useRef в большом приложении?
3690,Frontend,Frontend / React,Middle,Приведите production-пример с useMemo.
3691,Frontend,Frontend / React,Middle,Как работает useCallback в React?
3692,Frontend,Frontend / React,Middle,Когда применять useReducer?
3693,Frontend,Frontend / React,Middle,Какие проблемы вызывает неправильное использование useContext?
3694,Frontend,Frontend / React,Middle,Как протестировать custom hooks?
3695,Frontend,Frontend / React,Middle,Как оптимизировать refs?
3696,Frontend,Frontend / React,Middle,Сравните controlled inputs с альтернативным подходом в React.
3697,Frontend,Frontend / React,Middle,Как uncontrolled inputs связан с жизненным циклом компонента?
3698,Frontend,Frontend / React,Middle,Как найти ошибку в коде с lifting state?
3699,Frontend,Frontend / React,Middle,Как использовать composition в большом приложении?
3700,Frontend,Frontend / React,Middle,Приведите production-пример с React.memo.
3701,Frontend,Frontend / React,Middle,Как работает Strict Mode в React?
3702,Frontend,Frontend / React,Middle,Когда применять Error Boundaries?
3703,Frontend,Frontend / React,Middle,Какие проблемы вызывает неправильное использование Suspense?
3704,Frontend,Frontend / React,Middle,Как протестировать lazy loading?
3705,Frontend,Frontend / React,Middle,Как оптимизировать transitions?
3706,Frontend,Frontend / React,Middle,Сравните concurrent rendering с альтернативным подходом в React.
3707,Frontend,Frontend / React,Middle,Как server components связан с жизненным циклом компонента?
3708,Frontend,Frontend / React,Middle,Как найти ошибку в коде с hydration?
3709,Frontend,Frontend / React,Middle,Как использовать SSR в большом приложении?
3710,Frontend,Frontend / React,Middle,Приведите production-пример с CSR.
3711,Frontend,Frontend / React,Middle,Как работает state management в React?
3712,Frontend,Frontend / React,Middle,Когда применять Context?
3713,Frontend,Frontend / React,Middle,Какие проблемы вызывает неправильное использование Redux?
3714,Frontend,Frontend / React,Middle,Как протестировать query caching?
3715,Frontend,Frontend / React,Middle,Как оптимизировать optimistic updates?
3716,Frontend,Frontend / React,Middle,Сравните form handling с альтернативным подходом в React.
3717,Frontend,Frontend / React,Middle,Как list virtualization связан с жизненным циклом компонента?
3718,Frontend,Frontend / React,Middle,Как найти ошибку в коде с portal?
3719,Frontend,Frontend / React,Middle,Как использовать testing library в большом приложении?
3720,Frontend,Frontend / React,Middle,Приведите production-пример с component architecture.
3721,Frontend,Frontend / React,Middle,Как работает JSX в React?
3722,Frontend,Frontend / React,Middle,Когда применять reconciliation?
3723,Frontend,Frontend / React,Middle,Какие проблемы вызывает неправильное использование virtual DOM?
3724,Frontend,Frontend / React,Middle,Как протестировать keys?
3725,Frontend,Frontend / React,Middle,Как оптимизировать props?
3726,Frontend,Frontend / React,Middle,Сравните state с альтернативным подходом в React.
3727,Frontend,Frontend / React,Middle,Как useState связан с жизненным циклом компонента?
3728,Frontend,Frontend / React,Middle,Как найти ошибку в коде с useEffect?
3729,Frontend,Frontend / React,Middle,Как использовать useRef в большом приложении?
3730,Frontend,Frontend / React,Middle,Приведите production-пример с useMemo.
3731,Frontend,Frontend / React,Middle,Как работает useCallback в React?
3732,Frontend,Frontend / React,Middle,Когда применять useReducer?
3733,Frontend,Frontend / React,Middle,Какие проблемы вызывает неправильное использование useContext?
3734,Frontend,Frontend / React,Middle,Как протестировать custom hooks?
3735,Frontend,Frontend / React,Middle,Как оптимизировать refs?
3736,Frontend,Frontend / React,Middle,Сравните controlled inputs с альтернативным подходом в React.
3737,Frontend,Frontend / React,Middle,Как uncontrolled inputs связан с жизненным циклом компонента?
3738,Frontend,Frontend / React,Middle,Как найти ошибку в коде с lifting state?
3739,Frontend,Frontend / React,Middle,Как использовать composition в большом приложении?
3740,Frontend,Frontend / React,Middle,Приведите production-пример с React.memo.
3741,Frontend,Frontend / React,Middle,Как работает Strict Mode в React?
3742,Frontend,Frontend / React,Middle,Когда применять Error Boundaries?
3743,Frontend,Frontend / React,Middle,Какие проблемы вызывает неправильное использование Suspense?
3744,Frontend,Frontend / React,Middle,Как протестировать lazy loading?
3745,Frontend,Frontend / React,Middle,Как оптимизировать transitions?
3746,Frontend,Frontend / React,Middle,Сравните concurrent rendering с альтернативным подходом в React.
3747,Frontend,Frontend / React,Middle,Как server components связан с жизненным циклом компонента?
3748,Frontend,Frontend / React,Middle,Как найти ошибку в коде с hydration?
3749,Frontend,Frontend / React,Middle,Как использовать SSR в большом приложении?
3750,Frontend,Frontend / React,Middle,Приведите production-пример с CSR.
3751,Frontend,Frontend / React,Senior,Как работает state management в React?
3752,Frontend,Frontend / React,Senior,Когда применять Context?
3753,Frontend,Frontend / React,Senior,Какие проблемы вызывает неправильное использование Redux?
3754,Frontend,Frontend / React,Senior,Как протестировать query caching?
3755,Frontend,Frontend / React,Senior,Как оптимизировать optimistic updates?
3756,Frontend,Frontend / React,Senior,Сравните form handling с альтернативным подходом в React.
3757,Frontend,Frontend / React,Senior,Как list virtualization связан с жизненным циклом компонента?
3758,Frontend,Frontend / React,Senior,Как найти ошибку в коде с portal?
3759,Frontend,Frontend / React,Senior,Как использовать testing library в большом приложении?
3760,Frontend,Frontend / React,Senior,Приведите production-пример с component architecture.
3761,Frontend,Frontend / React,Senior,Как работает JSX в React?
3762,Frontend,Frontend / React,Senior,Когда применять reconciliation?
3763,Frontend,Frontend / React,Senior,Какие проблемы вызывает неправильное использование virtual DOM?
3764,Frontend,Frontend / React,Senior,Как протестировать keys?
3765,Frontend,Frontend / React,Senior,Как оптимизировать props?
3766,Frontend,Frontend / React,Senior,Сравните state с альтернативным подходом в React.
3767,Frontend,Frontend / React,Senior,Как useState связан с жизненным циклом компонента?
3768,Frontend,Frontend / React,Senior,Как найти ошибку в коде с useEffect?
3769,Frontend,Frontend / React,Senior,Как использовать useRef в большом приложении?
3770,Frontend,Frontend / React,Senior,Приведите production-пример с useMemo.
3771,Frontend,Frontend / React,Senior,Как работает useCallback в React?
3772,Frontend,Frontend / React,Senior,Когда применять useReducer?
3773,Frontend,Frontend / React,Senior,Какие проблемы вызывает неправильное использование useContext?
3774,Frontend,Frontend / React,Senior,Как протестировать custom hooks?
3775,Frontend,Frontend / React,Senior,Как оптимизировать refs?
3776,Frontend,Frontend / React,Senior,Сравните controlled inputs с альтернативным подходом в React.
3777,Frontend,Frontend / React,Senior,Как uncontrolled inputs связан с жизненным циклом компонента?
3778,Frontend,Frontend / React,Senior,Как найти ошибку в коде с lifting state?
3779,Frontend,Frontend / React,Senior,Как использовать composition в большом приложении?
3780,Frontend,Frontend / React,Senior,Приведите production-пример с React.memo.
3781,Frontend,Frontend / React,Senior,Как работает Strict Mode в React?
3782,Frontend,Frontend / React,Senior,Когда применять Error Boundaries?
3783,Frontend,Frontend / React,Senior,Какие проблемы вызывает неправильное использование Suspense?
3784,Frontend,Frontend / React,Senior,Как протестировать lazy loading?
3785,Frontend,Frontend / React,Senior,Как оптимизировать transitions?
3786,Frontend,Frontend / React,Senior,Сравните concurrent rendering с альтернативным подходом в React.
3787,Frontend,Frontend / React,Senior,Как server components связан с жизненным циклом компонента?
3788,Frontend,Frontend / React,Senior,Как найти ошибку в коде с hydration?
3789,Frontend,Frontend / React,Senior,Как использовать SSR в большом приложении?
3790,Frontend,Frontend / React,Senior,Приведите production-пример с CSR.
3791,Frontend,Frontend / React,Senior,Как работает state management в React?
3792,Frontend,Frontend / React,Senior,Когда применять Context?
3793,Frontend,Frontend / React,Senior,Какие проблемы вызывает неправильное использование Redux?
3794,Frontend,Frontend / React,Senior,Как протестировать query caching?
3795,Frontend,Frontend / React,Senior,Как оптимизировать optimistic updates?
3796,Frontend,Frontend / React,Senior,Сравните form handling с альтернативным подходом в React.
3797,Frontend,Frontend / React,Senior,Как list virtualization связан с жизненным циклом компонента?
3798,Frontend,Frontend / React,Senior,Как найти ошибку в коде с portal?
3799,Frontend,Frontend / React,Senior,Как использовать testing library в большом приложении?
3800,Frontend,Frontend / React,Senior,Приведите production-пример с component architecture.
3801,Frontend,Frontend / React,Senior,Как работает JSX в React?
3802,Frontend,Frontend / React,Senior,Когда применять reconciliation?
3803,Frontend,Frontend / React,Senior,Какие проблемы вызывает неправильное использование virtual DOM?
3804,Frontend,Frontend / React,Senior,Как протестировать keys?
3805,Frontend,Frontend / React,Senior,Как оптимизировать props?
3806,Frontend,Frontend / React,Senior,Сравните state с альтернативным подходом в React.
3807,Frontend,Frontend / React,Senior,Как useState связан с жизненным циклом компонента?
3808,Frontend,Frontend / React,Senior,Как найти ошибку в коде с useEffect?
3809,Frontend,Frontend / React,Senior,Как использовать useRef в большом приложении?
3810,Frontend,Frontend / React,Senior,Приведите production-пример с useMemo.
3811,Frontend,Frontend / React,Senior,Как работает useCallback в React?
3812,Frontend,Frontend / React,Senior,Когда применять useReducer?
3813,Frontend,Frontend / React,Senior,Какие проблемы вызывает неправильное использование useContext?
3814,Frontend,Frontend / React,Senior,Как протестировать custom hooks?
3815,Frontend,Frontend / React,Senior,Как оптимизировать refs?
3816,Frontend,Frontend / React,Senior,Сравните controlled inputs с альтернативным подходом в React.
3817,Frontend,Frontend / React,Senior,Как uncontrolled inputs связан с жизненным циклом компонента?
3818,Frontend,Frontend / React,Senior,Как найти ошибку в коде с lifting state?
3819,Frontend,Frontend / React,Senior,Как использовать composition в большом приложении?
3820,Frontend,Frontend / React,Senior,Приведите production-пример с React.memo.
3821,Frontend,Frontend / React,Senior,Как работает Strict Mode в React?
3822,Frontend,Frontend / React,Senior,Когда применять Error Boundaries?
3823,Frontend,Frontend / React,Senior,Какие проблемы вызывает неправильное использование Suspense?
3824,Frontend,Frontend / React,Senior,Как протестировать lazy loading?
3825,Frontend,Frontend / React,Senior,Как оптимизировать transitions?
3826,Frontend,Frontend / React,Senior,Сравните concurrent rendering с альтернативным подходом в React.
3827,Frontend,Frontend / React,Senior,Как server components связан с жизненным циклом компонента?
3828,Frontend,Frontend / React,Senior,Как найти ошибку в коде с hydration?
3829,Frontend,Frontend / React,Senior,Как использовать SSR в большом приложении?
3830,Frontend,Frontend / React,Senior,Приведите production-пример с CSR.
3831,Frontend,Frontend / React,Senior,Как работает state management в React?
3832,Frontend,Frontend / React,Senior,Когда применять Context?
3833,Frontend,Frontend / React,Senior,Какие проблемы вызывает неправильное использование Redux?
3834,Frontend,Frontend / React,Senior,Как протестировать query caching?
3835,Frontend,Frontend / React,Senior,Как оптимизировать optimistic updates?
3836,Frontend,Frontend / React,Senior,Сравните form handling с альтернативным подходом в React.
3837,Frontend,Frontend / React,Senior,Как list virtualization связан с жизненным циклом компонента?
3838,Frontend,Frontend / React,Senior,Как найти ошибку в коде с portal?
3839,Frontend,Frontend / React,Senior,Как использовать testing library в большом приложении?
3840,Frontend,Frontend / React,Senior,Приведите production-пример с component architecture.
3841,Frontend,Frontend / React,Senior,Как работает JSX в React?
3842,Frontend,Frontend / React,Senior,Когда применять reconciliation?
3843,Frontend,Frontend / React,Senior,Какие проблемы вызывает неправильное использование virtual DOM?
3844,Frontend,Frontend / React,Senior,Как протестировать keys?
3845,Frontend,Frontend / React,Senior,Как оптимизировать props?
3846,Frontend,Frontend / React,Senior,Сравните state с альтернативным подходом в React.
3847,Frontend,Frontend / React,Senior,Как useState связан с жизненным циклом компонента?
3848,Frontend,Frontend / React,Senior,Как найти ошибку в коде с useEffect?
3849,Frontend,Frontend / React,Senior,Как использовать useRef в большом приложении?
3850,Frontend,Frontend / React,Senior,Приведите production-пример с useMemo.
3851,Frontend,Frontend / React,Senior,Как работает useCallback в React?
3852,Frontend,Frontend / React,Senior,Когда применять useReducer?
3853,Frontend,Frontend / React,Senior,Какие проблемы вызывает неправильное использование useContext?
3854,Frontend,Frontend / React,Senior,Как протестировать custom hooks?
3855,Frontend,Frontend / React,Senior,Как оптимизировать refs?
3856,Frontend,Frontend / React,Senior,Сравните controlled inputs с альтернативным подходом в React.
3857,Frontend,Frontend / React,Senior,Как uncontrolled inputs связан с жизненным циклом компонента?
3858,Frontend,Frontend / React,Senior,Как найти ошибку в коде с lifting state?
3859,Frontend,Frontend / React,Senior,Как использовать composition в большом приложении?
3860,Frontend,Frontend / React,Senior,Приведите production-пример с React.memo.
3861,Frontend,Frontend / React,Senior,Как работает Strict Mode в React?
3862,Frontend,Frontend / React,Senior,Когда применять Error Boundaries?
3863,Frontend,Frontend / React,Senior,Какие проблемы вызывает неправильное использование Suspense?
3864,Frontend,Frontend / React,Senior,Как протестировать lazy loading?
3865,Frontend,Frontend / React,Senior,Как оптимизировать transitions?
3866,Frontend,Frontend / React,Senior,Сравните concurrent rendering с альтернативным подходом в React.
3867,Frontend,Frontend / React,Senior,Как server components связан с жизненным циклом компонента?
3868,Frontend,Frontend / React,Senior,Как найти ошибку в коде с hydration?
3869,Frontend,Frontend / React,Senior,Как использовать SSR в большом приложении?
3870,Frontend,Frontend / React,Senior,Приведите production-пример с CSR.
3871,Frontend,Frontend / React,Senior,Как работает state management в React?
3872,Frontend,Frontend / React,Senior,Когда применять Context?
3873,Frontend,Frontend / React,Senior,Какие проблемы вызывает неправильное использование Redux?
3874,Frontend,Frontend / React,Senior,Как протестировать query caching?
3875,Frontend,Frontend / React,Senior,Как оптимизировать optimistic updates?
3876,Frontend,Frontend / React,Senior,Сравните form handling с альтернативным подходом в React.
3877,Frontend,Frontend / React,Senior,Как list virtualization связан с жизненным циклом компонента?
3878,Frontend,Frontend / React,Senior,Как найти ошибку в коде с portal?
3879,Frontend,Frontend / React,Senior,Как использовать testing library в большом приложении?
3880,Frontend,Frontend / React,Senior,Приведите production-пример с component architecture.
3881,Frontend,Frontend / React,Senior,Как работает JSX в React?
3882,Frontend,Frontend / React,Senior,Когда применять reconciliation?
3883,Frontend,Frontend / React,Senior,Какие проблемы вызывает неправильное использование virtual DOM?
3884,Frontend,Frontend / React,Senior,Как протестировать keys?
3885,Frontend,Frontend / React,Senior,Как оптимизировать props?
3886,Frontend,Frontend / React,Senior,Сравните state с альтернативным подходом в React.
3887,Frontend,Frontend / React,Senior,Как useState связан с жизненным циклом компонента?
3888,Frontend,Frontend / React,Senior,Как найти ошибку в коде с useEffect?
3889,Frontend,Frontend / React,Senior,Как использовать useRef в большом приложении?
3890,Frontend,Frontend / React,Senior,Приведите production-пример с useMemo.
3891,Frontend,Frontend / React,Senior,Как работает useCallback в React?
3892,Frontend,Frontend / React,Senior,Когда применять useReducer?
3893,Frontend,Frontend / React,Senior,Какие проблемы вызывает неправильное использование useContext?
3894,Frontend,Frontend / React,Senior,Как протестировать custom hooks?
3895,Frontend,Frontend / React,Senior,Как оптимизировать refs?
3896,Frontend,Frontend / React,Senior,Сравните controlled inputs с альтернативным подходом в React.
3897,Frontend,Frontend / React,Senior,Как uncontrolled inputs связан с жизненным циклом компонента?
3898,Frontend,Frontend / React,Senior,Как найти ошибку в коде с lifting state?
3899,Frontend,Frontend / React,Senior,Как использовать composition в большом приложении?
3900,Frontend,Frontend / React,Senior,Приведите production-пример с React.memo.
3901,Frontend,Frontend / React,Senior,Как работает Strict Mode в React?
3902,Frontend,Frontend / React,Senior,Когда применять Error Boundaries?
3903,Frontend,Frontend / React,Senior,Какие проблемы вызывает неправильное использование Suspense?
3904,Frontend,Frontend / React,Senior,Как протестировать lazy loading?
3905,Frontend,Frontend / React,Senior,Как оптимизировать transitions?
3906,Frontend,Frontend / React,Senior,Сравните concurrent rendering с альтернативным подходом в React.
3907,Frontend,Frontend / React,Senior,Как server components связан с жизненным циклом компонента?
3908,Frontend,Frontend / React,Senior,Как найти ошибку в коде с hydration?
3909,Frontend,Frontend / React,Senior,Как использовать SSR в большом приложении?
3910,Frontend,Frontend / React,Senior,Приведите production-пример с CSR.
3911,Frontend,Frontend / React,Senior,Как работает state management в React?
3912,Frontend,Frontend / React,Senior,Когда применять Context?
3913,Frontend,Frontend / React,Senior,Какие проблемы вызывает неправильное использование Redux?
3914,Frontend,Frontend / React,Senior,Как протестировать query caching?
3915,Frontend,Frontend / React,Senior,Как оптимизировать optimistic updates?
3916,Frontend,Frontend / React,Senior,Сравните form handling с альтернативным подходом в React.
3917,Frontend,Frontend / React,Senior,Как list virtualization связан с жизненным циклом компонента?
3918,Frontend,Frontend / React,Senior,Как найти ошибку в коде с portal?
3919,Frontend,Frontend / React,Senior,Как использовать testing library в большом приложении?
3920,Frontend,Frontend / React,Senior,Приведите production-пример с component architecture.
3921,Frontend,Frontend / React,Senior,Как работает JSX в React?
3922,Frontend,Frontend / React,Senior,Когда применять reconciliation?
3923,Frontend,Frontend / React,Senior,Какие проблемы вызывает неправильное использование virtual DOM?
3924,Frontend,Frontend / React,Senior,Как протестировать keys?
3925,Frontend,Frontend / React,Senior,Как оптимизировать props?
3926,Frontend,Frontend / React,Senior,Сравните state с альтернативным подходом в React.
3927,Frontend,Frontend / React,Senior,Как useState связан с жизненным циклом компонента?
3928,Frontend,Frontend / React,Senior,Как найти ошибку в коде с useEffect?
3929,Frontend,Frontend / React,Senior,Как использовать useRef в большом приложении?
3930,Frontend,Frontend / React,Senior,Приведите production-пример с useMemo.
3931,Frontend,Frontend / React,Senior,Как работает useCallback в React?
3932,Frontend,Frontend / React,Senior,Когда применять useReducer?
3933,Frontend,Frontend / React,Senior,Какие проблемы вызывает неправильное использование useContext?
3934,Frontend,Frontend / React,Senior,Как протестировать custom hooks?
3935,Frontend,Frontend / React,Senior,Как оптимизировать refs?
3936,Frontend,Frontend / React,Senior,Сравните controlled inputs с альтернативным подходом в React.
3937,Frontend,Frontend / React,Senior,Как uncontrolled inputs связан с жизненным циклом компонента?
3938,Frontend,Frontend / React,Senior,Как найти ошибку в коде с lifting state?
3939,Frontend,Frontend / React,Senior,Как использовать composition в большом приложении?
3940,Frontend,Frontend / React,Senior,Приведите production-пример с React.memo.
3941,Frontend,Frontend / React,Senior,Как работает Strict Mode в React?
3942,Frontend,Frontend / React,Senior,Когда применять Error Boundaries?
3943,Frontend,Frontend / React,Senior,Какие проблемы вызывает неправильное использование Suspense?
3944,Frontend,Frontend / React,Senior,Как протестировать lazy loading?
3945,Frontend,Frontend / React,Senior,Как оптимизировать transitions?
3946,Frontend,Frontend / React,Senior,Сравните concurrent rendering с альтернативным подходом в React.
3947,Frontend,Frontend / React,Senior,Как server components связан с жизненным циклом компонента?
3948,Frontend,Frontend / React,Senior,Как найти ошибку в коде с hydration?
3949,Frontend,Frontend / React,Senior,Как использовать SSR в большом приложении?
3950,Frontend,Frontend / React,Senior,Приведите production-пример с CSR.
3951,Frontend,Frontend / React,Senior,Как работает state management в React?
3952,Frontend,Frontend / React,Senior,Когда применять Context?
3953,Frontend,Frontend / React,Senior,Какие проблемы вызывает неправильное использование Redux?
3954,Frontend,Frontend / React,Senior,Как протестировать query caching?
3955,Frontend,Frontend / React,Senior,Как оптимизировать optimistic updates?
3956,Frontend,Frontend / React,Senior,Сравните form handling с альтернативным подходом в React.
3957,Frontend,Frontend / React,Senior,Как list virtualization связан с жизненным циклом компонента?
3958,Frontend,Frontend / React,Senior,Как найти ошибку в коде с portal?
3959,Frontend,Frontend / React,Senior,Как использовать testing library в большом приложении?
3960,Frontend,Frontend / React,Senior,Приведите production-пример с component architecture.
3961,Frontend,Frontend / React,Senior,Как работает JSX в React?
3962,Frontend,Frontend / React,Senior,Когда применять reconciliation?
3963,Frontend,Frontend / React,Senior,Какие проблемы вызывает неправильное использование virtual DOM?
3964,Frontend,Frontend / React,Senior,Как протестировать keys?
3965,Frontend,Frontend / React,Senior,Как оптимизировать props?
3966,Frontend,Frontend / React,Senior,Сравните state с альтернативным подходом в React.
3967,Frontend,Frontend / React,Senior,Как useState связан с жизненным циклом компонента?
3968,Frontend,Frontend / React,Senior,Как найти ошибку в коде с useEffect?
3969,Frontend,Frontend / React,Senior,Как использовать useRef в большом приложении?
3970,Frontend,Frontend / React,Senior,Приведите production-пример с useMemo.
3971,Frontend,Frontend / React,Senior,Как работает useCallback в React?
3972,Frontend,Frontend / React,Senior,Когда применять useReducer?
3973,Frontend,Frontend / React,Senior,Какие проблемы вызывает неправильное использование useContext?
3974,Frontend,Frontend / React,Senior,Как протестировать custom hooks?
3975,Frontend,Frontend / React,Senior,Как оптимизировать refs?
3976,Frontend,Frontend / React,Senior,Сравните controlled inputs с альтернативным подходом в React.
3977,Frontend,Frontend / React,Senior,Как uncontrolled inputs связан с жизненным циклом компонента?
3978,Frontend,Frontend / React,Senior,Как найти ошибку в коде с lifting state?
3979,Frontend,Frontend / React,Senior,Как использовать composition в большом приложении?
3980,Frontend,Frontend / React,Senior,Приведите production-пример с React.memo.
3981,Frontend,Frontend / React,Senior,Как работает Strict Mode в React?
3982,Frontend,Frontend / React,Senior,Когда применять Error Boundaries?
3983,Frontend,Frontend / React,Senior,Какие проблемы вызывает неправильное использование Suspense?
3984,Frontend,Frontend / React,Senior,Как протестировать lazy loading?
3985,Frontend,Frontend / React,Senior,Как оптимизировать transitions?
3986,Frontend,Frontend / React,Senior,Сравните concurrent rendering с альтернативным подходом в React.
3987,Frontend,Frontend / React,Senior,Как server components связан с жизненным циклом компонента?
3988,Frontend,Frontend / React,Senior,Как найти ошибку в коде с hydration?
3989,Frontend,Frontend / React,Senior,Как использовать SSR в большом приложении?
3990,Frontend,Frontend / React,Senior,Приведите production-пример с CSR.
3991,Frontend,Frontend / React,Senior,Как работает state management в React?
3992,Frontend,Frontend / React,Senior,Когда применять Context?
3993,Frontend,Frontend / React,Senior,Какие проблемы вызывает неправильное использование Redux?
3994,Frontend,Frontend / React,Senior,Как протестировать query caching?
3995,Frontend,Frontend / React,Senior,Как оптимизировать optimistic updates?
3996,Frontend,Frontend / React,Senior,Сравните form handling с альтернативным подходом в React.
3997,Frontend,Frontend / React,Senior,Как list virtualization связан с жизненным циклом компонента?
3998,Frontend,Frontend / React,Senior,Как найти ошибку в коде с portal?
3999,Frontend,Frontend / React,Senior,Как использовать testing library в большом приложении?
4000,Frontend,Frontend / React,Senior,Приведите production-пример с component architecture.
4001,Frontend,Frontend / Next.js Performance Testing Security,Junior,Что такое SSR?
4002,Frontend,Frontend / Next.js Performance Testing Security,Junior,Как настроить SSG?
4003,Frontend,Frontend / Next.js Performance Testing Security,Junior,Как ISR влияет на производительность?
4004,Frontend,Frontend / Next.js Performance Testing Security,Junior,Как проверить App Router в production?
4005,Frontend,Frontend / Next.js Performance Testing Security,Junior,Какие риски безопасности связаны с Pages Router?
4006,Frontend,Frontend / Next.js Performance Testing Security,Junior,Как мониторить server actions?
4007,Frontend,Frontend / Next.js Performance Testing Security,Junior,Как протестировать middleware?
4008,Frontend,Frontend / Next.js Performance Testing Security,Junior,Какие trade-off есть у route handlers?
4009,Frontend,Frontend / Next.js Performance Testing Security,Junior,Как применить streaming в SSR-приложении?
4010,Frontend,Frontend / Next.js Performance Testing Security,Junior,Как диагностировать проблему с hydration mismatch?
4011,Frontend,Frontend / Next.js Performance Testing Security,Junior,Что такое code splitting?
4012,Frontend,Frontend / Next.js Performance Testing Security,Junior,Как настроить tree shaking?
4013,Frontend,Frontend / Next.js Performance Testing Security,Junior,Как bundle analysis влияет на производительность?
4014,Frontend,Frontend / Next.js Performance Testing Security,Junior,Как проверить Core Web Vitals в production?
4015,Frontend,Frontend / Next.js Performance Testing Security,Junior,Какие риски безопасности связаны с LCP?
4016,Frontend,Frontend / Next.js Performance Testing Security,Junior,Как мониторить INP?
4017,Frontend,Frontend / Next.js Performance Testing Security,Junior,Как протестировать CLS?
4018,Frontend,Frontend / Next.js Performance Testing Security,Junior,Какие trade-off есть у lazy loading?
4019,Frontend,Frontend / Next.js Performance Testing Security,Junior,Как применить image optimization в SSR-приложении?
4020,Frontend,Frontend / Next.js Performance Testing Security,Junior,Как диагностировать проблему с CDN?
4021,Frontend,Frontend / Next.js Performance Testing Security,Junior,Что такое HTTP caching?
4022,Frontend,Frontend / Next.js Performance Testing Security,Junior,Как настроить unit testing?
4023,Frontend,Frontend / Next.js Performance Testing Security,Junior,Как integration testing влияет на производительность?
4024,Frontend,Frontend / Next.js Performance Testing Security,Junior,Как проверить E2E testing в production?
4025,Frontend,Frontend / Next.js Performance Testing Security,Junior,Какие риски безопасности связаны с Playwright?
4026,Frontend,Frontend / Next.js Performance Testing Security,Junior,Как мониторить Cypress?
4027,Frontend,Frontend / Next.js Performance Testing Security,Junior,Как протестировать mocking?
4028,Frontend,Frontend / Next.js Performance Testing Security,Junior,Какие trade-off есть у XSS?
4029,Frontend,Frontend / Next.js Performance Testing Security,Junior,Как применить CSRF в SSR-приложении?
4030,Frontend,Frontend / Next.js Performance Testing Security,Junior,Как диагностировать проблему с clickjacking?
4031,Frontend,Frontend / Next.js Performance Testing Security,Junior,Что такое dependency security?
4032,Frontend,Frontend / Next.js Performance Testing Security,Junior,Как настроить source maps?
4033,Frontend,Frontend / Next.js Performance Testing Security,Junior,Как error tracking влияет на производительность?
4034,Frontend,Frontend / Next.js Performance Testing Security,Junior,Как проверить RUM в production?
4035,Frontend,Frontend / Next.js Performance Testing Security,Junior,Какие риски безопасности связаны с profiling?
4036,Frontend,Frontend / Next.js Performance Testing Security,Junior,Как мониторить performance budgets?
4037,Frontend,Frontend / Next.js Performance Testing Security,Junior,Как протестировать accessibility testing?
4038,Frontend,Frontend / Next.js Performance Testing Security,Junior,Какие trade-off есть у visual regression?
4039,Frontend,Frontend / Next.js Performance Testing Security,Junior,Как применить content security policy в SSR-приложении?
4040,Frontend,Frontend / Next.js Performance Testing Security,Junior,Как диагностировать проблему с authentication?
4041,Frontend,Frontend / Next.js Performance Testing Security,Junior,Что такое authorization?
4042,Frontend,Frontend / Next.js Performance Testing Security,Junior,Как настроить SSR?
4043,Frontend,Frontend / Next.js Performance Testing Security,Junior,Как SSG влияет на производительность?
4044,Frontend,Frontend / Next.js Performance Testing Security,Junior,Как проверить ISR в production?
4045,Frontend,Frontend / Next.js Performance Testing Security,Junior,Какие риски безопасности связаны с App Router?
4046,Frontend,Frontend / Next.js Performance Testing Security,Junior,Как мониторить Pages Router?
4047,Frontend,Frontend / Next.js Performance Testing Security,Junior,Как протестировать server actions?
4048,Frontend,Frontend / Next.js Performance Testing Security,Junior,Какие trade-off есть у middleware?
4049,Frontend,Frontend / Next.js Performance Testing Security,Junior,Как применить route handlers в SSR-приложении?
4050,Frontend,Frontend / Next.js Performance Testing Security,Junior,Как диагностировать проблему с streaming?
4051,Frontend,Frontend / Next.js Performance Testing Security,Junior,Что такое hydration mismatch?
4052,Frontend,Frontend / Next.js Performance Testing Security,Junior,Как настроить code splitting?
4053,Frontend,Frontend / Next.js Performance Testing Security,Junior,Как tree shaking влияет на производительность?
4054,Frontend,Frontend / Next.js Performance Testing Security,Junior,Как проверить bundle analysis в production?
4055,Frontend,Frontend / Next.js Performance Testing Security,Junior,Какие риски безопасности связаны с Core Web Vitals?
4056,Frontend,Frontend / Next.js Performance Testing Security,Junior,Как мониторить LCP?
4057,Frontend,Frontend / Next.js Performance Testing Security,Junior,Как протестировать INP?
4058,Frontend,Frontend / Next.js Performance Testing Security,Junior,Какие trade-off есть у CLS?
4059,Frontend,Frontend / Next.js Performance Testing Security,Junior,Как применить lazy loading в SSR-приложении?
4060,Frontend,Frontend / Next.js Performance Testing Security,Junior,Как диагностировать проблему с image optimization?
4061,Frontend,Frontend / Next.js Performance Testing Security,Junior,Что такое CDN?
4062,Frontend,Frontend / Next.js Performance Testing Security,Junior,Как настроить HTTP caching?
4063,Frontend,Frontend / Next.js Performance Testing Security,Junior,Как unit testing влияет на производительность?
4064,Frontend,Frontend / Next.js Performance Testing Security,Junior,Как проверить integration testing в production?
4065,Frontend,Frontend / Next.js Performance Testing Security,Junior,Какие риски безопасности связаны с E2E testing?
4066,Frontend,Frontend / Next.js Performance Testing Security,Junior,Как мониторить Playwright?
4067,Frontend,Frontend / Next.js Performance Testing Security,Junior,Как протестировать Cypress?
4068,Frontend,Frontend / Next.js Performance Testing Security,Junior,Какие trade-off есть у mocking?
4069,Frontend,Frontend / Next.js Performance Testing Security,Junior,Как применить XSS в SSR-приложении?
4070,Frontend,Frontend / Next.js Performance Testing Security,Junior,Как диагностировать проблему с CSRF?
4071,Frontend,Frontend / Next.js Performance Testing Security,Junior,Что такое clickjacking?
4072,Frontend,Frontend / Next.js Performance Testing Security,Junior,Как настроить dependency security?
4073,Frontend,Frontend / Next.js Performance Testing Security,Junior,Как source maps влияет на производительность?
4074,Frontend,Frontend / Next.js Performance Testing Security,Junior,Как проверить error tracking в production?
4075,Frontend,Frontend / Next.js Performance Testing Security,Junior,Какие риски безопасности связаны с RUM?
4076,Frontend,Frontend / Next.js Performance Testing Security,Junior,Как мониторить profiling?
4077,Frontend,Frontend / Next.js Performance Testing Security,Junior,Как протестировать performance budgets?
4078,Frontend,Frontend / Next.js Performance Testing Security,Junior,Какие trade-off есть у accessibility testing?
4079,Frontend,Frontend / Next.js Performance Testing Security,Junior,Как применить visual regression в SSR-приложении?
4080,Frontend,Frontend / Next.js Performance Testing Security,Junior,Как диагностировать проблему с content security policy?
4081,Frontend,Frontend / Next.js Performance Testing Security,Junior,Что такое authentication?
4082,Frontend,Frontend / Next.js Performance Testing Security,Junior,Как настроить authorization?
4083,Frontend,Frontend / Next.js Performance Testing Security,Junior,Как SSR влияет на производительность?
4084,Frontend,Frontend / Next.js Performance Testing Security,Junior,Как проверить SSG в production?
4085,Frontend,Frontend / Next.js Performance Testing Security,Junior,Какие риски безопасности связаны с ISR?
4086,Frontend,Frontend / Next.js Performance Testing Security,Junior,Как мониторить App Router?
4087,Frontend,Frontend / Next.js Performance Testing Security,Junior,Как протестировать Pages Router?
4088,Frontend,Frontend / Next.js Performance Testing Security,Junior,Какие trade-off есть у server actions?
4089,Frontend,Frontend / Next.js Performance Testing Security,Junior,Как применить middleware в SSR-приложении?
4090,Frontend,Frontend / Next.js Performance Testing Security,Junior,Как диагностировать проблему с route handlers?
4091,Frontend,Frontend / Next.js Performance Testing Security,Junior,Что такое streaming?
4092,Frontend,Frontend / Next.js Performance Testing Security,Junior,Как настроить hydration mismatch?
4093,Frontend,Frontend / Next.js Performance Testing Security,Junior,Как code splitting влияет на производительность?
4094,Frontend,Frontend / Next.js Performance Testing Security,Junior,Как проверить tree shaking в production?
4095,Frontend,Frontend / Next.js Performance Testing Security,Junior,Какие риски безопасности связаны с bundle analysis?
4096,Frontend,Frontend / Next.js Performance Testing Security,Junior,Как мониторить Core Web Vitals?
4097,Frontend,Frontend / Next.js Performance Testing Security,Junior,Как протестировать LCP?
4098,Frontend,Frontend / Next.js Performance Testing Security,Junior,Какие trade-off есть у INP?
4099,Frontend,Frontend / Next.js Performance Testing Security,Junior,Как применить CLS в SSR-приложении?
4100,Frontend,Frontend / Next.js Performance Testing Security,Junior,Как диагностировать проблему с lazy loading?
4101,Frontend,Frontend / Next.js Performance Testing Security,Junior,Что такое image optimization?
4102,Frontend,Frontend / Next.js Performance Testing Security,Junior,Как настроить CDN?
4103,Frontend,Frontend / Next.js Performance Testing Security,Junior,Как HTTP caching влияет на производительность?
4104,Frontend,Frontend / Next.js Performance Testing Security,Junior,Как проверить unit testing в production?
4105,Frontend,Frontend / Next.js Performance Testing Security,Junior,Какие риски безопасности связаны с integration testing?
4106,Frontend,Frontend / Next.js Performance Testing Security,Junior,Как мониторить E2E testing?
4107,Frontend,Frontend / Next.js Performance Testing Security,Junior,Как протестировать Playwright?
4108,Frontend,Frontend / Next.js Performance Testing Security,Junior,Какие trade-off есть у Cypress?
4109,Frontend,Frontend / Next.js Performance Testing Security,Junior,Как применить mocking в SSR-приложении?
4110,Frontend,Frontend / Next.js Performance Testing Security,Junior,Как диагностировать проблему с XSS?
4111,Frontend,Frontend / Next.js Performance Testing Security,Junior,Что такое CSRF?
4112,Frontend,Frontend / Next.js Performance Testing Security,Junior,Как настроить clickjacking?
4113,Frontend,Frontend / Next.js Performance Testing Security,Junior,Как dependency security влияет на производительность?
4114,Frontend,Frontend / Next.js Performance Testing Security,Junior,Как проверить source maps в production?
4115,Frontend,Frontend / Next.js Performance Testing Security,Junior,Какие риски безопасности связаны с error tracking?
4116,Frontend,Frontend / Next.js Performance Testing Security,Junior,Как мониторить RUM?
4117,Frontend,Frontend / Next.js Performance Testing Security,Junior,Как протестировать profiling?
4118,Frontend,Frontend / Next.js Performance Testing Security,Junior,Какие trade-off есть у performance budgets?
4119,Frontend,Frontend / Next.js Performance Testing Security,Junior,Как применить accessibility testing в SSR-приложении?
4120,Frontend,Frontend / Next.js Performance Testing Security,Junior,Как диагностировать проблему с visual regression?
4121,Frontend,Frontend / Next.js Performance Testing Security,Junior,Что такое content security policy?
4122,Frontend,Frontend / Next.js Performance Testing Security,Junior,Как настроить authentication?
4123,Frontend,Frontend / Next.js Performance Testing Security,Junior,Как authorization влияет на производительность?
4124,Frontend,Frontend / Next.js Performance Testing Security,Junior,Как проверить SSR в production?
4125,Frontend,Frontend / Next.js Performance Testing Security,Junior,Какие риски безопасности связаны с SSG?
4126,Frontend,Frontend / Next.js Performance Testing Security,Junior,Как мониторить ISR?
4127,Frontend,Frontend / Next.js Performance Testing Security,Junior,Как протестировать App Router?
4128,Frontend,Frontend / Next.js Performance Testing Security,Junior,Какие trade-off есть у Pages Router?
4129,Frontend,Frontend / Next.js Performance Testing Security,Junior,Как применить server actions в SSR-приложении?
4130,Frontend,Frontend / Next.js Performance Testing Security,Junior,Как диагностировать проблему с middleware?
4131,Frontend,Frontend / Next.js Performance Testing Security,Junior,Что такое route handlers?
4132,Frontend,Frontend / Next.js Performance Testing Security,Junior,Как настроить streaming?
4133,Frontend,Frontend / Next.js Performance Testing Security,Junior,Как hydration mismatch влияет на производительность?
4134,Frontend,Frontend / Next.js Performance Testing Security,Junior,Как проверить code splitting в production?
4135,Frontend,Frontend / Next.js Performance Testing Security,Junior,Какие риски безопасности связаны с tree shaking?
4136,Frontend,Frontend / Next.js Performance Testing Security,Junior,Как мониторить bundle analysis?
4137,Frontend,Frontend / Next.js Performance Testing Security,Junior,Как протестировать Core Web Vitals?
4138,Frontend,Frontend / Next.js Performance Testing Security,Junior,Какие trade-off есть у LCP?
4139,Frontend,Frontend / Next.js Performance Testing Security,Junior,Как применить INP в SSR-приложении?
4140,Frontend,Frontend / Next.js Performance Testing Security,Junior,Как диагностировать проблему с CLS?
4141,Frontend,Frontend / Next.js Performance Testing Security,Junior,Что такое lazy loading?
4142,Frontend,Frontend / Next.js Performance Testing Security,Junior,Как настроить image optimization?
4143,Frontend,Frontend / Next.js Performance Testing Security,Junior,Как CDN влияет на производительность?
4144,Frontend,Frontend / Next.js Performance Testing Security,Junior,Как проверить HTTP caching в production?
4145,Frontend,Frontend / Next.js Performance Testing Security,Junior,Какие риски безопасности связаны с unit testing?
4146,Frontend,Frontend / Next.js Performance Testing Security,Junior,Как мониторить integration testing?
4147,Frontend,Frontend / Next.js Performance Testing Security,Junior,Как протестировать E2E testing?
4148,Frontend,Frontend / Next.js Performance Testing Security,Junior,Какие trade-off есть у Playwright?
4149,Frontend,Frontend / Next.js Performance Testing Security,Junior,Как применить Cypress в SSR-приложении?
4150,Frontend,Frontend / Next.js Performance Testing Security,Junior,Как диагностировать проблему с mocking?
4151,Frontend,Frontend / Next.js Performance Testing Security,Junior,Что такое XSS?
4152,Frontend,Frontend / Next.js Performance Testing Security,Junior,Как настроить CSRF?
4153,Frontend,Frontend / Next.js Performance Testing Security,Junior,Как clickjacking влияет на производительность?
4154,Frontend,Frontend / Next.js Performance Testing Security,Junior,Как проверить dependency security в production?
4155,Frontend,Frontend / Next.js Performance Testing Security,Junior,Какие риски безопасности связаны с source maps?
4156,Frontend,Frontend / Next.js Performance Testing Security,Junior,Как мониторить error tracking?
4157,Frontend,Frontend / Next.js Performance Testing Security,Junior,Как протестировать RUM?
4158,Frontend,Frontend / Next.js Performance Testing Security,Junior,Какие trade-off есть у profiling?
4159,Frontend,Frontend / Next.js Performance Testing Security,Junior,Как применить performance budgets в SSR-приложении?
4160,Frontend,Frontend / Next.js Performance Testing Security,Junior,Как диагностировать проблему с accessibility testing?
4161,Frontend,Frontend / Next.js Performance Testing Security,Junior,Что такое visual regression?
4162,Frontend,Frontend / Next.js Performance Testing Security,Junior,Как настроить content security policy?
4163,Frontend,Frontend / Next.js Performance Testing Security,Junior,Как authentication влияет на производительность?
4164,Frontend,Frontend / Next.js Performance Testing Security,Junior,Как проверить authorization в production?
4165,Frontend,Frontend / Next.js Performance Testing Security,Junior,Какие риски безопасности связаны с SSR?
4166,Frontend,Frontend / Next.js Performance Testing Security,Junior,Как мониторить SSG?
4167,Frontend,Frontend / Next.js Performance Testing Security,Junior,Как протестировать ISR?
4168,Frontend,Frontend / Next.js Performance Testing Security,Junior,Какие trade-off есть у App Router?
4169,Frontend,Frontend / Next.js Performance Testing Security,Junior,Как применить Pages Router в SSR-приложении?
4170,Frontend,Frontend / Next.js Performance Testing Security,Junior,Как диагностировать проблему с server actions?
4171,Frontend,Frontend / Next.js Performance Testing Security,Junior,Что такое middleware?
4172,Frontend,Frontend / Next.js Performance Testing Security,Junior,Как настроить route handlers?
4173,Frontend,Frontend / Next.js Performance Testing Security,Junior,Как streaming влияет на производительность?
4174,Frontend,Frontend / Next.js Performance Testing Security,Junior,Как проверить hydration mismatch в production?
4175,Frontend,Frontend / Next.js Performance Testing Security,Junior,Какие риски безопасности связаны с code splitting?
4176,Frontend,Frontend / Next.js Performance Testing Security,Junior,Как мониторить tree shaking?
4177,Frontend,Frontend / Next.js Performance Testing Security,Junior,Как протестировать bundle analysis?
4178,Frontend,Frontend / Next.js Performance Testing Security,Junior,Какие trade-off есть у Core Web Vitals?
4179,Frontend,Frontend / Next.js Performance Testing Security,Junior,Как применить LCP в SSR-приложении?
4180,Frontend,Frontend / Next.js Performance Testing Security,Junior,Как диагностировать проблему с INP?
4181,Frontend,Frontend / Next.js Performance Testing Security,Junior,Что такое CLS?
4182,Frontend,Frontend / Next.js Performance Testing Security,Junior,Как настроить lazy loading?
4183,Frontend,Frontend / Next.js Performance Testing Security,Junior,Как image optimization влияет на производительность?
4184,Frontend,Frontend / Next.js Performance Testing Security,Junior,Как проверить CDN в production?
4185,Frontend,Frontend / Next.js Performance Testing Security,Junior,Какие риски безопасности связаны с HTTP caching?
4186,Frontend,Frontend / Next.js Performance Testing Security,Junior,Как мониторить unit testing?
4187,Frontend,Frontend / Next.js Performance Testing Security,Junior,Как протестировать integration testing?
4188,Frontend,Frontend / Next.js Performance Testing Security,Junior,Какие trade-off есть у E2E testing?
4189,Frontend,Frontend / Next.js Performance Testing Security,Junior,Как применить Playwright в SSR-приложении?
4190,Frontend,Frontend / Next.js Performance Testing Security,Junior,Как диагностировать проблему с Cypress?
4191,Frontend,Frontend / Next.js Performance Testing Security,Junior,Что такое mocking?
4192,Frontend,Frontend / Next.js Performance Testing Security,Junior,Как настроить XSS?
4193,Frontend,Frontend / Next.js Performance Testing Security,Junior,Как CSRF влияет на производительность?
4194,Frontend,Frontend / Next.js Performance Testing Security,Junior,Как проверить clickjacking в production?
4195,Frontend,Frontend / Next.js Performance Testing Security,Junior,Какие риски безопасности связаны с dependency security?
4196,Frontend,Frontend / Next.js Performance Testing Security,Junior,Как мониторить source maps?
4197,Frontend,Frontend / Next.js Performance Testing Security,Junior,Как протестировать error tracking?
4198,Frontend,Frontend / Next.js Performance Testing Security,Junior,Какие trade-off есть у RUM?
4199,Frontend,Frontend / Next.js Performance Testing Security,Junior,Как применить profiling в SSR-приложении?
4200,Frontend,Frontend / Next.js Performance Testing Security,Junior,Как диагностировать проблему с performance budgets?
4201,Frontend,Frontend / Next.js Performance Testing Security,Junior,Что такое accessibility testing?
4202,Frontend,Frontend / Next.js Performance Testing Security,Junior,Как настроить visual regression?
4203,Frontend,Frontend / Next.js Performance Testing Security,Junior,Как content security policy влияет на производительность?
4204,Frontend,Frontend / Next.js Performance Testing Security,Junior,Как проверить authentication в production?
4205,Frontend,Frontend / Next.js Performance Testing Security,Junior,Какие риски безопасности связаны с authorization?
4206,Frontend,Frontend / Next.js Performance Testing Security,Junior,Как мониторить SSR?
4207,Frontend,Frontend / Next.js Performance Testing Security,Junior,Как протестировать SSG?
4208,Frontend,Frontend / Next.js Performance Testing Security,Junior,Какие trade-off есть у ISR?
4209,Frontend,Frontend / Next.js Performance Testing Security,Junior,Как применить App Router в SSR-приложении?
4210,Frontend,Frontend / Next.js Performance Testing Security,Junior,Как диагностировать проблему с Pages Router?
4211,Frontend,Frontend / Next.js Performance Testing Security,Junior,Что такое server actions?
4212,Frontend,Frontend / Next.js Performance Testing Security,Junior,Как настроить middleware?
4213,Frontend,Frontend / Next.js Performance Testing Security,Junior,Как route handlers влияет на производительность?
4214,Frontend,Frontend / Next.js Performance Testing Security,Junior,Как проверить streaming в production?
4215,Frontend,Frontend / Next.js Performance Testing Security,Junior,Какие риски безопасности связаны с hydration mismatch?
4216,Frontend,Frontend / Next.js Performance Testing Security,Junior,Как мониторить code splitting?
4217,Frontend,Frontend / Next.js Performance Testing Security,Junior,Как протестировать tree shaking?
4218,Frontend,Frontend / Next.js Performance Testing Security,Junior,Какие trade-off есть у bundle analysis?
4219,Frontend,Frontend / Next.js Performance Testing Security,Junior,Как применить Core Web Vitals в SSR-приложении?
4220,Frontend,Frontend / Next.js Performance Testing Security,Junior,Как диагностировать проблему с LCP?
4221,Frontend,Frontend / Next.js Performance Testing Security,Junior,Что такое INP?
4222,Frontend,Frontend / Next.js Performance Testing Security,Junior,Как настроить CLS?
4223,Frontend,Frontend / Next.js Performance Testing Security,Junior,Как lazy loading влияет на производительность?
4224,Frontend,Frontend / Next.js Performance Testing Security,Junior,Как проверить image optimization в production?
4225,Frontend,Frontend / Next.js Performance Testing Security,Junior,Какие риски безопасности связаны с CDN?
4226,Frontend,Frontend / Next.js Performance Testing Security,Junior,Как мониторить HTTP caching?
4227,Frontend,Frontend / Next.js Performance Testing Security,Junior,Как протестировать unit testing?
4228,Frontend,Frontend / Next.js Performance Testing Security,Junior,Какие trade-off есть у integration testing?
4229,Frontend,Frontend / Next.js Performance Testing Security,Junior,Как применить E2E testing в SSR-приложении?
4230,Frontend,Frontend / Next.js Performance Testing Security,Junior,Как диагностировать проблему с Playwright?
4231,Frontend,Frontend / Next.js Performance Testing Security,Junior,Что такое Cypress?
4232,Frontend,Frontend / Next.js Performance Testing Security,Junior,Как настроить mocking?
4233,Frontend,Frontend / Next.js Performance Testing Security,Junior,Как XSS влияет на производительность?
4234,Frontend,Frontend / Next.js Performance Testing Security,Junior,Как проверить CSRF в production?
4235,Frontend,Frontend / Next.js Performance Testing Security,Junior,Какие риски безопасности связаны с clickjacking?
4236,Frontend,Frontend / Next.js Performance Testing Security,Junior,Как мониторить dependency security?
4237,Frontend,Frontend / Next.js Performance Testing Security,Junior,Как протестировать source maps?
4238,Frontend,Frontend / Next.js Performance Testing Security,Junior,Какие trade-off есть у error tracking?
4239,Frontend,Frontend / Next.js Performance Testing Security,Junior,Как применить RUM в SSR-приложении?
4240,Frontend,Frontend / Next.js Performance Testing Security,Junior,Как диагностировать проблему с profiling?
4241,Frontend,Frontend / Next.js Performance Testing Security,Junior,Что такое performance budgets?
4242,Frontend,Frontend / Next.js Performance Testing Security,Junior,Как настроить accessibility testing?
4243,Frontend,Frontend / Next.js Performance Testing Security,Junior,Как visual regression влияет на производительность?
4244,Frontend,Frontend / Next.js Performance Testing Security,Junior,Как проверить content security policy в production?
4245,Frontend,Frontend / Next.js Performance Testing Security,Junior,Какие риски безопасности связаны с authentication?
4246,Frontend,Frontend / Next.js Performance Testing Security,Junior,Как мониторить authorization?
4247,Frontend,Frontend / Next.js Performance Testing Security,Junior,Как протестировать SSR?
4248,Frontend,Frontend / Next.js Performance Testing Security,Junior,Какие trade-off есть у SSG?
4249,Frontend,Frontend / Next.js Performance Testing Security,Junior,Как применить ISR в SSR-приложении?
4250,Frontend,Frontend / Next.js Performance Testing Security,Junior,Как диагностировать проблему с App Router?
4251,Frontend,Frontend / Next.js Performance Testing Security,Junior,Что такое Pages Router?
4252,Frontend,Frontend / Next.js Performance Testing Security,Junior,Как настроить server actions?
4253,Frontend,Frontend / Next.js Performance Testing Security,Junior,Как middleware влияет на производительность?
4254,Frontend,Frontend / Next.js Performance Testing Security,Junior,Как проверить route handlers в production?
4255,Frontend,Frontend / Next.js Performance Testing Security,Junior,Какие риски безопасности связаны с streaming?
4256,Frontend,Frontend / Next.js Performance Testing Security,Junior,Как мониторить hydration mismatch?
4257,Frontend,Frontend / Next.js Performance Testing Security,Junior,Как протестировать code splitting?
4258,Frontend,Frontend / Next.js Performance Testing Security,Junior,Какие trade-off есть у tree shaking?
4259,Frontend,Frontend / Next.js Performance Testing Security,Junior,Как применить bundle analysis в SSR-приложении?
4260,Frontend,Frontend / Next.js Performance Testing Security,Junior,Как диагностировать проблему с Core Web Vitals?
4261,Frontend,Frontend / Next.js Performance Testing Security,Junior,Что такое LCP?
4262,Frontend,Frontend / Next.js Performance Testing Security,Junior,Как настроить INP?
4263,Frontend,Frontend / Next.js Performance Testing Security,Junior,Как CLS влияет на производительность?
4264,Frontend,Frontend / Next.js Performance Testing Security,Junior,Как проверить lazy loading в production?
4265,Frontend,Frontend / Next.js Performance Testing Security,Junior,Какие риски безопасности связаны с image optimization?
4266,Frontend,Frontend / Next.js Performance Testing Security,Junior,Как мониторить CDN?
4267,Frontend,Frontend / Next.js Performance Testing Security,Junior,Как протестировать HTTP caching?
4268,Frontend,Frontend / Next.js Performance Testing Security,Junior,Какие trade-off есть у unit testing?
4269,Frontend,Frontend / Next.js Performance Testing Security,Junior,Как применить integration testing в SSR-приложении?
4270,Frontend,Frontend / Next.js Performance Testing Security,Junior,Как диагностировать проблему с E2E testing?
4271,Frontend,Frontend / Next.js Performance Testing Security,Junior,Что такое Playwright?
4272,Frontend,Frontend / Next.js Performance Testing Security,Junior,Как настроить Cypress?
4273,Frontend,Frontend / Next.js Performance Testing Security,Junior,Как mocking влияет на производительность?
4274,Frontend,Frontend / Next.js Performance Testing Security,Junior,Как проверить XSS в production?
4275,Frontend,Frontend / Next.js Performance Testing Security,Junior,Какие риски безопасности связаны с CSRF?
4276,Frontend,Frontend / Next.js Performance Testing Security,Junior,Как мониторить clickjacking?
4277,Frontend,Frontend / Next.js Performance Testing Security,Junior,Как протестировать dependency security?
4278,Frontend,Frontend / Next.js Performance Testing Security,Junior,Какие trade-off есть у source maps?
4279,Frontend,Frontend / Next.js Performance Testing Security,Junior,Как применить error tracking в SSR-приложении?
4280,Frontend,Frontend / Next.js Performance Testing Security,Junior,Как диагностировать проблему с RUM?
4281,Frontend,Frontend / Next.js Performance Testing Security,Junior,Что такое profiling?
4282,Frontend,Frontend / Next.js Performance Testing Security,Junior,Как настроить performance budgets?
4283,Frontend,Frontend / Next.js Performance Testing Security,Junior,Как accessibility testing влияет на производительность?
4284,Frontend,Frontend / Next.js Performance Testing Security,Junior,Как проверить visual regression в production?
4285,Frontend,Frontend / Next.js Performance Testing Security,Junior,Какие риски безопасности связаны с content security policy?
4286,Frontend,Frontend / Next.js Performance Testing Security,Junior,Как мониторить authentication?
4287,Frontend,Frontend / Next.js Performance Testing Security,Junior,Как протестировать authorization?
4288,Frontend,Frontend / Next.js Performance Testing Security,Junior,Какие trade-off есть у SSR?
4289,Frontend,Frontend / Next.js Performance Testing Security,Junior,Как применить SSG в SSR-приложении?
4290,Frontend,Frontend / Next.js Performance Testing Security,Junior,Как диагностировать проблему с ISR?
4291,Frontend,Frontend / Next.js Performance Testing Security,Junior,Что такое App Router?
4292,Frontend,Frontend / Next.js Performance Testing Security,Junior,Как настроить Pages Router?
4293,Frontend,Frontend / Next.js Performance Testing Security,Junior,Как server actions влияет на производительность?
4294,Frontend,Frontend / Next.js Performance Testing Security,Junior,Как проверить middleware в production?
4295,Frontend,Frontend / Next.js Performance Testing Security,Junior,Какие риски безопасности связаны с route handlers?
4296,Frontend,Frontend / Next.js Performance Testing Security,Junior,Как мониторить streaming?
4297,Frontend,Frontend / Next.js Performance Testing Security,Junior,Как протестировать hydration mismatch?
4298,Frontend,Frontend / Next.js Performance Testing Security,Junior,Какие trade-off есть у code splitting?
4299,Frontend,Frontend / Next.js Performance Testing Security,Junior,Как применить tree shaking в SSR-приложении?
4300,Frontend,Frontend / Next.js Performance Testing Security,Junior,Как диагностировать проблему с bundle analysis?
4301,Frontend,Frontend / Next.js Performance Testing Security,Middle,Что такое Core Web Vitals?
4302,Frontend,Frontend / Next.js Performance Testing Security,Middle,Как настроить LCP?
4303,Frontend,Frontend / Next.js Performance Testing Security,Middle,Как INP влияет на производительность?
4304,Frontend,Frontend / Next.js Performance Testing Security,Middle,Как проверить CLS в production?
4305,Frontend,Frontend / Next.js Performance Testing Security,Middle,Какие риски безопасности связаны с lazy loading?
4306,Frontend,Frontend / Next.js Performance Testing Security,Middle,Как мониторить image optimization?
4307,Frontend,Frontend / Next.js Performance Testing Security,Middle,Как протестировать CDN?
4308,Frontend,Frontend / Next.js Performance Testing Security,Middle,Какие trade-off есть у HTTP caching?
4309,Frontend,Frontend / Next.js Performance Testing Security,Middle,Как применить unit testing в SSR-приложении?
4310,Frontend,Frontend / Next.js Performance Testing Security,Middle,Как диагностировать проблему с integration testing?
4311,Frontend,Frontend / Next.js Performance Testing Security,Middle,Что такое E2E testing?
4312,Frontend,Frontend / Next.js Performance Testing Security,Middle,Как настроить Playwright?
4313,Frontend,Frontend / Next.js Performance Testing Security,Middle,Как Cypress влияет на производительность?
4314,Frontend,Frontend / Next.js Performance Testing Security,Middle,Как проверить mocking в production?
4315,Frontend,Frontend / Next.js Performance Testing Security,Middle,Какие риски безопасности связаны с XSS?
4316,Frontend,Frontend / Next.js Performance Testing Security,Middle,Как мониторить CSRF?
4317,Frontend,Frontend / Next.js Performance Testing Security,Middle,Как протестировать clickjacking?
4318,Frontend,Frontend / Next.js Performance Testing Security,Middle,Какие trade-off есть у dependency security?
4319,Frontend,Frontend / Next.js Performance Testing Security,Middle,Как применить source maps в SSR-приложении?
4320,Frontend,Frontend / Next.js Performance Testing Security,Middle,Как диагностировать проблему с error tracking?
4321,Frontend,Frontend / Next.js Performance Testing Security,Middle,Что такое RUM?
4322,Frontend,Frontend / Next.js Performance Testing Security,Middle,Как настроить profiling?
4323,Frontend,Frontend / Next.js Performance Testing Security,Middle,Как performance budgets влияет на производительность?
4324,Frontend,Frontend / Next.js Performance Testing Security,Middle,Как проверить accessibility testing в production?
4325,Frontend,Frontend / Next.js Performance Testing Security,Middle,Какие риски безопасности связаны с visual regression?
4326,Frontend,Frontend / Next.js Performance Testing Security,Middle,Как мониторить content security policy?
4327,Frontend,Frontend / Next.js Performance Testing Security,Middle,Как протестировать authentication?
4328,Frontend,Frontend / Next.js Performance Testing Security,Middle,Какие trade-off есть у authorization?
4329,Frontend,Frontend / Next.js Performance Testing Security,Middle,Как применить SSR в SSR-приложении?
4330,Frontend,Frontend / Next.js Performance Testing Security,Middle,Как диагностировать проблему с SSG?
4331,Frontend,Frontend / Next.js Performance Testing Security,Middle,Что такое ISR?
4332,Frontend,Frontend / Next.js Performance Testing Security,Middle,Как настроить App Router?
4333,Frontend,Frontend / Next.js Performance Testing Security,Middle,Как Pages Router влияет на производительность?
4334,Frontend,Frontend / Next.js Performance Testing Security,Middle,Как проверить server actions в production?
4335,Frontend,Frontend / Next.js Performance Testing Security,Middle,Какие риски безопасности связаны с middleware?
4336,Frontend,Frontend / Next.js Performance Testing Security,Middle,Как мониторить route handlers?
4337,Frontend,Frontend / Next.js Performance Testing Security,Middle,Как протестировать streaming?
4338,Frontend,Frontend / Next.js Performance Testing Security,Middle,Какие trade-off есть у hydration mismatch?
4339,Frontend,Frontend / Next.js Performance Testing Security,Middle,Как применить code splitting в SSR-приложении?
4340,Frontend,Frontend / Next.js Performance Testing Security,Middle,Как диагностировать проблему с tree shaking?
4341,Frontend,Frontend / Next.js Performance Testing Security,Middle,Что такое bundle analysis?
4342,Frontend,Frontend / Next.js Performance Testing Security,Middle,Как настроить Core Web Vitals?
4343,Frontend,Frontend / Next.js Performance Testing Security,Middle,Как LCP влияет на производительность?
4344,Frontend,Frontend / Next.js Performance Testing Security,Middle,Как проверить INP в production?
4345,Frontend,Frontend / Next.js Performance Testing Security,Middle,Какие риски безопасности связаны с CLS?
4346,Frontend,Frontend / Next.js Performance Testing Security,Middle,Как мониторить lazy loading?
4347,Frontend,Frontend / Next.js Performance Testing Security,Middle,Как протестировать image optimization?
4348,Frontend,Frontend / Next.js Performance Testing Security,Middle,Какие trade-off есть у CDN?
4349,Frontend,Frontend / Next.js Performance Testing Security,Middle,Как применить HTTP caching в SSR-приложении?
4350,Frontend,Frontend / Next.js Performance Testing Security,Middle,Как диагностировать проблему с unit testing?
4351,Frontend,Frontend / Next.js Performance Testing Security,Middle,Что такое integration testing?
4352,Frontend,Frontend / Next.js Performance Testing Security,Middle,Как настроить E2E testing?
4353,Frontend,Frontend / Next.js Performance Testing Security,Middle,Как Playwright влияет на производительность?
4354,Frontend,Frontend / Next.js Performance Testing Security,Middle,Как проверить Cypress в production?
4355,Frontend,Frontend / Next.js Performance Testing Security,Middle,Какие риски безопасности связаны с mocking?
4356,Frontend,Frontend / Next.js Performance Testing Security,Middle,Как мониторить XSS?
4357,Frontend,Frontend / Next.js Performance Testing Security,Middle,Как протестировать CSRF?
4358,Frontend,Frontend / Next.js Performance Testing Security,Middle,Какие trade-off есть у clickjacking?
4359,Frontend,Frontend / Next.js Performance Testing Security,Middle,Как применить dependency security в SSR-приложении?
4360,Frontend,Frontend / Next.js Performance Testing Security,Middle,Как диагностировать проблему с source maps?
4361,Frontend,Frontend / Next.js Performance Testing Security,Middle,Что такое error tracking?
4362,Frontend,Frontend / Next.js Performance Testing Security,Middle,Как настроить RUM?
4363,Frontend,Frontend / Next.js Performance Testing Security,Middle,Как profiling влияет на производительность?
4364,Frontend,Frontend / Next.js Performance Testing Security,Middle,Как проверить performance budgets в production?
4365,Frontend,Frontend / Next.js Performance Testing Security,Middle,Какие риски безопасности связаны с accessibility testing?
4366,Frontend,Frontend / Next.js Performance Testing Security,Middle,Как мониторить visual regression?
4367,Frontend,Frontend / Next.js Performance Testing Security,Middle,Как протестировать content security policy?
4368,Frontend,Frontend / Next.js Performance Testing Security,Middle,Какие trade-off есть у authentication?
4369,Frontend,Frontend / Next.js Performance Testing Security,Middle,Как применить authorization в SSR-приложении?
4370,Frontend,Frontend / Next.js Performance Testing Security,Middle,Как диагностировать проблему с SSR?
4371,Frontend,Frontend / Next.js Performance Testing Security,Middle,Что такое SSG?
4372,Frontend,Frontend / Next.js Performance Testing Security,Middle,Как настроить ISR?
4373,Frontend,Frontend / Next.js Performance Testing Security,Middle,Как App Router влияет на производительность?
4374,Frontend,Frontend / Next.js Performance Testing Security,Middle,Как проверить Pages Router в production?
4375,Frontend,Frontend / Next.js Performance Testing Security,Middle,Какие риски безопасности связаны с server actions?
4376,Frontend,Frontend / Next.js Performance Testing Security,Middle,Как мониторить middleware?
4377,Frontend,Frontend / Next.js Performance Testing Security,Middle,Как протестировать route handlers?
4378,Frontend,Frontend / Next.js Performance Testing Security,Middle,Какие trade-off есть у streaming?
4379,Frontend,Frontend / Next.js Performance Testing Security,Middle,Как применить hydration mismatch в SSR-приложении?
4380,Frontend,Frontend / Next.js Performance Testing Security,Middle,Как диагностировать проблему с code splitting?
4381,Frontend,Frontend / Next.js Performance Testing Security,Middle,Что такое tree shaking?
4382,Frontend,Frontend / Next.js Performance Testing Security,Middle,Как настроить bundle analysis?
4383,Frontend,Frontend / Next.js Performance Testing Security,Middle,Как Core Web Vitals влияет на производительность?
4384,Frontend,Frontend / Next.js Performance Testing Security,Middle,Как проверить LCP в production?
4385,Frontend,Frontend / Next.js Performance Testing Security,Middle,Какие риски безопасности связаны с INP?
4386,Frontend,Frontend / Next.js Performance Testing Security,Middle,Как мониторить CLS?
4387,Frontend,Frontend / Next.js Performance Testing Security,Middle,Как протестировать lazy loading?
4388,Frontend,Frontend / Next.js Performance Testing Security,Middle,Какие trade-off есть у image optimization?
4389,Frontend,Frontend / Next.js Performance Testing Security,Middle,Как применить CDN в SSR-приложении?
4390,Frontend,Frontend / Next.js Performance Testing Security,Middle,Как диагностировать проблему с HTTP caching?
4391,Frontend,Frontend / Next.js Performance Testing Security,Middle,Что такое unit testing?
4392,Frontend,Frontend / Next.js Performance Testing Security,Middle,Как настроить integration testing?
4393,Frontend,Frontend / Next.js Performance Testing Security,Middle,Как E2E testing влияет на производительность?
4394,Frontend,Frontend / Next.js Performance Testing Security,Middle,Как проверить Playwright в production?
4395,Frontend,Frontend / Next.js Performance Testing Security,Middle,Какие риски безопасности связаны с Cypress?
4396,Frontend,Frontend / Next.js Performance Testing Security,Middle,Как мониторить mocking?
4397,Frontend,Frontend / Next.js Performance Testing Security,Middle,Как протестировать XSS?
4398,Frontend,Frontend / Next.js Performance Testing Security,Middle,Какие trade-off есть у CSRF?
4399,Frontend,Frontend / Next.js Performance Testing Security,Middle,Как применить clickjacking в SSR-приложении?
4400,Frontend,Frontend / Next.js Performance Testing Security,Middle,Как диагностировать проблему с dependency security?
4401,Frontend,Frontend / Next.js Performance Testing Security,Middle,Что такое source maps?
4402,Frontend,Frontend / Next.js Performance Testing Security,Middle,Как настроить error tracking?
4403,Frontend,Frontend / Next.js Performance Testing Security,Middle,Как RUM влияет на производительность?
4404,Frontend,Frontend / Next.js Performance Testing Security,Middle,Как проверить profiling в production?
4405,Frontend,Frontend / Next.js Performance Testing Security,Middle,Какие риски безопасности связаны с performance budgets?
4406,Frontend,Frontend / Next.js Performance Testing Security,Middle,Как мониторить accessibility testing?
4407,Frontend,Frontend / Next.js Performance Testing Security,Middle,Как протестировать visual regression?
4408,Frontend,Frontend / Next.js Performance Testing Security,Middle,Какие trade-off есть у content security policy?
4409,Frontend,Frontend / Next.js Performance Testing Security,Middle,Как применить authentication в SSR-приложении?
4410,Frontend,Frontend / Next.js Performance Testing Security,Middle,Как диагностировать проблему с authorization?
4411,Frontend,Frontend / Next.js Performance Testing Security,Middle,Что такое SSR?
4412,Frontend,Frontend / Next.js Performance Testing Security,Middle,Как настроить SSG?
4413,Frontend,Frontend / Next.js Performance Testing Security,Middle,Как ISR влияет на производительность?
4414,Frontend,Frontend / Next.js Performance Testing Security,Middle,Как проверить App Router в production?
4415,Frontend,Frontend / Next.js Performance Testing Security,Middle,Какие риски безопасности связаны с Pages Router?
4416,Frontend,Frontend / Next.js Performance Testing Security,Middle,Как мониторить server actions?
4417,Frontend,Frontend / Next.js Performance Testing Security,Middle,Как протестировать middleware?
4418,Frontend,Frontend / Next.js Performance Testing Security,Middle,Какие trade-off есть у route handlers?
4419,Frontend,Frontend / Next.js Performance Testing Security,Middle,Как применить streaming в SSR-приложении?
4420,Frontend,Frontend / Next.js Performance Testing Security,Middle,Как диагностировать проблему с hydration mismatch?
4421,Frontend,Frontend / Next.js Performance Testing Security,Middle,Что такое code splitting?
4422,Frontend,Frontend / Next.js Performance Testing Security,Middle,Как настроить tree shaking?
4423,Frontend,Frontend / Next.js Performance Testing Security,Middle,Как bundle analysis влияет на производительность?
4424,Frontend,Frontend / Next.js Performance Testing Security,Middle,Как проверить Core Web Vitals в production?
4425,Frontend,Frontend / Next.js Performance Testing Security,Middle,Какие риски безопасности связаны с LCP?
4426,Frontend,Frontend / Next.js Performance Testing Security,Middle,Как мониторить INP?
4427,Frontend,Frontend / Next.js Performance Testing Security,Middle,Как протестировать CLS?
4428,Frontend,Frontend / Next.js Performance Testing Security,Middle,Какие trade-off есть у lazy loading?
4429,Frontend,Frontend / Next.js Performance Testing Security,Middle,Как применить image optimization в SSR-приложении?
4430,Frontend,Frontend / Next.js Performance Testing Security,Middle,Как диагностировать проблему с CDN?
4431,Frontend,Frontend / Next.js Performance Testing Security,Middle,Что такое HTTP caching?
4432,Frontend,Frontend / Next.js Performance Testing Security,Middle,Как настроить unit testing?
4433,Frontend,Frontend / Next.js Performance Testing Security,Middle,Как integration testing влияет на производительность?
4434,Frontend,Frontend / Next.js Performance Testing Security,Middle,Как проверить E2E testing в production?
4435,Frontend,Frontend / Next.js Performance Testing Security,Middle,Какие риски безопасности связаны с Playwright?
4436,Frontend,Frontend / Next.js Performance Testing Security,Middle,Как мониторить Cypress?
4437,Frontend,Frontend / Next.js Performance Testing Security,Middle,Как протестировать mocking?
4438,Frontend,Frontend / Next.js Performance Testing Security,Middle,Какие trade-off есть у XSS?
4439,Frontend,Frontend / Next.js Performance Testing Security,Middle,Как применить CSRF в SSR-приложении?
4440,Frontend,Frontend / Next.js Performance Testing Security,Middle,Как диагностировать проблему с clickjacking?
4441,Frontend,Frontend / Next.js Performance Testing Security,Middle,Что такое dependency security?
4442,Frontend,Frontend / Next.js Performance Testing Security,Middle,Как настроить source maps?
4443,Frontend,Frontend / Next.js Performance Testing Security,Middle,Как error tracking влияет на производительность?
4444,Frontend,Frontend / Next.js Performance Testing Security,Middle,Как проверить RUM в production?
4445,Frontend,Frontend / Next.js Performance Testing Security,Middle,Какие риски безопасности связаны с profiling?
4446,Frontend,Frontend / Next.js Performance Testing Security,Middle,Как мониторить performance budgets?
4447,Frontend,Frontend / Next.js Performance Testing Security,Middle,Как протестировать accessibility testing?
4448,Frontend,Frontend / Next.js Performance Testing Security,Middle,Какие trade-off есть у visual regression?
4449,Frontend,Frontend / Next.js Performance Testing Security,Middle,Как применить content security policy в SSR-приложении?
4450,Frontend,Frontend / Next.js Performance Testing Security,Middle,Как диагностировать проблему с authentication?
4451,Frontend,Frontend / Next.js Performance Testing Security,Middle,Что такое authorization?
4452,Frontend,Frontend / Next.js Performance Testing Security,Middle,Как настроить SSR?
4453,Frontend,Frontend / Next.js Performance Testing Security,Middle,Как SSG влияет на производительность?
4454,Frontend,Frontend / Next.js Performance Testing Security,Middle,Как проверить ISR в production?
4455,Frontend,Frontend / Next.js Performance Testing Security,Middle,Какие риски безопасности связаны с App Router?
4456,Frontend,Frontend / Next.js Performance Testing Security,Middle,Как мониторить Pages Router?
4457,Frontend,Frontend / Next.js Performance Testing Security,Middle,Как протестировать server actions?
4458,Frontend,Frontend / Next.js Performance Testing Security,Middle,Какие trade-off есть у middleware?
4459,Frontend,Frontend / Next.js Performance Testing Security,Middle,Как применить route handlers в SSR-приложении?
4460,Frontend,Frontend / Next.js Performance Testing Security,Middle,Как диагностировать проблему с streaming?
4461,Frontend,Frontend / Next.js Performance Testing Security,Middle,Что такое hydration mismatch?
4462,Frontend,Frontend / Next.js Performance Testing Security,Middle,Как настроить code splitting?
4463,Frontend,Frontend / Next.js Performance Testing Security,Middle,Как tree shaking влияет на производительность?
4464,Frontend,Frontend / Next.js Performance Testing Security,Middle,Как проверить bundle analysis в production?
4465,Frontend,Frontend / Next.js Performance Testing Security,Middle,Какие риски безопасности связаны с Core Web Vitals?
4466,Frontend,Frontend / Next.js Performance Testing Security,Middle,Как мониторить LCP?
4467,Frontend,Frontend / Next.js Performance Testing Security,Middle,Как протестировать INP?
4468,Frontend,Frontend / Next.js Performance Testing Security,Middle,Какие trade-off есть у CLS?
4469,Frontend,Frontend / Next.js Performance Testing Security,Middle,Как применить lazy loading в SSR-приложении?
4470,Frontend,Frontend / Next.js Performance Testing Security,Middle,Как диагностировать проблему с image optimization?
4471,Frontend,Frontend / Next.js Performance Testing Security,Middle,Что такое CDN?
4472,Frontend,Frontend / Next.js Performance Testing Security,Middle,Как настроить HTTP caching?
4473,Frontend,Frontend / Next.js Performance Testing Security,Middle,Как unit testing влияет на производительность?
4474,Frontend,Frontend / Next.js Performance Testing Security,Middle,Как проверить integration testing в production?
4475,Frontend,Frontend / Next.js Performance Testing Security,Middle,Какие риски безопасности связаны с E2E testing?
4476,Frontend,Frontend / Next.js Performance Testing Security,Middle,Как мониторить Playwright?
4477,Frontend,Frontend / Next.js Performance Testing Security,Middle,Как протестировать Cypress?
4478,Frontend,Frontend / Next.js Performance Testing Security,Middle,Какие trade-off есть у mocking?
4479,Frontend,Frontend / Next.js Performance Testing Security,Middle,Как применить XSS в SSR-приложении?
4480,Frontend,Frontend / Next.js Performance Testing Security,Middle,Как диагностировать проблему с CSRF?
4481,Frontend,Frontend / Next.js Performance Testing Security,Middle,Что такое clickjacking?
4482,Frontend,Frontend / Next.js Performance Testing Security,Middle,Как настроить dependency security?
4483,Frontend,Frontend / Next.js Performance Testing Security,Middle,Как source maps влияет на производительность?
4484,Frontend,Frontend / Next.js Performance Testing Security,Middle,Как проверить error tracking в production?
4485,Frontend,Frontend / Next.js Performance Testing Security,Middle,Какие риски безопасности связаны с RUM?
4486,Frontend,Frontend / Next.js Performance Testing Security,Middle,Как мониторить profiling?
4487,Frontend,Frontend / Next.js Performance Testing Security,Middle,Как протестировать performance budgets?
4488,Frontend,Frontend / Next.js Performance Testing Security,Middle,Какие trade-off есть у accessibility testing?
4489,Frontend,Frontend / Next.js Performance Testing Security,Middle,Как применить visual regression в SSR-приложении?
4490,Frontend,Frontend / Next.js Performance Testing Security,Middle,Как диагностировать проблему с content security policy?
4491,Frontend,Frontend / Next.js Performance Testing Security,Middle,Что такое authentication?
4492,Frontend,Frontend / Next.js Performance Testing Security,Middle,Как настроить authorization?
4493,Frontend,Frontend / Next.js Performance Testing Security,Middle,Как SSR влияет на производительность?
4494,Frontend,Frontend / Next.js Performance Testing Security,Middle,Как проверить SSG в production?
4495,Frontend,Frontend / Next.js Performance Testing Security,Middle,Какие риски безопасности связаны с ISR?
4496,Frontend,Frontend / Next.js Performance Testing Security,Middle,Как мониторить App Router?
4497,Frontend,Frontend / Next.js Performance Testing Security,Middle,Как протестировать Pages Router?
4498,Frontend,Frontend / Next.js Performance Testing Security,Middle,Какие trade-off есть у server actions?
4499,Frontend,Frontend / Next.js Performance Testing Security,Middle,Как применить middleware в SSR-приложении?
4500,Frontend,Frontend / Next.js Performance Testing Security,Middle,Как диагностировать проблему с route handlers?
4501,Frontend,Frontend / Next.js Performance Testing Security,Middle,Что такое streaming?
4502,Frontend,Frontend / Next.js Performance Testing Security,Middle,Как настроить hydration mismatch?
4503,Frontend,Frontend / Next.js Performance Testing Security,Middle,Как code splitting влияет на производительность?
4504,Frontend,Frontend / Next.js Performance Testing Security,Middle,Как проверить tree shaking в production?
4505,Frontend,Frontend / Next.js Performance Testing Security,Middle,Какие риски безопасности связаны с bundle analysis?
4506,Frontend,Frontend / Next.js Performance Testing Security,Middle,Как мониторить Core Web Vitals?
4507,Frontend,Frontend / Next.js Performance Testing Security,Middle,Как протестировать LCP?
4508,Frontend,Frontend / Next.js Performance Testing Security,Middle,Какие trade-off есть у INP?
4509,Frontend,Frontend / Next.js Performance Testing Security,Middle,Как применить CLS в SSR-приложении?
4510,Frontend,Frontend / Next.js Performance Testing Security,Middle,Как диагностировать проблему с lazy loading?
4511,Frontend,Frontend / Next.js Performance Testing Security,Middle,Что такое image optimization?
4512,Frontend,Frontend / Next.js Performance Testing Security,Middle,Как настроить CDN?
4513,Frontend,Frontend / Next.js Performance Testing Security,Middle,Как HTTP caching влияет на производительность?
4514,Frontend,Frontend / Next.js Performance Testing Security,Middle,Как проверить unit testing в production?
4515,Frontend,Frontend / Next.js Performance Testing Security,Middle,Какие риски безопасности связаны с integration testing?
4516,Frontend,Frontend / Next.js Performance Testing Security,Middle,Как мониторить E2E testing?
4517,Frontend,Frontend / Next.js Performance Testing Security,Middle,Как протестировать Playwright?
4518,Frontend,Frontend / Next.js Performance Testing Security,Middle,Какие trade-off есть у Cypress?
4519,Frontend,Frontend / Next.js Performance Testing Security,Middle,Как применить mocking в SSR-приложении?
4520,Frontend,Frontend / Next.js Performance Testing Security,Middle,Как диагностировать проблему с XSS?
4521,Frontend,Frontend / Next.js Performance Testing Security,Middle,Что такое CSRF?
4522,Frontend,Frontend / Next.js Performance Testing Security,Middle,Как настроить clickjacking?
4523,Frontend,Frontend / Next.js Performance Testing Security,Middle,Как dependency security влияет на производительность?
4524,Frontend,Frontend / Next.js Performance Testing Security,Middle,Как проверить source maps в production?
4525,Frontend,Frontend / Next.js Performance Testing Security,Middle,Какие риски безопасности связаны с error tracking?
4526,Frontend,Frontend / Next.js Performance Testing Security,Middle,Как мониторить RUM?
4527,Frontend,Frontend / Next.js Performance Testing Security,Middle,Как протестировать profiling?
4528,Frontend,Frontend / Next.js Performance Testing Security,Middle,Какие trade-off есть у performance budgets?
4529,Frontend,Frontend / Next.js Performance Testing Security,Middle,Как применить accessibility testing в SSR-приложении?
4530,Frontend,Frontend / Next.js Performance Testing Security,Middle,Как диагностировать проблему с visual regression?
4531,Frontend,Frontend / Next.js Performance Testing Security,Middle,Что такое content security policy?
4532,Frontend,Frontend / Next.js Performance Testing Security,Middle,Как настроить authentication?
4533,Frontend,Frontend / Next.js Performance Testing Security,Middle,Как authorization влияет на производительность?
4534,Frontend,Frontend / Next.js Performance Testing Security,Middle,Как проверить SSR в production?
4535,Frontend,Frontend / Next.js Performance Testing Security,Middle,Какие риски безопасности связаны с SSG?
4536,Frontend,Frontend / Next.js Performance Testing Security,Middle,Как мониторить ISR?
4537,Frontend,Frontend / Next.js Performance Testing Security,Middle,Как протестировать App Router?
4538,Frontend,Frontend / Next.js Performance Testing Security,Middle,Какие trade-off есть у Pages Router?
4539,Frontend,Frontend / Next.js Performance Testing Security,Middle,Как применить server actions в SSR-приложении?
4540,Frontend,Frontend / Next.js Performance Testing Security,Middle,Как диагностировать проблему с middleware?
4541,Frontend,Frontend / Next.js Performance Testing Security,Middle,Что такое route handlers?
4542,Frontend,Frontend / Next.js Performance Testing Security,Middle,Как настроить streaming?
4543,Frontend,Frontend / Next.js Performance Testing Security,Middle,Как hydration mismatch влияет на производительность?
4544,Frontend,Frontend / Next.js Performance Testing Security,Middle,Как проверить code splitting в production?
4545,Frontend,Frontend / Next.js Performance Testing Security,Middle,Какие риски безопасности связаны с tree shaking?
4546,Frontend,Frontend / Next.js Performance Testing Security,Middle,Как мониторить bundle analysis?
4547,Frontend,Frontend / Next.js Performance Testing Security,Middle,Как протестировать Core Web Vitals?
4548,Frontend,Frontend / Next.js Performance Testing Security,Middle,Какие trade-off есть у LCP?
4549,Frontend,Frontend / Next.js Performance Testing Security,Middle,Как применить INP в SSR-приложении?
4550,Frontend,Frontend / Next.js Performance Testing Security,Middle,Как диагностировать проблему с CLS?
4551,Frontend,Frontend / Next.js Performance Testing Security,Middle,Что такое lazy loading?
4552,Frontend,Frontend / Next.js Performance Testing Security,Middle,Как настроить image optimization?
4553,Frontend,Frontend / Next.js Performance Testing Security,Middle,Как CDN влияет на производительность?
4554,Frontend,Frontend / Next.js Performance Testing Security,Middle,Как проверить HTTP caching в production?
4555,Frontend,Frontend / Next.js Performance Testing Security,Middle,Какие риски безопасности связаны с unit testing?
4556,Frontend,Frontend / Next.js Performance Testing Security,Middle,Как мониторить integration testing?
4557,Frontend,Frontend / Next.js Performance Testing Security,Middle,Как протестировать E2E testing?
4558,Frontend,Frontend / Next.js Performance Testing Security,Middle,Какие trade-off есть у Playwright?
4559,Frontend,Frontend / Next.js Performance Testing Security,Middle,Как применить Cypress в SSR-приложении?
4560,Frontend,Frontend / Next.js Performance Testing Security,Middle,Как диагностировать проблему с mocking?
4561,Frontend,Frontend / Next.js Performance Testing Security,Middle,Что такое XSS?
4562,Frontend,Frontend / Next.js Performance Testing Security,Middle,Как настроить CSRF?
4563,Frontend,Frontend / Next.js Performance Testing Security,Middle,Как clickjacking влияет на производительность?
4564,Frontend,Frontend / Next.js Performance Testing Security,Middle,Как проверить dependency security в production?
4565,Frontend,Frontend / Next.js Performance Testing Security,Middle,Какие риски безопасности связаны с source maps?
4566,Frontend,Frontend / Next.js Performance Testing Security,Middle,Как мониторить error tracking?
4567,Frontend,Frontend / Next.js Performance Testing Security,Middle,Как протестировать RUM?
4568,Frontend,Frontend / Next.js Performance Testing Security,Middle,Какие trade-off есть у profiling?
4569,Frontend,Frontend / Next.js Performance Testing Security,Middle,Как применить performance budgets в SSR-приложении?
4570,Frontend,Frontend / Next.js Performance Testing Security,Middle,Как диагностировать проблему с accessibility testing?
4571,Frontend,Frontend / Next.js Performance Testing Security,Middle,Что такое visual regression?
4572,Frontend,Frontend / Next.js Performance Testing Security,Middle,Как настроить content security policy?
4573,Frontend,Frontend / Next.js Performance Testing Security,Middle,Как authentication влияет на производительность?
4574,Frontend,Frontend / Next.js Performance Testing Security,Middle,Как проверить authorization в production?
4575,Frontend,Frontend / Next.js Performance Testing Security,Middle,Какие риски безопасности связаны с SSR?
4576,Frontend,Frontend / Next.js Performance Testing Security,Middle,Как мониторить SSG?
4577,Frontend,Frontend / Next.js Performance Testing Security,Middle,Как протестировать ISR?
4578,Frontend,Frontend / Next.js Performance Testing Security,Middle,Какие trade-off есть у App Router?
4579,Frontend,Frontend / Next.js Performance Testing Security,Middle,Как применить Pages Router в SSR-приложении?
4580,Frontend,Frontend / Next.js Performance Testing Security,Middle,Как диагностировать проблему с server actions?
4581,Frontend,Frontend / Next.js Performance Testing Security,Middle,Что такое middleware?
4582,Frontend,Frontend / Next.js Performance Testing Security,Middle,Как настроить route handlers?
4583,Frontend,Frontend / Next.js Performance Testing Security,Middle,Как streaming влияет на производительность?
4584,Frontend,Frontend / Next.js Performance Testing Security,Middle,Как проверить hydration mismatch в production?
4585,Frontend,Frontend / Next.js Performance Testing Security,Middle,Какие риски безопасности связаны с code splitting?
4586,Frontend,Frontend / Next.js Performance Testing Security,Middle,Как мониторить tree shaking?
4587,Frontend,Frontend / Next.js Performance Testing Security,Middle,Как протестировать bundle analysis?
4588,Frontend,Frontend / Next.js Performance Testing Security,Middle,Какие trade-off есть у Core Web Vitals?
4589,Frontend,Frontend / Next.js Performance Testing Security,Middle,Как применить LCP в SSR-приложении?
4590,Frontend,Frontend / Next.js Performance Testing Security,Middle,Как диагностировать проблему с INP?
4591,Frontend,Frontend / Next.js Performance Testing Security,Middle,Что такое CLS?
4592,Frontend,Frontend / Next.js Performance Testing Security,Middle,Как настроить lazy loading?
4593,Frontend,Frontend / Next.js Performance Testing Security,Middle,Как image optimization влияет на производительность?
4594,Frontend,Frontend / Next.js Performance Testing Security,Middle,Как проверить CDN в production?
4595,Frontend,Frontend / Next.js Performance Testing Security,Middle,Какие риски безопасности связаны с HTTP caching?
4596,Frontend,Frontend / Next.js Performance Testing Security,Middle,Как мониторить unit testing?
4597,Frontend,Frontend / Next.js Performance Testing Security,Middle,Как протестировать integration testing?
4598,Frontend,Frontend / Next.js Performance Testing Security,Middle,Какие trade-off есть у E2E testing?
4599,Frontend,Frontend / Next.js Performance Testing Security,Middle,Как применить Playwright в SSR-приложении?
4600,Frontend,Frontend / Next.js Performance Testing Security,Middle,Как диагностировать проблему с Cypress?
4601,Frontend,Frontend / Next.js Performance Testing Security,Middle,Что такое mocking?
4602,Frontend,Frontend / Next.js Performance Testing Security,Middle,Как настроить XSS?
4603,Frontend,Frontend / Next.js Performance Testing Security,Middle,Как CSRF влияет на производительность?
4604,Frontend,Frontend / Next.js Performance Testing Security,Middle,Как проверить clickjacking в production?
4605,Frontend,Frontend / Next.js Performance Testing Security,Middle,Какие риски безопасности связаны с dependency security?
4606,Frontend,Frontend / Next.js Performance Testing Security,Middle,Как мониторить source maps?
4607,Frontend,Frontend / Next.js Performance Testing Security,Middle,Как протестировать error tracking?
4608,Frontend,Frontend / Next.js Performance Testing Security,Middle,Какие trade-off есть у RUM?
4609,Frontend,Frontend / Next.js Performance Testing Security,Middle,Как применить profiling в SSR-приложении?
4610,Frontend,Frontend / Next.js Performance Testing Security,Middle,Как диагностировать проблему с performance budgets?
4611,Frontend,Frontend / Next.js Performance Testing Security,Middle,Что такое accessibility testing?
4612,Frontend,Frontend / Next.js Performance Testing Security,Middle,Как настроить visual regression?
4613,Frontend,Frontend / Next.js Performance Testing Security,Middle,Как content security policy влияет на производительность?
4614,Frontend,Frontend / Next.js Performance Testing Security,Middle,Как проверить authentication в production?
4615,Frontend,Frontend / Next.js Performance Testing Security,Middle,Какие риски безопасности связаны с authorization?
4616,Frontend,Frontend / Next.js Performance Testing Security,Middle,Как мониторить SSR?
4617,Frontend,Frontend / Next.js Performance Testing Security,Middle,Как протестировать SSG?
4618,Frontend,Frontend / Next.js Performance Testing Security,Middle,Какие trade-off есть у ISR?
4619,Frontend,Frontend / Next.js Performance Testing Security,Middle,Как применить App Router в SSR-приложении?
4620,Frontend,Frontend / Next.js Performance Testing Security,Middle,Как диагностировать проблему с Pages Router?
4621,Frontend,Frontend / Next.js Performance Testing Security,Middle,Что такое server actions?
4622,Frontend,Frontend / Next.js Performance Testing Security,Middle,Как настроить middleware?
4623,Frontend,Frontend / Next.js Performance Testing Security,Middle,Как route handlers влияет на производительность?
4624,Frontend,Frontend / Next.js Performance Testing Security,Middle,Как проверить streaming в production?
4625,Frontend,Frontend / Next.js Performance Testing Security,Middle,Какие риски безопасности связаны с hydration mismatch?
4626,Frontend,Frontend / Next.js Performance Testing Security,Middle,Как мониторить code splitting?
4627,Frontend,Frontend / Next.js Performance Testing Security,Middle,Как протестировать tree shaking?
4628,Frontend,Frontend / Next.js Performance Testing Security,Middle,Какие trade-off есть у bundle analysis?
4629,Frontend,Frontend / Next.js Performance Testing Security,Middle,Как применить Core Web Vitals в SSR-приложении?
4630,Frontend,Frontend / Next.js Performance Testing Security,Middle,Как диагностировать проблему с LCP?
4631,Frontend,Frontend / Next.js Performance Testing Security,Middle,Что такое INP?
4632,Frontend,Frontend / Next.js Performance Testing Security,Middle,Как настроить CLS?
4633,Frontend,Frontend / Next.js Performance Testing Security,Middle,Как lazy loading влияет на производительность?
4634,Frontend,Frontend / Next.js Performance Testing Security,Middle,Как проверить image optimization в production?
4635,Frontend,Frontend / Next.js Performance Testing Security,Middle,Какие риски безопасности связаны с CDN?
4636,Frontend,Frontend / Next.js Performance Testing Security,Middle,Как мониторить HTTP caching?
4637,Frontend,Frontend / Next.js Performance Testing Security,Middle,Как протестировать unit testing?
4638,Frontend,Frontend / Next.js Performance Testing Security,Middle,Какие trade-off есть у integration testing?
4639,Frontend,Frontend / Next.js Performance Testing Security,Middle,Как применить E2E testing в SSR-приложении?
4640,Frontend,Frontend / Next.js Performance Testing Security,Middle,Как диагностировать проблему с Playwright?
4641,Frontend,Frontend / Next.js Performance Testing Security,Middle,Что такое Cypress?
4642,Frontend,Frontend / Next.js Performance Testing Security,Middle,Как настроить mocking?
4643,Frontend,Frontend / Next.js Performance Testing Security,Middle,Как XSS влияет на производительность?
4644,Frontend,Frontend / Next.js Performance Testing Security,Middle,Как проверить CSRF в production?
4645,Frontend,Frontend / Next.js Performance Testing Security,Middle,Какие риски безопасности связаны с clickjacking?
4646,Frontend,Frontend / Next.js Performance Testing Security,Middle,Как мониторить dependency security?
4647,Frontend,Frontend / Next.js Performance Testing Security,Middle,Как протестировать source maps?
4648,Frontend,Frontend / Next.js Performance Testing Security,Middle,Какие trade-off есть у error tracking?
4649,Frontend,Frontend / Next.js Performance Testing Security,Middle,Как применить RUM в SSR-приложении?
4650,Frontend,Frontend / Next.js Performance Testing Security,Middle,Как диагностировать проблему с profiling?
4651,Frontend,Frontend / Next.js Performance Testing Security,Middle,Что такое performance budgets?
4652,Frontend,Frontend / Next.js Performance Testing Security,Middle,Как настроить accessibility testing?
4653,Frontend,Frontend / Next.js Performance Testing Security,Middle,Как visual regression влияет на производительность?
4654,Frontend,Frontend / Next.js Performance Testing Security,Middle,Как проверить content security policy в production?
4655,Frontend,Frontend / Next.js Performance Testing Security,Middle,Какие риски безопасности связаны с authentication?
4656,Frontend,Frontend / Next.js Performance Testing Security,Middle,Как мониторить authorization?
4657,Frontend,Frontend / Next.js Performance Testing Security,Middle,Как протестировать SSR?
4658,Frontend,Frontend / Next.js Performance Testing Security,Middle,Какие trade-off есть у SSG?
4659,Frontend,Frontend / Next.js Performance Testing Security,Middle,Как применить ISR в SSR-приложении?
4660,Frontend,Frontend / Next.js Performance Testing Security,Middle,Как диагностировать проблему с App Router?
4661,Frontend,Frontend / Next.js Performance Testing Security,Middle,Что такое Pages Router?
4662,Frontend,Frontend / Next.js Performance Testing Security,Middle,Как настроить server actions?
4663,Frontend,Frontend / Next.js Performance Testing Security,Middle,Как middleware влияет на производительность?
4664,Frontend,Frontend / Next.js Performance Testing Security,Middle,Как проверить route handlers в production?
4665,Frontend,Frontend / Next.js Performance Testing Security,Middle,Какие риски безопасности связаны с streaming?
4666,Frontend,Frontend / Next.js Performance Testing Security,Middle,Как мониторить hydration mismatch?
4667,Frontend,Frontend / Next.js Performance Testing Security,Middle,Как протестировать code splitting?
4668,Frontend,Frontend / Next.js Performance Testing Security,Middle,Какие trade-off есть у tree shaking?
4669,Frontend,Frontend / Next.js Performance Testing Security,Middle,Как применить bundle analysis в SSR-приложении?
4670,Frontend,Frontend / Next.js Performance Testing Security,Middle,Как диагностировать проблему с Core Web Vitals?
4671,Frontend,Frontend / Next.js Performance Testing Security,Middle,Что такое LCP?
4672,Frontend,Frontend / Next.js Performance Testing Security,Middle,Как настроить INP?
4673,Frontend,Frontend / Next.js Performance Testing Security,Middle,Как CLS влияет на производительность?
4674,Frontend,Frontend / Next.js Performance Testing Security,Middle,Как проверить lazy loading в production?
4675,Frontend,Frontend / Next.js Performance Testing Security,Middle,Какие риски безопасности связаны с image optimization?
4676,Frontend,Frontend / Next.js Performance Testing Security,Middle,Как мониторить CDN?
4677,Frontend,Frontend / Next.js Performance Testing Security,Middle,Как протестировать HTTP caching?
4678,Frontend,Frontend / Next.js Performance Testing Security,Middle,Какие trade-off есть у unit testing?
4679,Frontend,Frontend / Next.js Performance Testing Security,Middle,Как применить integration testing в SSR-приложении?
4680,Frontend,Frontend / Next.js Performance Testing Security,Middle,Как диагностировать проблему с E2E testing?
4681,Frontend,Frontend / Next.js Performance Testing Security,Middle,Что такое Playwright?
4682,Frontend,Frontend / Next.js Performance Testing Security,Middle,Как настроить Cypress?
4683,Frontend,Frontend / Next.js Performance Testing Security,Middle,Как mocking влияет на производительность?
4684,Frontend,Frontend / Next.js Performance Testing Security,Middle,Как проверить XSS в production?
4685,Frontend,Frontend / Next.js Performance Testing Security,Middle,Какие риски безопасности связаны с CSRF?
4686,Frontend,Frontend / Next.js Performance Testing Security,Middle,Как мониторить clickjacking?
4687,Frontend,Frontend / Next.js Performance Testing Security,Middle,Как протестировать dependency security?
4688,Frontend,Frontend / Next.js Performance Testing Security,Middle,Какие trade-off есть у source maps?
4689,Frontend,Frontend / Next.js Performance Testing Security,Middle,Как применить error tracking в SSR-приложении?
4690,Frontend,Frontend / Next.js Performance Testing Security,Middle,Как диагностировать проблему с RUM?
4691,Frontend,Frontend / Next.js Performance Testing Security,Middle,Что такое profiling?
4692,Frontend,Frontend / Next.js Performance Testing Security,Middle,Как настроить performance budgets?
4693,Frontend,Frontend / Next.js Performance Testing Security,Middle,Как accessibility testing влияет на производительность?
4694,Frontend,Frontend / Next.js Performance Testing Security,Middle,Как проверить visual regression в production?
4695,Frontend,Frontend / Next.js Performance Testing Security,Middle,Какие риски безопасности связаны с content security policy?
4696,Frontend,Frontend / Next.js Performance Testing Security,Middle,Как мониторить authentication?
4697,Frontend,Frontend / Next.js Performance Testing Security,Middle,Как протестировать authorization?
4698,Frontend,Frontend / Next.js Performance Testing Security,Middle,Какие trade-off есть у SSR?
4699,Frontend,Frontend / Next.js Performance Testing Security,Middle,Как применить SSG в SSR-приложении?
4700,Frontend,Frontend / Next.js Performance Testing Security,Middle,Как диагностировать проблему с ISR?
4701,Frontend,Frontend / Next.js Performance Testing Security,Middle,Что такое App Router?
4702,Frontend,Frontend / Next.js Performance Testing Security,Middle,Как настроить Pages Router?
4703,Frontend,Frontend / Next.js Performance Testing Security,Middle,Как server actions влияет на производительность?
4704,Frontend,Frontend / Next.js Performance Testing Security,Middle,Как проверить middleware в production?
4705,Frontend,Frontend / Next.js Performance Testing Security,Middle,Какие риски безопасности связаны с route handlers?
4706,Frontend,Frontend / Next.js Performance Testing Security,Middle,Как мониторить streaming?
4707,Frontend,Frontend / Next.js Performance Testing Security,Middle,Как протестировать hydration mismatch?
4708,Frontend,Frontend / Next.js Performance Testing Security,Middle,Какие trade-off есть у code splitting?
4709,Frontend,Frontend / Next.js Performance Testing Security,Middle,Как применить tree shaking в SSR-приложении?
4710,Frontend,Frontend / Next.js Performance Testing Security,Middle,Как диагностировать проблему с bundle analysis?
4711,Frontend,Frontend / Next.js Performance Testing Security,Middle,Что такое Core Web Vitals?
4712,Frontend,Frontend / Next.js Performance Testing Security,Middle,Как настроить LCP?
4713,Frontend,Frontend / Next.js Performance Testing Security,Middle,Как INP влияет на производительность?
4714,Frontend,Frontend / Next.js Performance Testing Security,Middle,Как проверить CLS в production?
4715,Frontend,Frontend / Next.js Performance Testing Security,Middle,Какие риски безопасности связаны с lazy loading?
4716,Frontend,Frontend / Next.js Performance Testing Security,Middle,Как мониторить image optimization?
4717,Frontend,Frontend / Next.js Performance Testing Security,Middle,Как протестировать CDN?
4718,Frontend,Frontend / Next.js Performance Testing Security,Middle,Какие trade-off есть у HTTP caching?
4719,Frontend,Frontend / Next.js Performance Testing Security,Middle,Как применить unit testing в SSR-приложении?
4720,Frontend,Frontend / Next.js Performance Testing Security,Middle,Как диагностировать проблему с integration testing?
4721,Frontend,Frontend / Next.js Performance Testing Security,Middle,Что такое E2E testing?
4722,Frontend,Frontend / Next.js Performance Testing Security,Middle,Как настроить Playwright?
4723,Frontend,Frontend / Next.js Performance Testing Security,Middle,Как Cypress влияет на производительность?
4724,Frontend,Frontend / Next.js Performance Testing Security,Middle,Как проверить mocking в production?
4725,Frontend,Frontend / Next.js Performance Testing Security,Middle,Какие риски безопасности связаны с XSS?
4726,Frontend,Frontend / Next.js Performance Testing Security,Middle,Как мониторить CSRF?
4727,Frontend,Frontend / Next.js Performance Testing Security,Middle,Как протестировать clickjacking?
4728,Frontend,Frontend / Next.js Performance Testing Security,Middle,Какие trade-off есть у dependency security?
4729,Frontend,Frontend / Next.js Performance Testing Security,Middle,Как применить source maps в SSR-приложении?
4730,Frontend,Frontend / Next.js Performance Testing Security,Middle,Как диагностировать проблему с error tracking?
4731,Frontend,Frontend / Next.js Performance Testing Security,Middle,Что такое RUM?
4732,Frontend,Frontend / Next.js Performance Testing Security,Middle,Как настроить profiling?
4733,Frontend,Frontend / Next.js Performance Testing Security,Middle,Как performance budgets влияет на производительность?
4734,Frontend,Frontend / Next.js Performance Testing Security,Middle,Как проверить accessibility testing в production?
4735,Frontend,Frontend / Next.js Performance Testing Security,Middle,Какие риски безопасности связаны с visual regression?
4736,Frontend,Frontend / Next.js Performance Testing Security,Middle,Как мониторить content security policy?
4737,Frontend,Frontend / Next.js Performance Testing Security,Middle,Как протестировать authentication?
4738,Frontend,Frontend / Next.js Performance Testing Security,Middle,Какие trade-off есть у authorization?
4739,Frontend,Frontend / Next.js Performance Testing Security,Middle,Как применить SSR в SSR-приложении?
4740,Frontend,Frontend / Next.js Performance Testing Security,Middle,Как диагностировать проблему с SSG?
4741,Frontend,Frontend / Next.js Performance Testing Security,Middle,Что такое ISR?
4742,Frontend,Frontend / Next.js Performance Testing Security,Middle,Как настроить App Router?
4743,Frontend,Frontend / Next.js Performance Testing Security,Middle,Как Pages Router влияет на производительность?
4744,Frontend,Frontend / Next.js Performance Testing Security,Middle,Как проверить server actions в production?
4745,Frontend,Frontend / Next.js Performance Testing Security,Middle,Какие риски безопасности связаны с middleware?
4746,Frontend,Frontend / Next.js Performance Testing Security,Middle,Как мониторить route handlers?
4747,Frontend,Frontend / Next.js Performance Testing Security,Middle,Как протестировать streaming?
4748,Frontend,Frontend / Next.js Performance Testing Security,Middle,Какие trade-off есть у hydration mismatch?
4749,Frontend,Frontend / Next.js Performance Testing Security,Middle,Как применить code splitting в SSR-приложении?
4750,Frontend,Frontend / Next.js Performance Testing Security,Middle,Как диагностировать проблему с tree shaking?
4751,Frontend,Frontend / Next.js Performance Testing Security,Senior,Что такое bundle analysis?
4752,Frontend,Frontend / Next.js Performance Testing Security,Senior,Как настроить Core Web Vitals?
4753,Frontend,Frontend / Next.js Performance Testing Security,Senior,Как LCP влияет на производительность?
4754,Frontend,Frontend / Next.js Performance Testing Security,Senior,Как проверить INP в production?
4755,Frontend,Frontend / Next.js Performance Testing Security,Senior,Какие риски безопасности связаны с CLS?
4756,Frontend,Frontend / Next.js Performance Testing Security,Senior,Как мониторить lazy loading?
4757,Frontend,Frontend / Next.js Performance Testing Security,Senior,Как протестировать image optimization?
4758,Frontend,Frontend / Next.js Performance Testing Security,Senior,Какие trade-off есть у CDN?
4759,Frontend,Frontend / Next.js Performance Testing Security,Senior,Как применить HTTP caching в SSR-приложении?
4760,Frontend,Frontend / Next.js Performance Testing Security,Senior,Как диагностировать проблему с unit testing?
4761,Frontend,Frontend / Next.js Performance Testing Security,Senior,Что такое integration testing?
4762,Frontend,Frontend / Next.js Performance Testing Security,Senior,Как настроить E2E testing?
4763,Frontend,Frontend / Next.js Performance Testing Security,Senior,Как Playwright влияет на производительность?
4764,Frontend,Frontend / Next.js Performance Testing Security,Senior,Как проверить Cypress в production?
4765,Frontend,Frontend / Next.js Performance Testing Security,Senior,Какие риски безопасности связаны с mocking?
4766,Frontend,Frontend / Next.js Performance Testing Security,Senior,Как мониторить XSS?
4767,Frontend,Frontend / Next.js Performance Testing Security,Senior,Как протестировать CSRF?
4768,Frontend,Frontend / Next.js Performance Testing Security,Senior,Какие trade-off есть у clickjacking?
4769,Frontend,Frontend / Next.js Performance Testing Security,Senior,Как применить dependency security в SSR-приложении?
4770,Frontend,Frontend / Next.js Performance Testing Security,Senior,Как диагностировать проблему с source maps?
4771,Frontend,Frontend / Next.js Performance Testing Security,Senior,Что такое error tracking?
4772,Frontend,Frontend / Next.js Performance Testing Security,Senior,Как настроить RUM?
4773,Frontend,Frontend / Next.js Performance Testing Security,Senior,Как profiling влияет на производительность?
4774,Frontend,Frontend / Next.js Performance Testing Security,Senior,Как проверить performance budgets в production?
4775,Frontend,Frontend / Next.js Performance Testing Security,Senior,Какие риски безопасности связаны с accessibility testing?
4776,Frontend,Frontend / Next.js Performance Testing Security,Senior,Как мониторить visual regression?
4777,Frontend,Frontend / Next.js Performance Testing Security,Senior,Как протестировать content security policy?
4778,Frontend,Frontend / Next.js Performance Testing Security,Senior,Какие trade-off есть у authentication?
4779,Frontend,Frontend / Next.js Performance Testing Security,Senior,Как применить authorization в SSR-приложении?
4780,Frontend,Frontend / Next.js Performance Testing Security,Senior,Как диагностировать проблему с SSR?
4781,Frontend,Frontend / Next.js Performance Testing Security,Senior,Что такое SSG?
4782,Frontend,Frontend / Next.js Performance Testing Security,Senior,Как настроить ISR?
4783,Frontend,Frontend / Next.js Performance Testing Security,Senior,Как App Router влияет на производительность?
4784,Frontend,Frontend / Next.js Performance Testing Security,Senior,Как проверить Pages Router в production?
4785,Frontend,Frontend / Next.js Performance Testing Security,Senior,Какие риски безопасности связаны с server actions?
4786,Frontend,Frontend / Next.js Performance Testing Security,Senior,Как мониторить middleware?
4787,Frontend,Frontend / Next.js Performance Testing Security,Senior,Как протестировать route handlers?
4788,Frontend,Frontend / Next.js Performance Testing Security,Senior,Какие trade-off есть у streaming?
4789,Frontend,Frontend / Next.js Performance Testing Security,Senior,Как применить hydration mismatch в SSR-приложении?
4790,Frontend,Frontend / Next.js Performance Testing Security,Senior,Как диагностировать проблему с code splitting?
4791,Frontend,Frontend / Next.js Performance Testing Security,Senior,Что такое tree shaking?
4792,Frontend,Frontend / Next.js Performance Testing Security,Senior,Как настроить bundle analysis?
4793,Frontend,Frontend / Next.js Performance Testing Security,Senior,Как Core Web Vitals влияет на производительность?
4794,Frontend,Frontend / Next.js Performance Testing Security,Senior,Как проверить LCP в production?
4795,Frontend,Frontend / Next.js Performance Testing Security,Senior,Какие риски безопасности связаны с INP?
4796,Frontend,Frontend / Next.js Performance Testing Security,Senior,Как мониторить CLS?
4797,Frontend,Frontend / Next.js Performance Testing Security,Senior,Как протестировать lazy loading?
4798,Frontend,Frontend / Next.js Performance Testing Security,Senior,Какие trade-off есть у image optimization?
4799,Frontend,Frontend / Next.js Performance Testing Security,Senior,Как применить CDN в SSR-приложении?
4800,Frontend,Frontend / Next.js Performance Testing Security,Senior,Как диагностировать проблему с HTTP caching?
4801,Frontend,Frontend / Next.js Performance Testing Security,Senior,Что такое unit testing?
4802,Frontend,Frontend / Next.js Performance Testing Security,Senior,Как настроить integration testing?
4803,Frontend,Frontend / Next.js Performance Testing Security,Senior,Как E2E testing влияет на производительность?
4804,Frontend,Frontend / Next.js Performance Testing Security,Senior,Как проверить Playwright в production?
4805,Frontend,Frontend / Next.js Performance Testing Security,Senior,Какие риски безопасности связаны с Cypress?
4806,Frontend,Frontend / Next.js Performance Testing Security,Senior,Как мониторить mocking?
4807,Frontend,Frontend / Next.js Performance Testing Security,Senior,Как протестировать XSS?
4808,Frontend,Frontend / Next.js Performance Testing Security,Senior,Какие trade-off есть у CSRF?
4809,Frontend,Frontend / Next.js Performance Testing Security,Senior,Как применить clickjacking в SSR-приложении?
4810,Frontend,Frontend / Next.js Performance Testing Security,Senior,Как диагностировать проблему с dependency security?
4811,Frontend,Frontend / Next.js Performance Testing Security,Senior,Что такое source maps?
4812,Frontend,Frontend / Next.js Performance Testing Security,Senior,Как настроить error tracking?
4813,Frontend,Frontend / Next.js Performance Testing Security,Senior,Как RUM влияет на производительность?
4814,Frontend,Frontend / Next.js Performance Testing Security,Senior,Как проверить profiling в production?
4815,Frontend,Frontend / Next.js Performance Testing Security,Senior,Какие риски безопасности связаны с performance budgets?
4816,Frontend,Frontend / Next.js Performance Testing Security,Senior,Как мониторить accessibility testing?
4817,Frontend,Frontend / Next.js Performance Testing Security,Senior,Как протестировать visual regression?
4818,Frontend,Frontend / Next.js Performance Testing Security,Senior,Какие trade-off есть у content security policy?
4819,Frontend,Frontend / Next.js Performance Testing Security,Senior,Как применить authentication в SSR-приложении?
4820,Frontend,Frontend / Next.js Performance Testing Security,Senior,Как диагностировать проблему с authorization?
4821,Frontend,Frontend / Next.js Performance Testing Security,Senior,Что такое SSR?
4822,Frontend,Frontend / Next.js Performance Testing Security,Senior,Как настроить SSG?
4823,Frontend,Frontend / Next.js Performance Testing Security,Senior,Как ISR влияет на производительность?
4824,Frontend,Frontend / Next.js Performance Testing Security,Senior,Как проверить App Router в production?
4825,Frontend,Frontend / Next.js Performance Testing Security,Senior,Какие риски безопасности связаны с Pages Router?
4826,Frontend,Frontend / Next.js Performance Testing Security,Senior,Как мониторить server actions?
4827,Frontend,Frontend / Next.js Performance Testing Security,Senior,Как протестировать middleware?
4828,Frontend,Frontend / Next.js Performance Testing Security,Senior,Какие trade-off есть у route handlers?
4829,Frontend,Frontend / Next.js Performance Testing Security,Senior,Как применить streaming в SSR-приложении?
4830,Frontend,Frontend / Next.js Performance Testing Security,Senior,Как диагностировать проблему с hydration mismatch?
4831,Frontend,Frontend / Next.js Performance Testing Security,Senior,Что такое code splitting?
4832,Frontend,Frontend / Next.js Performance Testing Security,Senior,Как настроить tree shaking?
4833,Frontend,Frontend / Next.js Performance Testing Security,Senior,Как bundle analysis влияет на производительность?
4834,Frontend,Frontend / Next.js Performance Testing Security,Senior,Как проверить Core Web Vitals в production?
4835,Frontend,Frontend / Next.js Performance Testing Security,Senior,Какие риски безопасности связаны с LCP?
4836,Frontend,Frontend / Next.js Performance Testing Security,Senior,Как мониторить INP?
4837,Frontend,Frontend / Next.js Performance Testing Security,Senior,Как протестировать CLS?
4838,Frontend,Frontend / Next.js Performance Testing Security,Senior,Какие trade-off есть у lazy loading?
4839,Frontend,Frontend / Next.js Performance Testing Security,Senior,Как применить image optimization в SSR-приложении?
4840,Frontend,Frontend / Next.js Performance Testing Security,Senior,Как диагностировать проблему с CDN?
4841,Frontend,Frontend / Next.js Performance Testing Security,Senior,Что такое HTTP caching?
4842,Frontend,Frontend / Next.js Performance Testing Security,Senior,Как настроить unit testing?
4843,Frontend,Frontend / Next.js Performance Testing Security,Senior,Как integration testing влияет на производительность?
4844,Frontend,Frontend / Next.js Performance Testing Security,Senior,Как проверить E2E testing в production?
4845,Frontend,Frontend / Next.js Performance Testing Security,Senior,Какие риски безопасности связаны с Playwright?
4846,Frontend,Frontend / Next.js Performance Testing Security,Senior,Как мониторить Cypress?
4847,Frontend,Frontend / Next.js Performance Testing Security,Senior,Как протестировать mocking?
4848,Frontend,Frontend / Next.js Performance Testing Security,Senior,Какие trade-off есть у XSS?
4849,Frontend,Frontend / Next.js Performance Testing Security,Senior,Как применить CSRF в SSR-приложении?
4850,Frontend,Frontend / Next.js Performance Testing Security,Senior,Как диагностировать проблему с clickjacking?
4851,Frontend,Frontend / Next.js Performance Testing Security,Senior,Что такое dependency security?
4852,Frontend,Frontend / Next.js Performance Testing Security,Senior,Как настроить source maps?
4853,Frontend,Frontend / Next.js Performance Testing Security,Senior,Как error tracking влияет на производительность?
4854,Frontend,Frontend / Next.js Performance Testing Security,Senior,Как проверить RUM в production?
4855,Frontend,Frontend / Next.js Performance Testing Security,Senior,Какие риски безопасности связаны с profiling?
4856,Frontend,Frontend / Next.js Performance Testing Security,Senior,Как мониторить performance budgets?
4857,Frontend,Frontend / Next.js Performance Testing Security,Senior,Как протестировать accessibility testing?
4858,Frontend,Frontend / Next.js Performance Testing Security,Senior,Какие trade-off есть у visual regression?
4859,Frontend,Frontend / Next.js Performance Testing Security,Senior,Как применить content security policy в SSR-приложении?
4860,Frontend,Frontend / Next.js Performance Testing Security,Senior,Как диагностировать проблему с authentication?
4861,Frontend,Frontend / Next.js Performance Testing Security,Senior,Что такое authorization?
4862,Frontend,Frontend / Next.js Performance Testing Security,Senior,Как настроить SSR?
4863,Frontend,Frontend / Next.js Performance Testing Security,Senior,Как SSG влияет на производительность?
4864,Frontend,Frontend / Next.js Performance Testing Security,Senior,Как проверить ISR в production?
4865,Frontend,Frontend / Next.js Performance Testing Security,Senior,Какие риски безопасности связаны с App Router?
4866,Frontend,Frontend / Next.js Performance Testing Security,Senior,Как мониторить Pages Router?
4867,Frontend,Frontend / Next.js Performance Testing Security,Senior,Как протестировать server actions?
4868,Frontend,Frontend / Next.js Performance Testing Security,Senior,Какие trade-off есть у middleware?
4869,Frontend,Frontend / Next.js Performance Testing Security,Senior,Как применить route handlers в SSR-приложении?
4870,Frontend,Frontend / Next.js Performance Testing Security,Senior,Как диагностировать проблему с streaming?
4871,Frontend,Frontend / Next.js Performance Testing Security,Senior,Что такое hydration mismatch?
4872,Frontend,Frontend / Next.js Performance Testing Security,Senior,Как настроить code splitting?
4873,Frontend,Frontend / Next.js Performance Testing Security,Senior,Как tree shaking влияет на производительность?
4874,Frontend,Frontend / Next.js Performance Testing Security,Senior,Как проверить bundle analysis в production?
4875,Frontend,Frontend / Next.js Performance Testing Security,Senior,Какие риски безопасности связаны с Core Web Vitals?
4876,Frontend,Frontend / Next.js Performance Testing Security,Senior,Как мониторить LCP?
4877,Frontend,Frontend / Next.js Performance Testing Security,Senior,Как протестировать INP?
4878,Frontend,Frontend / Next.js Performance Testing Security,Senior,Какие trade-off есть у CLS?
4879,Frontend,Frontend / Next.js Performance Testing Security,Senior,Как применить lazy loading в SSR-приложении?
4880,Frontend,Frontend / Next.js Performance Testing Security,Senior,Как диагностировать проблему с image optimization?
4881,Frontend,Frontend / Next.js Performance Testing Security,Senior,Что такое CDN?
4882,Frontend,Frontend / Next.js Performance Testing Security,Senior,Как настроить HTTP caching?
4883,Frontend,Frontend / Next.js Performance Testing Security,Senior,Как unit testing влияет на производительность?
4884,Frontend,Frontend / Next.js Performance Testing Security,Senior,Как проверить integration testing в production?
4885,Frontend,Frontend / Next.js Performance Testing Security,Senior,Какие риски безопасности связаны с E2E testing?
4886,Frontend,Frontend / Next.js Performance Testing Security,Senior,Как мониторить Playwright?
4887,Frontend,Frontend / Next.js Performance Testing Security,Senior,Как протестировать Cypress?
4888,Frontend,Frontend / Next.js Performance Testing Security,Senior,Какие trade-off есть у mocking?
4889,Frontend,Frontend / Next.js Performance Testing Security,Senior,Как применить XSS в SSR-приложении?
4890,Frontend,Frontend / Next.js Performance Testing Security,Senior,Как диагностировать проблему с CSRF?
4891,Frontend,Frontend / Next.js Performance Testing Security,Senior,Что такое clickjacking?
4892,Frontend,Frontend / Next.js Performance Testing Security,Senior,Как настроить dependency security?
4893,Frontend,Frontend / Next.js Performance Testing Security,Senior,Как source maps влияет на производительность?
4894,Frontend,Frontend / Next.js Performance Testing Security,Senior,Как проверить error tracking в production?
4895,Frontend,Frontend / Next.js Performance Testing Security,Senior,Какие риски безопасности связаны с RUM?
4896,Frontend,Frontend / Next.js Performance Testing Security,Senior,Как мониторить profiling?
4897,Frontend,Frontend / Next.js Performance Testing Security,Senior,Как протестировать performance budgets?
4898,Frontend,Frontend / Next.js Performance Testing Security,Senior,Какие trade-off есть у accessibility testing?
4899,Frontend,Frontend / Next.js Performance Testing Security,Senior,Как применить visual regression в SSR-приложении?
4900,Frontend,Frontend / Next.js Performance Testing Security,Senior,Как диагностировать проблему с content security policy?
4901,Frontend,Frontend / Next.js Performance Testing Security,Senior,Что такое authentication?
4902,Frontend,Frontend / Next.js Performance Testing Security,Senior,Как настроить authorization?
4903,Frontend,Frontend / Next.js Performance Testing Security,Senior,Как SSR влияет на производительность?
4904,Frontend,Frontend / Next.js Performance Testing Security,Senior,Как проверить SSG в production?
4905,Frontend,Frontend / Next.js Performance Testing Security,Senior,Какие риски безопасности связаны с ISR?
4906,Frontend,Frontend / Next.js Performance Testing Security,Senior,Как мониторить App Router?
4907,Frontend,Frontend / Next.js Performance Testing Security,Senior,Как протестировать Pages Router?
4908,Frontend,Frontend / Next.js Performance Testing Security,Senior,Какие trade-off есть у server actions?
4909,Frontend,Frontend / Next.js Performance Testing Security,Senior,Как применить middleware в SSR-приложении?
4910,Frontend,Frontend / Next.js Performance Testing Security,Senior,Как диагностировать проблему с route handlers?
4911,Frontend,Frontend / Next.js Performance Testing Security,Senior,Что такое streaming?
4912,Frontend,Frontend / Next.js Performance Testing Security,Senior,Как настроить hydration mismatch?
4913,Frontend,Frontend / Next.js Performance Testing Security,Senior,Как code splitting влияет на производительность?
4914,Frontend,Frontend / Next.js Performance Testing Security,Senior,Как проверить tree shaking в production?
4915,Frontend,Frontend / Next.js Performance Testing Security,Senior,Какие риски безопасности связаны с bundle analysis?
4916,Frontend,Frontend / Next.js Performance Testing Security,Senior,Как мониторить Core Web Vitals?
4917,Frontend,Frontend / Next.js Performance Testing Security,Senior,Как протестировать LCP?
4918,Frontend,Frontend / Next.js Performance Testing Security,Senior,Какие trade-off есть у INP?
4919,Frontend,Frontend / Next.js Performance Testing Security,Senior,Как применить CLS в SSR-приложении?
4920,Frontend,Frontend / Next.js Performance Testing Security,Senior,Как диагностировать проблему с lazy loading?
4921,Frontend,Frontend / Next.js Performance Testing Security,Senior,Что такое image optimization?
4922,Frontend,Frontend / Next.js Performance Testing Security,Senior,Как настроить CDN?
4923,Frontend,Frontend / Next.js Performance Testing Security,Senior,Как HTTP caching влияет на производительность?
4924,Frontend,Frontend / Next.js Performance Testing Security,Senior,Как проверить unit testing в production?
4925,Frontend,Frontend / Next.js Performance Testing Security,Senior,Какие риски безопасности связаны с integration testing?
4926,Frontend,Frontend / Next.js Performance Testing Security,Senior,Как мониторить E2E testing?
4927,Frontend,Frontend / Next.js Performance Testing Security,Senior,Как протестировать Playwright?
4928,Frontend,Frontend / Next.js Performance Testing Security,Senior,Какие trade-off есть у Cypress?
4929,Frontend,Frontend / Next.js Performance Testing Security,Senior,Как применить mocking в SSR-приложении?
4930,Frontend,Frontend / Next.js Performance Testing Security,Senior,Как диагностировать проблему с XSS?
4931,Frontend,Frontend / Next.js Performance Testing Security,Senior,Что такое CSRF?
4932,Frontend,Frontend / Next.js Performance Testing Security,Senior,Как настроить clickjacking?
4933,Frontend,Frontend / Next.js Performance Testing Security,Senior,Как dependency security влияет на производительность?
4934,Frontend,Frontend / Next.js Performance Testing Security,Senior,Как проверить source maps в production?
4935,Frontend,Frontend / Next.js Performance Testing Security,Senior,Какие риски безопасности связаны с error tracking?
4936,Frontend,Frontend / Next.js Performance Testing Security,Senior,Как мониторить RUM?
4937,Frontend,Frontend / Next.js Performance Testing Security,Senior,Как протестировать profiling?
4938,Frontend,Frontend / Next.js Performance Testing Security,Senior,Какие trade-off есть у performance budgets?
4939,Frontend,Frontend / Next.js Performance Testing Security,Senior,Как применить accessibility testing в SSR-приложении?
4940,Frontend,Frontend / Next.js Performance Testing Security,Senior,Как диагностировать проблему с visual regression?
4941,Frontend,Frontend / Next.js Performance Testing Security,Senior,Что такое content security policy?
4942,Frontend,Frontend / Next.js Performance Testing Security,Senior,Как настроить authentication?
4943,Frontend,Frontend / Next.js Performance Testing Security,Senior,Как authorization влияет на производительность?
4944,Frontend,Frontend / Next.js Performance Testing Security,Senior,Как проверить SSR в production?
4945,Frontend,Frontend / Next.js Performance Testing Security,Senior,Какие риски безопасности связаны с SSG?
4946,Frontend,Frontend / Next.js Performance Testing Security,Senior,Как мониторить ISR?
4947,Frontend,Frontend / Next.js Performance Testing Security,Senior,Как протестировать App Router?
4948,Frontend,Frontend / Next.js Performance Testing Security,Senior,Какие trade-off есть у Pages Router?
4949,Frontend,Frontend / Next.js Performance Testing Security,Senior,Как применить server actions в SSR-приложении?
4950,Frontend,Frontend / Next.js Performance Testing Security,Senior,Как диагностировать проблему с middleware?
4951,Frontend,Frontend / Next.js Performance Testing Security,Senior,Что такое route handlers?
4952,Frontend,Frontend / Next.js Performance Testing Security,Senior,Как настроить streaming?
4953,Frontend,Frontend / Next.js Performance Testing Security,Senior,Как hydration mismatch влияет на производительность?
4954,Frontend,Frontend / Next.js Performance Testing Security,Senior,Как проверить code splitting в production?
4955,Frontend,Frontend / Next.js Performance Testing Security,Senior,Какие риски безопасности связаны с tree shaking?
4956,Frontend,Frontend / Next.js Performance Testing Security,Senior,Как мониторить bundle analysis?
4957,Frontend,Frontend / Next.js Performance Testing Security,Senior,Как протестировать Core Web Vitals?
4958,Frontend,Frontend / Next.js Performance Testing Security,Senior,Какие trade-off есть у LCP?
4959,Frontend,Frontend / Next.js Performance Testing Security,Senior,Как применить INP в SSR-приложении?
4960,Frontend,Frontend / Next.js Performance Testing Security,Senior,Как диагностировать проблему с CLS?
4961,Frontend,Frontend / Next.js Performance Testing Security,Senior,Что такое lazy loading?
4962,Frontend,Frontend / Next.js Performance Testing Security,Senior,Как настроить image optimization?
4963,Frontend,Frontend / Next.js Performance Testing Security,Senior,Как CDN влияет на производительность?
4964,Frontend,Frontend / Next.js Performance Testing Security,Senior,Как проверить HTTP caching в production?
4965,Frontend,Frontend / Next.js Performance Testing Security,Senior,Какие риски безопасности связаны с unit testing?
4966,Frontend,Frontend / Next.js Performance Testing Security,Senior,Как мониторить integration testing?
4967,Frontend,Frontend / Next.js Performance Testing Security,Senior,Как протестировать E2E testing?
4968,Frontend,Frontend / Next.js Performance Testing Security,Senior,Какие trade-off есть у Playwright?
4969,Frontend,Frontend / Next.js Performance Testing Security,Senior,Как применить Cypress в SSR-приложении?
4970,Frontend,Frontend / Next.js Performance Testing Security,Senior,Как диагностировать проблему с mocking?
4971,Frontend,Frontend / Next.js Performance Testing Security,Senior,Что такое XSS?
4972,Frontend,Frontend / Next.js Performance Testing Security,Senior,Как настроить CSRF?
4973,Frontend,Frontend / Next.js Performance Testing Security,Senior,Как clickjacking влияет на производительность?
4974,Frontend,Frontend / Next.js Performance Testing Security,Senior,Как проверить dependency security в production?
4975,Frontend,Frontend / Next.js Performance Testing Security,Senior,Какие риски безопасности связаны с source maps?
4976,Frontend,Frontend / Next.js Performance Testing Security,Senior,Как мониторить error tracking?
4977,Frontend,Frontend / Next.js Performance Testing Security,Senior,Как протестировать RUM?
4978,Frontend,Frontend / Next.js Performance Testing Security,Senior,Какие trade-off есть у profiling?
4979,Frontend,Frontend / Next.js Performance Testing Security,Senior,Как применить performance budgets в SSR-приложении?
4980,Frontend,Frontend / Next.js Performance Testing Security,Senior,Как диагностировать проблему с accessibility testing?
4981,Frontend,Frontend / Next.js Performance Testing Security,Senior,Что такое visual regression?
4982,Frontend,Frontend / Next.js Performance Testing Security,Senior,Как настроить content security policy?
4983,Frontend,Frontend / Next.js Performance Testing Security,Senior,Как authentication влияет на производительность?
4984,Frontend,Frontend / Next.js Performance Testing Security,Senior,Как проверить authorization в production?
4985,Frontend,Frontend / Next.js Performance Testing Security,Senior,Какие риски безопасности связаны с SSR?
4986,Frontend,Frontend / Next.js Performance Testing Security,Senior,Как мониторить SSG?
4987,Frontend,Frontend / Next.js Performance Testing Security,Senior,Как протестировать ISR?
4988,Frontend,Frontend / Next.js Performance Testing Security,Senior,Какие trade-off есть у App Router?
4989,Frontend,Frontend / Next.js Performance Testing Security,Senior,Как применить Pages Router в SSR-приложении?
4990,Frontend,Frontend / Next.js Performance Testing Security,Senior,Как диагностировать проблему с server actions?
4991,Frontend,Frontend / Next.js Performance Testing Security,Senior,Что такое middleware?
4992,Frontend,Frontend / Next.js Performance Testing Security,Senior,Как настроить route handlers?
4993,Frontend,Frontend / Next.js Performance Testing Security,Senior,Как streaming влияет на производительность?
4994,Frontend,Frontend / Next.js Performance Testing Security,Senior,Как проверить hydration mismatch в production?
4995,Frontend,Frontend / Next.js Performance Testing Security,Senior,Какие риски безопасности связаны с code splitting?
4996,Frontend,Frontend / Next.js Performance Testing Security,Senior,Как мониторить tree shaking?
4997,Frontend,Frontend / Next.js Performance Testing Security,Senior,Как протестировать bundle analysis?
4998,Frontend,Frontend / Next.js Performance Testing Security,Senior,Какие trade-off есть у Core Web Vitals?
4999,Frontend,Frontend / Next.js Performance Testing Security,Senior,Как применить LCP в SSR-приложении?
5000,Frontend,Frontend / Next.js Performance Testing Security,Senior,Как диагностировать проблему с INP?
5001,Backend,Backend / Node.js API,Junior,Как работает event loop в Node.js?
5002,Backend,Backend / Node.js API,Junior,Когда использовать libuv?
5003,Backend,Backend / Node.js API,Junior,Какие ошибки бывают при использовании streams?
5004,Backend,Backend / Node.js API,Junior,Как протестировать backpressure?
5005,Backend,Backend / Node.js API,Junior,Как оптимизировать buffers?
5006,Backend,Backend / Node.js API,Junior,Как worker threads ведёт себя под нагрузкой?
5007,Backend,Backend / Node.js API,Junior,Как безопасно использовать child processes?
5008,Backend,Backend / Node.js API,Junior,Сравните cluster с альтернативой.
5009,Backend,Backend / Node.js API,Junior,Как отлаживать graceful shutdown в production?
5010,Backend,Backend / Node.js API,Junior,Приведите пример реализации middleware.
5011,Backend,Backend / Node.js API,Junior,Как работает routing в Node.js?
5012,Backend,Backend / Node.js API,Junior,Когда использовать validation?
5013,Backend,Backend / Node.js API,Junior,Какие ошибки бывают при использовании serialization?
5014,Backend,Backend / Node.js API,Junior,Как протестировать logging?
5015,Backend,Backend / Node.js API,Junior,Как оптимизировать configuration?
5016,Backend,Backend / Node.js API,Junior,Как environment variables ведёт себя под нагрузкой?
5017,Backend,Backend / Node.js API,Junior,Как безопасно использовать health checks?
5018,Backend,Backend / Node.js API,Junior,Сравните REST с альтернативой.
5019,Backend,Backend / Node.js API,Junior,Как отлаживать HTTP methods в production?
5020,Backend,Backend / Node.js API,Junior,Приведите пример реализации status codes.
5021,Backend,Backend / Node.js API,Junior,Как работает idempotency в Node.js?
5022,Backend,Backend / Node.js API,Junior,Когда использовать pagination?
5023,Backend,Backend / Node.js API,Junior,Какие ошибки бывают при использовании filtering?
5024,Backend,Backend / Node.js API,Junior,Как протестировать sorting?
5025,Backend,Backend / Node.js API,Junior,Как оптимизировать versioning?
5026,Backend,Backend / Node.js API,Junior,Как OpenAPI ведёт себя под нагрузкой?
5027,Backend,Backend / Node.js API,Junior,Как безопасно использовать GraphQL?
5028,Backend,Backend / Node.js API,Junior,Сравните gRPC с альтернативой.
5029,Backend,Backend / Node.js API,Junior,Как отлаживать WebSockets в production?
5030,Backend,Backend / Node.js API,Junior,Приведите пример реализации SSE.
5031,Backend,Backend / Node.js API,Junior,Как работает webhooks в Node.js?
5032,Backend,Backend / Node.js API,Junior,Когда использовать file uploads?
5033,Backend,Backend / Node.js API,Junior,Какие ошибки бывают при использовании rate limiting?
5034,Backend,Backend / Node.js API,Junior,Как протестировать retries?
5035,Backend,Backend / Node.js API,Junior,Как оптимизировать timeouts?
5036,Backend,Backend / Node.js API,Junior,Как circuit breaker ведёт себя под нагрузкой?
5037,Backend,Backend / Node.js API,Junior,Как безопасно использовать request tracing?
5038,Backend,Backend / Node.js API,Junior,Сравните error handling с альтернативой.
5039,Backend,Backend / Node.js API,Junior,Как отлаживать API gateways в production?
5040,Backend,Backend / Node.js API,Junior,Приведите пример реализации BFF.
5041,Backend,Backend / Node.js API,Junior,Как работает event loop в Node.js?
5042,Backend,Backend / Node.js API,Junior,Когда использовать libuv?
5043,Backend,Backend / Node.js API,Junior,Какие ошибки бывают при использовании streams?
5044,Backend,Backend / Node.js API,Junior,Как протестировать backpressure?
5045,Backend,Backend / Node.js API,Junior,Как оптимизировать buffers?
5046,Backend,Backend / Node.js API,Junior,Как worker threads ведёт себя под нагрузкой?
5047,Backend,Backend / Node.js API,Junior,Как безопасно использовать child processes?
5048,Backend,Backend / Node.js API,Junior,Сравните cluster с альтернативой.
5049,Backend,Backend / Node.js API,Junior,Как отлаживать graceful shutdown в production?
5050,Backend,Backend / Node.js API,Junior,Приведите пример реализации middleware.
5051,Backend,Backend / Node.js API,Junior,Как работает routing в Node.js?
5052,Backend,Backend / Node.js API,Junior,Когда использовать validation?
5053,Backend,Backend / Node.js API,Junior,Какие ошибки бывают при использовании serialization?
5054,Backend,Backend / Node.js API,Junior,Как протестировать logging?
5055,Backend,Backend / Node.js API,Junior,Как оптимизировать configuration?
5056,Backend,Backend / Node.js API,Junior,Как environment variables ведёт себя под нагрузкой?
5057,Backend,Backend / Node.js API,Junior,Как безопасно использовать health checks?
5058,Backend,Backend / Node.js API,Junior,Сравните REST с альтернативой.
5059,Backend,Backend / Node.js API,Junior,Как отлаживать HTTP methods в production?
5060,Backend,Backend / Node.js API,Junior,Приведите пример реализации status codes.
5061,Backend,Backend / Node.js API,Junior,Как работает idempotency в Node.js?
5062,Backend,Backend / Node.js API,Junior,Когда использовать pagination?
5063,Backend,Backend / Node.js API,Junior,Какие ошибки бывают при использовании filtering?
5064,Backend,Backend / Node.js API,Junior,Как протестировать sorting?
5065,Backend,Backend / Node.js API,Junior,Как оптимизировать versioning?
5066,Backend,Backend / Node.js API,Junior,Как OpenAPI ведёт себя под нагрузкой?
5067,Backend,Backend / Node.js API,Junior,Как безопасно использовать GraphQL?
5068,Backend,Backend / Node.js API,Junior,Сравните gRPC с альтернативой.
5069,Backend,Backend / Node.js API,Junior,Как отлаживать WebSockets в production?
5070,Backend,Backend / Node.js API,Junior,Приведите пример реализации SSE.
5071,Backend,Backend / Node.js API,Junior,Как работает webhooks в Node.js?
5072,Backend,Backend / Node.js API,Junior,Когда использовать file uploads?
5073,Backend,Backend / Node.js API,Junior,Какие ошибки бывают при использовании rate limiting?
5074,Backend,Backend / Node.js API,Junior,Как протестировать retries?
5075,Backend,Backend / Node.js API,Junior,Как оптимизировать timeouts?
5076,Backend,Backend / Node.js API,Junior,Как circuit breaker ведёт себя под нагрузкой?
5077,Backend,Backend / Node.js API,Junior,Как безопасно использовать request tracing?
5078,Backend,Backend / Node.js API,Junior,Сравните error handling с альтернативой.
5079,Backend,Backend / Node.js API,Junior,Как отлаживать API gateways в production?
5080,Backend,Backend / Node.js API,Junior,Приведите пример реализации BFF.
5081,Backend,Backend / Node.js API,Junior,Как работает event loop в Node.js?
5082,Backend,Backend / Node.js API,Junior,Когда использовать libuv?
5083,Backend,Backend / Node.js API,Junior,Какие ошибки бывают при использовании streams?
5084,Backend,Backend / Node.js API,Junior,Как протестировать backpressure?
5085,Backend,Backend / Node.js API,Junior,Как оптимизировать buffers?
5086,Backend,Backend / Node.js API,Junior,Как worker threads ведёт себя под нагрузкой?
5087,Backend,Backend / Node.js API,Junior,Как безопасно использовать child processes?
5088,Backend,Backend / Node.js API,Junior,Сравните cluster с альтернативой.
5089,Backend,Backend / Node.js API,Junior,Как отлаживать graceful shutdown в production?
5090,Backend,Backend / Node.js API,Junior,Приведите пример реализации middleware.
5091,Backend,Backend / Node.js API,Junior,Как работает routing в Node.js?
5092,Backend,Backend / Node.js API,Junior,Когда использовать validation?
5093,Backend,Backend / Node.js API,Junior,Какие ошибки бывают при использовании serialization?
5094,Backend,Backend / Node.js API,Junior,Как протестировать logging?
5095,Backend,Backend / Node.js API,Junior,Как оптимизировать configuration?
5096,Backend,Backend / Node.js API,Junior,Как environment variables ведёт себя под нагрузкой?
5097,Backend,Backend / Node.js API,Junior,Как безопасно использовать health checks?
5098,Backend,Backend / Node.js API,Junior,Сравните REST с альтернативой.
5099,Backend,Backend / Node.js API,Junior,Как отлаживать HTTP methods в production?
5100,Backend,Backend / Node.js API,Junior,Приведите пример реализации status codes.
5101,Backend,Backend / Node.js API,Junior,Как работает idempotency в Node.js?
5102,Backend,Backend / Node.js API,Junior,Когда использовать pagination?
5103,Backend,Backend / Node.js API,Junior,Какие ошибки бывают при использовании filtering?
5104,Backend,Backend / Node.js API,Junior,Как протестировать sorting?
5105,Backend,Backend / Node.js API,Junior,Как оптимизировать versioning?
5106,Backend,Backend / Node.js API,Junior,Как OpenAPI ведёт себя под нагрузкой?
5107,Backend,Backend / Node.js API,Junior,Как безопасно использовать GraphQL?
5108,Backend,Backend / Node.js API,Junior,Сравните gRPC с альтернативой.
5109,Backend,Backend / Node.js API,Junior,Как отлаживать WebSockets в production?
5110,Backend,Backend / Node.js API,Junior,Приведите пример реализации SSE.
5111,Backend,Backend / Node.js API,Junior,Как работает webhooks в Node.js?
5112,Backend,Backend / Node.js API,Junior,Когда использовать file uploads?
5113,Backend,Backend / Node.js API,Junior,Какие ошибки бывают при использовании rate limiting?
5114,Backend,Backend / Node.js API,Junior,Как протестировать retries?
5115,Backend,Backend / Node.js API,Junior,Как оптимизировать timeouts?
5116,Backend,Backend / Node.js API,Junior,Как circuit breaker ведёт себя под нагрузкой?
5117,Backend,Backend / Node.js API,Junior,Как безопасно использовать request tracing?
5118,Backend,Backend / Node.js API,Junior,Сравните error handling с альтернативой.
5119,Backend,Backend / Node.js API,Junior,Как отлаживать API gateways в production?
5120,Backend,Backend / Node.js API,Junior,Приведите пример реализации BFF.
5121,Backend,Backend / Node.js API,Junior,Как работает event loop в Node.js?
5122,Backend,Backend / Node.js API,Junior,Когда использовать libuv?
5123,Backend,Backend / Node.js API,Junior,Какие ошибки бывают при использовании streams?
5124,Backend,Backend / Node.js API,Junior,Как протестировать backpressure?
5125,Backend,Backend / Node.js API,Junior,Как оптимизировать buffers?
5126,Backend,Backend / Node.js API,Junior,Как worker threads ведёт себя под нагрузкой?
5127,Backend,Backend / Node.js API,Junior,Как безопасно использовать child processes?
5128,Backend,Backend / Node.js API,Junior,Сравните cluster с альтернативой.
5129,Backend,Backend / Node.js API,Junior,Как отлаживать graceful shutdown в production?
5130,Backend,Backend / Node.js API,Junior,Приведите пример реализации middleware.
5131,Backend,Backend / Node.js API,Junior,Как работает routing в Node.js?
5132,Backend,Backend / Node.js API,Junior,Когда использовать validation?
5133,Backend,Backend / Node.js API,Junior,Какие ошибки бывают при использовании serialization?
5134,Backend,Backend / Node.js API,Junior,Как протестировать logging?
5135,Backend,Backend / Node.js API,Junior,Как оптимизировать configuration?
5136,Backend,Backend / Node.js API,Junior,Как environment variables ведёт себя под нагрузкой?
5137,Backend,Backend / Node.js API,Junior,Как безопасно использовать health checks?
5138,Backend,Backend / Node.js API,Junior,Сравните REST с альтернативой.
5139,Backend,Backend / Node.js API,Junior,Как отлаживать HTTP methods в production?
5140,Backend,Backend / Node.js API,Junior,Приведите пример реализации status codes.
5141,Backend,Backend / Node.js API,Junior,Как работает idempotency в Node.js?
5142,Backend,Backend / Node.js API,Junior,Когда использовать pagination?
5143,Backend,Backend / Node.js API,Junior,Какие ошибки бывают при использовании filtering?
5144,Backend,Backend / Node.js API,Junior,Как протестировать sorting?
5145,Backend,Backend / Node.js API,Junior,Как оптимизировать versioning?
5146,Backend,Backend / Node.js API,Junior,Как OpenAPI ведёт себя под нагрузкой?
5147,Backend,Backend / Node.js API,Junior,Как безопасно использовать GraphQL?
5148,Backend,Backend / Node.js API,Junior,Сравните gRPC с альтернативой.
5149,Backend,Backend / Node.js API,Junior,Как отлаживать WebSockets в production?
5150,Backend,Backend / Node.js API,Junior,Приведите пример реализации SSE.
5151,Backend,Backend / Node.js API,Junior,Как работает webhooks в Node.js?
5152,Backend,Backend / Node.js API,Junior,Когда использовать file uploads?
5153,Backend,Backend / Node.js API,Junior,Какие ошибки бывают при использовании rate limiting?
5154,Backend,Backend / Node.js API,Junior,Как протестировать retries?
5155,Backend,Backend / Node.js API,Junior,Как оптимизировать timeouts?
5156,Backend,Backend / Node.js API,Junior,Как circuit breaker ведёт себя под нагрузкой?
5157,Backend,Backend / Node.js API,Junior,Как безопасно использовать request tracing?
5158,Backend,Backend / Node.js API,Junior,Сравните error handling с альтернативой.
5159,Backend,Backend / Node.js API,Junior,Как отлаживать API gateways в production?
5160,Backend,Backend / Node.js API,Junior,Приведите пример реализации BFF.
5161,Backend,Backend / Node.js API,Junior,Как работает event loop в Node.js?
5162,Backend,Backend / Node.js API,Junior,Когда использовать libuv?
5163,Backend,Backend / Node.js API,Junior,Какие ошибки бывают при использовании streams?
5164,Backend,Backend / Node.js API,Junior,Как протестировать backpressure?
5165,Backend,Backend / Node.js API,Junior,Как оптимизировать buffers?
5166,Backend,Backend / Node.js API,Junior,Как worker threads ведёт себя под нагрузкой?
5167,Backend,Backend / Node.js API,Junior,Как безопасно использовать child processes?
5168,Backend,Backend / Node.js API,Junior,Сравните cluster с альтернативой.
5169,Backend,Backend / Node.js API,Junior,Как отлаживать graceful shutdown в production?
5170,Backend,Backend / Node.js API,Junior,Приведите пример реализации middleware.
5171,Backend,Backend / Node.js API,Junior,Как работает routing в Node.js?
5172,Backend,Backend / Node.js API,Junior,Когда использовать validation?
5173,Backend,Backend / Node.js API,Junior,Какие ошибки бывают при использовании serialization?
5174,Backend,Backend / Node.js API,Junior,Как протестировать logging?
5175,Backend,Backend / Node.js API,Junior,Как оптимизировать configuration?
5176,Backend,Backend / Node.js API,Junior,Как environment variables ведёт себя под нагрузкой?
5177,Backend,Backend / Node.js API,Junior,Как безопасно использовать health checks?
5178,Backend,Backend / Node.js API,Junior,Сравните REST с альтернативой.
5179,Backend,Backend / Node.js API,Junior,Как отлаживать HTTP methods в production?
5180,Backend,Backend / Node.js API,Junior,Приведите пример реализации status codes.
5181,Backend,Backend / Node.js API,Junior,Как работает idempotency в Node.js?
5182,Backend,Backend / Node.js API,Junior,Когда использовать pagination?
5183,Backend,Backend / Node.js API,Junior,Какие ошибки бывают при использовании filtering?
5184,Backend,Backend / Node.js API,Junior,Как протестировать sorting?
5185,Backend,Backend / Node.js API,Junior,Как оптимизировать versioning?
5186,Backend,Backend / Node.js API,Junior,Как OpenAPI ведёт себя под нагрузкой?
5187,Backend,Backend / Node.js API,Junior,Как безопасно использовать GraphQL?
5188,Backend,Backend / Node.js API,Junior,Сравните gRPC с альтернативой.
5189,Backend,Backend / Node.js API,Junior,Как отлаживать WebSockets в production?
5190,Backend,Backend / Node.js API,Junior,Приведите пример реализации SSE.
5191,Backend,Backend / Node.js API,Junior,Как работает webhooks в Node.js?
5192,Backend,Backend / Node.js API,Junior,Когда использовать file uploads?
5193,Backend,Backend / Node.js API,Junior,Какие ошибки бывают при использовании rate limiting?
5194,Backend,Backend / Node.js API,Junior,Как протестировать retries?
5195,Backend,Backend / Node.js API,Junior,Как оптимизировать timeouts?
5196,Backend,Backend / Node.js API,Junior,Как circuit breaker ведёт себя под нагрузкой?
5197,Backend,Backend / Node.js API,Junior,Как безопасно использовать request tracing?
5198,Backend,Backend / Node.js API,Junior,Сравните error handling с альтернативой.
5199,Backend,Backend / Node.js API,Junior,Как отлаживать API gateways в production?
5200,Backend,Backend / Node.js API,Junior,Приведите пример реализации BFF.
5201,Backend,Backend / Node.js API,Junior,Как работает event loop в Node.js?
5202,Backend,Backend / Node.js API,Junior,Когда использовать libuv?
5203,Backend,Backend / Node.js API,Junior,Какие ошибки бывают при использовании streams?
5204,Backend,Backend / Node.js API,Junior,Как протестировать backpressure?
5205,Backend,Backend / Node.js API,Junior,Как оптимизировать buffers?
5206,Backend,Backend / Node.js API,Junior,Как worker threads ведёт себя под нагрузкой?
5207,Backend,Backend / Node.js API,Junior,Как безопасно использовать child processes?
5208,Backend,Backend / Node.js API,Junior,Сравните cluster с альтернативой.
5209,Backend,Backend / Node.js API,Junior,Как отлаживать graceful shutdown в production?
5210,Backend,Backend / Node.js API,Junior,Приведите пример реализации middleware.
5211,Backend,Backend / Node.js API,Junior,Как работает routing в Node.js?
5212,Backend,Backend / Node.js API,Junior,Когда использовать validation?
5213,Backend,Backend / Node.js API,Junior,Какие ошибки бывают при использовании serialization?
5214,Backend,Backend / Node.js API,Junior,Как протестировать logging?
5215,Backend,Backend / Node.js API,Junior,Как оптимизировать configuration?
5216,Backend,Backend / Node.js API,Junior,Как environment variables ведёт себя под нагрузкой?
5217,Backend,Backend / Node.js API,Junior,Как безопасно использовать health checks?
5218,Backend,Backend / Node.js API,Junior,Сравните REST с альтернативой.
5219,Backend,Backend / Node.js API,Junior,Как отлаживать HTTP methods в production?
5220,Backend,Backend / Node.js API,Junior,Приведите пример реализации status codes.
5221,Backend,Backend / Node.js API,Junior,Как работает idempotency в Node.js?
5222,Backend,Backend / Node.js API,Junior,Когда использовать pagination?
5223,Backend,Backend / Node.js API,Junior,Какие ошибки бывают при использовании filtering?
5224,Backend,Backend / Node.js API,Junior,Как протестировать sorting?
5225,Backend,Backend / Node.js API,Junior,Как оптимизировать versioning?
5226,Backend,Backend / Node.js API,Junior,Как OpenAPI ведёт себя под нагрузкой?
5227,Backend,Backend / Node.js API,Junior,Как безопасно использовать GraphQL?
5228,Backend,Backend / Node.js API,Junior,Сравните gRPC с альтернативой.
5229,Backend,Backend / Node.js API,Junior,Как отлаживать WebSockets в production?
5230,Backend,Backend / Node.js API,Junior,Приведите пример реализации SSE.
5231,Backend,Backend / Node.js API,Junior,Как работает webhooks в Node.js?
5232,Backend,Backend / Node.js API,Junior,Когда использовать file uploads?
5233,Backend,Backend / Node.js API,Junior,Какие ошибки бывают при использовании rate limiting?
5234,Backend,Backend / Node.js API,Junior,Как протестировать retries?
5235,Backend,Backend / Node.js API,Junior,Как оптимизировать timeouts?
5236,Backend,Backend / Node.js API,Junior,Как circuit breaker ведёт себя под нагрузкой?
5237,Backend,Backend / Node.js API,Junior,Как безопасно использовать request tracing?
5238,Backend,Backend / Node.js API,Junior,Сравните error handling с альтернативой.
5239,Backend,Backend / Node.js API,Junior,Как отлаживать API gateways в production?
5240,Backend,Backend / Node.js API,Junior,Приведите пример реализации BFF.
5241,Backend,Backend / Node.js API,Junior,Как работает event loop в Node.js?
5242,Backend,Backend / Node.js API,Junior,Когда использовать libuv?
5243,Backend,Backend / Node.js API,Junior,Какие ошибки бывают при использовании streams?
5244,Backend,Backend / Node.js API,Junior,Как протестировать backpressure?
5245,Backend,Backend / Node.js API,Junior,Как оптимизировать buffers?
5246,Backend,Backend / Node.js API,Junior,Как worker threads ведёт себя под нагрузкой?
5247,Backend,Backend / Node.js API,Junior,Как безопасно использовать child processes?
5248,Backend,Backend / Node.js API,Junior,Сравните cluster с альтернативой.
5249,Backend,Backend / Node.js API,Junior,Как отлаживать graceful shutdown в production?
5250,Backend,Backend / Node.js API,Junior,Приведите пример реализации middleware.
5251,Backend,Backend / Node.js API,Junior,Как работает routing в Node.js?
5252,Backend,Backend / Node.js API,Junior,Когда использовать validation?
5253,Backend,Backend / Node.js API,Junior,Какие ошибки бывают при использовании serialization?
5254,Backend,Backend / Node.js API,Junior,Как протестировать logging?
5255,Backend,Backend / Node.js API,Junior,Как оптимизировать configuration?
5256,Backend,Backend / Node.js API,Junior,Как environment variables ведёт себя под нагрузкой?
5257,Backend,Backend / Node.js API,Junior,Как безопасно использовать health checks?
5258,Backend,Backend / Node.js API,Junior,Сравните REST с альтернативой.
5259,Backend,Backend / Node.js API,Junior,Как отлаживать HTTP methods в production?
5260,Backend,Backend / Node.js API,Junior,Приведите пример реализации status codes.
5261,Backend,Backend / Node.js API,Junior,Как работает idempotency в Node.js?
5262,Backend,Backend / Node.js API,Junior,Когда использовать pagination?
5263,Backend,Backend / Node.js API,Junior,Какие ошибки бывают при использовании filtering?
5264,Backend,Backend / Node.js API,Junior,Как протестировать sorting?
5265,Backend,Backend / Node.js API,Junior,Как оптимизировать versioning?
5266,Backend,Backend / Node.js API,Junior,Как OpenAPI ведёт себя под нагрузкой?
5267,Backend,Backend / Node.js API,Junior,Как безопасно использовать GraphQL?
5268,Backend,Backend / Node.js API,Junior,Сравните gRPC с альтернативой.
5269,Backend,Backend / Node.js API,Junior,Как отлаживать WebSockets в production?
5270,Backend,Backend / Node.js API,Junior,Приведите пример реализации SSE.
5271,Backend,Backend / Node.js API,Junior,Как работает webhooks в Node.js?
5272,Backend,Backend / Node.js API,Junior,Когда использовать file uploads?
5273,Backend,Backend / Node.js API,Junior,Какие ошибки бывают при использовании rate limiting?
5274,Backend,Backend / Node.js API,Junior,Как протестировать retries?
5275,Backend,Backend / Node.js API,Junior,Как оптимизировать timeouts?
5276,Backend,Backend / Node.js API,Junior,Как circuit breaker ведёт себя под нагрузкой?
5277,Backend,Backend / Node.js API,Junior,Как безопасно использовать request tracing?
5278,Backend,Backend / Node.js API,Junior,Сравните error handling с альтернативой.
5279,Backend,Backend / Node.js API,Junior,Как отлаживать API gateways в production?
5280,Backend,Backend / Node.js API,Junior,Приведите пример реализации BFF.
5281,Backend,Backend / Node.js API,Junior,Как работает event loop в Node.js?
5282,Backend,Backend / Node.js API,Junior,Когда использовать libuv?
5283,Backend,Backend / Node.js API,Junior,Какие ошибки бывают при использовании streams?
5284,Backend,Backend / Node.js API,Junior,Как протестировать backpressure?
5285,Backend,Backend / Node.js API,Junior,Как оптимизировать buffers?
5286,Backend,Backend / Node.js API,Junior,Как worker threads ведёт себя под нагрузкой?
5287,Backend,Backend / Node.js API,Junior,Как безопасно использовать child processes?
5288,Backend,Backend / Node.js API,Junior,Сравните cluster с альтернативой.
5289,Backend,Backend / Node.js API,Junior,Как отлаживать graceful shutdown в production?
5290,Backend,Backend / Node.js API,Junior,Приведите пример реализации middleware.
5291,Backend,Backend / Node.js API,Junior,Как работает routing в Node.js?
5292,Backend,Backend / Node.js API,Junior,Когда использовать validation?
5293,Backend,Backend / Node.js API,Junior,Какие ошибки бывают при использовании serialization?
5294,Backend,Backend / Node.js API,Junior,Как протестировать logging?
5295,Backend,Backend / Node.js API,Junior,Как оптимизировать configuration?
5296,Backend,Backend / Node.js API,Junior,Как environment variables ведёт себя под нагрузкой?
5297,Backend,Backend / Node.js API,Junior,Как безопасно использовать health checks?
5298,Backend,Backend / Node.js API,Junior,Сравните REST с альтернативой.
5299,Backend,Backend / Node.js API,Junior,Как отлаживать HTTP methods в production?
5300,Backend,Backend / Node.js API,Junior,Приведите пример реализации status codes.
5301,Backend,Backend / Node.js API,Middle,Как работает idempotency в Node.js?
5302,Backend,Backend / Node.js API,Middle,Когда использовать pagination?
5303,Backend,Backend / Node.js API,Middle,Какие ошибки бывают при использовании filtering?
5304,Backend,Backend / Node.js API,Middle,Как протестировать sorting?
5305,Backend,Backend / Node.js API,Middle,Как оптимизировать versioning?
5306,Backend,Backend / Node.js API,Middle,Как OpenAPI ведёт себя под нагрузкой?
5307,Backend,Backend / Node.js API,Middle,Как безопасно использовать GraphQL?
5308,Backend,Backend / Node.js API,Middle,Сравните gRPC с альтернативой.
5309,Backend,Backend / Node.js API,Middle,Как отлаживать WebSockets в production?
5310,Backend,Backend / Node.js API,Middle,Приведите пример реализации SSE.
5311,Backend,Backend / Node.js API,Middle,Как работает webhooks в Node.js?
5312,Backend,Backend / Node.js API,Middle,Когда использовать file uploads?
5313,Backend,Backend / Node.js API,Middle,Какие ошибки бывают при использовании rate limiting?
5314,Backend,Backend / Node.js API,Middle,Как протестировать retries?
5315,Backend,Backend / Node.js API,Middle,Как оптимизировать timeouts?
5316,Backend,Backend / Node.js API,Middle,Как circuit breaker ведёт себя под нагрузкой?
5317,Backend,Backend / Node.js API,Middle,Как безопасно использовать request tracing?
5318,Backend,Backend / Node.js API,Middle,Сравните error handling с альтернативой.
5319,Backend,Backend / Node.js API,Middle,Как отлаживать API gateways в production?
5320,Backend,Backend / Node.js API,Middle,Приведите пример реализации BFF.
5321,Backend,Backend / Node.js API,Middle,Как работает event loop в Node.js?
5322,Backend,Backend / Node.js API,Middle,Когда использовать libuv?
5323,Backend,Backend / Node.js API,Middle,Какие ошибки бывают при использовании streams?
5324,Backend,Backend / Node.js API,Middle,Как протестировать backpressure?
5325,Backend,Backend / Node.js API,Middle,Как оптимизировать buffers?
5326,Backend,Backend / Node.js API,Middle,Как worker threads ведёт себя под нагрузкой?
5327,Backend,Backend / Node.js API,Middle,Как безопасно использовать child processes?
5328,Backend,Backend / Node.js API,Middle,Сравните cluster с альтернативой.
5329,Backend,Backend / Node.js API,Middle,Как отлаживать graceful shutdown в production?
5330,Backend,Backend / Node.js API,Middle,Приведите пример реализации middleware.
5331,Backend,Backend / Node.js API,Middle,Как работает routing в Node.js?
5332,Backend,Backend / Node.js API,Middle,Когда использовать validation?
5333,Backend,Backend / Node.js API,Middle,Какие ошибки бывают при использовании serialization?
5334,Backend,Backend / Node.js API,Middle,Как протестировать logging?
5335,Backend,Backend / Node.js API,Middle,Как оптимизировать configuration?
5336,Backend,Backend / Node.js API,Middle,Как environment variables ведёт себя под нагрузкой?
5337,Backend,Backend / Node.js API,Middle,Как безопасно использовать health checks?
5338,Backend,Backend / Node.js API,Middle,Сравните REST с альтернативой.
5339,Backend,Backend / Node.js API,Middle,Как отлаживать HTTP methods в production?
5340,Backend,Backend / Node.js API,Middle,Приведите пример реализации status codes.
5341,Backend,Backend / Node.js API,Middle,Как работает idempotency в Node.js?
5342,Backend,Backend / Node.js API,Middle,Когда использовать pagination?
5343,Backend,Backend / Node.js API,Middle,Какие ошибки бывают при использовании filtering?
5344,Backend,Backend / Node.js API,Middle,Как протестировать sorting?
5345,Backend,Backend / Node.js API,Middle,Как оптимизировать versioning?
5346,Backend,Backend / Node.js API,Middle,Как OpenAPI ведёт себя под нагрузкой?
5347,Backend,Backend / Node.js API,Middle,Как безопасно использовать GraphQL?
5348,Backend,Backend / Node.js API,Middle,Сравните gRPC с альтернативой.
5349,Backend,Backend / Node.js API,Middle,Как отлаживать WebSockets в production?
5350,Backend,Backend / Node.js API,Middle,Приведите пример реализации SSE.
5351,Backend,Backend / Node.js API,Middle,Как работает webhooks в Node.js?
5352,Backend,Backend / Node.js API,Middle,Когда использовать file uploads?
5353,Backend,Backend / Node.js API,Middle,Какие ошибки бывают при использовании rate limiting?
5354,Backend,Backend / Node.js API,Middle,Как протестировать retries?
5355,Backend,Backend / Node.js API,Middle,Как оптимизировать timeouts?
5356,Backend,Backend / Node.js API,Middle,Как circuit breaker ведёт себя под нагрузкой?
5357,Backend,Backend / Node.js API,Middle,Как безопасно использовать request tracing?
5358,Backend,Backend / Node.js API,Middle,Сравните error handling с альтернативой.
5359,Backend,Backend / Node.js API,Middle,Как отлаживать API gateways в production?
5360,Backend,Backend / Node.js API,Middle,Приведите пример реализации BFF.
5361,Backend,Backend / Node.js API,Middle,Как работает event loop в Node.js?
5362,Backend,Backend / Node.js API,Middle,Когда использовать libuv?
5363,Backend,Backend / Node.js API,Middle,Какие ошибки бывают при использовании streams?
5364,Backend,Backend / Node.js API,Middle,Как протестировать backpressure?
5365,Backend,Backend / Node.js API,Middle,Как оптимизировать buffers?
5366,Backend,Backend / Node.js API,Middle,Как worker threads ведёт себя под нагрузкой?
5367,Backend,Backend / Node.js API,Middle,Как безопасно использовать child processes?
5368,Backend,Backend / Node.js API,Middle,Сравните cluster с альтернативой.
5369,Backend,Backend / Node.js API,Middle,Как отлаживать graceful shutdown в production?
5370,Backend,Backend / Node.js API,Middle,Приведите пример реализации middleware.
5371,Backend,Backend / Node.js API,Middle,Как работает routing в Node.js?
5372,Backend,Backend / Node.js API,Middle,Когда использовать validation?
5373,Backend,Backend / Node.js API,Middle,Какие ошибки бывают при использовании serialization?
5374,Backend,Backend / Node.js API,Middle,Как протестировать logging?
5375,Backend,Backend / Node.js API,Middle,Как оптимизировать configuration?
5376,Backend,Backend / Node.js API,Middle,Как environment variables ведёт себя под нагрузкой?
5377,Backend,Backend / Node.js API,Middle,Как безопасно использовать health checks?
5378,Backend,Backend / Node.js API,Middle,Сравните REST с альтернативой.
5379,Backend,Backend / Node.js API,Middle,Как отлаживать HTTP methods в production?
5380,Backend,Backend / Node.js API,Middle,Приведите пример реализации status codes.
5381,Backend,Backend / Node.js API,Middle,Как работает idempotency в Node.js?
5382,Backend,Backend / Node.js API,Middle,Когда использовать pagination?
5383,Backend,Backend / Node.js API,Middle,Какие ошибки бывают при использовании filtering?
5384,Backend,Backend / Node.js API,Middle,Как протестировать sorting?
5385,Backend,Backend / Node.js API,Middle,Как оптимизировать versioning?
5386,Backend,Backend / Node.js API,Middle,Как OpenAPI ведёт себя под нагрузкой?
5387,Backend,Backend / Node.js API,Middle,Как безопасно использовать GraphQL?
5388,Backend,Backend / Node.js API,Middle,Сравните gRPC с альтернативой.
5389,Backend,Backend / Node.js API,Middle,Как отлаживать WebSockets в production?
5390,Backend,Backend / Node.js API,Middle,Приведите пример реализации SSE.
5391,Backend,Backend / Node.js API,Middle,Как работает webhooks в Node.js?
5392,Backend,Backend / Node.js API,Middle,Когда использовать file uploads?
5393,Backend,Backend / Node.js API,Middle,Какие ошибки бывают при использовании rate limiting?
5394,Backend,Backend / Node.js API,Middle,Как протестировать retries?
5395,Backend,Backend / Node.js API,Middle,Как оптимизировать timeouts?
5396,Backend,Backend / Node.js API,Middle,Как circuit breaker ведёт себя под нагрузкой?
5397,Backend,Backend / Node.js API,Middle,Как безопасно использовать request tracing?
5398,Backend,Backend / Node.js API,Middle,Сравните error handling с альтернативой.
5399,Backend,Backend / Node.js API,Middle,Как отлаживать API gateways в production?
5400,Backend,Backend / Node.js API,Middle,Приведите пример реализации BFF.
5401,Backend,Backend / Node.js API,Middle,Как работает event loop в Node.js?
5402,Backend,Backend / Node.js API,Middle,Когда использовать libuv?
5403,Backend,Backend / Node.js API,Middle,Какие ошибки бывают при использовании streams?
5404,Backend,Backend / Node.js API,Middle,Как протестировать backpressure?
5405,Backend,Backend / Node.js API,Middle,Как оптимизировать buffers?
5406,Backend,Backend / Node.js API,Middle,Как worker threads ведёт себя под нагрузкой?
5407,Backend,Backend / Node.js API,Middle,Как безопасно использовать child processes?
5408,Backend,Backend / Node.js API,Middle,Сравните cluster с альтернативой.
5409,Backend,Backend / Node.js API,Middle,Как отлаживать graceful shutdown в production?
5410,Backend,Backend / Node.js API,Middle,Приведите пример реализации middleware.
5411,Backend,Backend / Node.js API,Middle,Как работает routing в Node.js?
5412,Backend,Backend / Node.js API,Middle,Когда использовать validation?
5413,Backend,Backend / Node.js API,Middle,Какие ошибки бывают при использовании serialization?
5414,Backend,Backend / Node.js API,Middle,Как протестировать logging?
5415,Backend,Backend / Node.js API,Middle,Как оптимизировать configuration?
5416,Backend,Backend / Node.js API,Middle,Как environment variables ведёт себя под нагрузкой?
5417,Backend,Backend / Node.js API,Middle,Как безопасно использовать health checks?
5418,Backend,Backend / Node.js API,Middle,Сравните REST с альтернативой.
5419,Backend,Backend / Node.js API,Middle,Как отлаживать HTTP methods в production?
5420,Backend,Backend / Node.js API,Middle,Приведите пример реализации status codes.
5421,Backend,Backend / Node.js API,Middle,Как работает idempotency в Node.js?
5422,Backend,Backend / Node.js API,Middle,Когда использовать pagination?
5423,Backend,Backend / Node.js API,Middle,Какие ошибки бывают при использовании filtering?
5424,Backend,Backend / Node.js API,Middle,Как протестировать sorting?
5425,Backend,Backend / Node.js API,Middle,Как оптимизировать versioning?
5426,Backend,Backend / Node.js API,Middle,Как OpenAPI ведёт себя под нагрузкой?
5427,Backend,Backend / Node.js API,Middle,Как безопасно использовать GraphQL?
5428,Backend,Backend / Node.js API,Middle,Сравните gRPC с альтернативой.
5429,Backend,Backend / Node.js API,Middle,Как отлаживать WebSockets в production?
5430,Backend,Backend / Node.js API,Middle,Приведите пример реализации SSE.
5431,Backend,Backend / Node.js API,Middle,Как работает webhooks в Node.js?
5432,Backend,Backend / Node.js API,Middle,Когда использовать file uploads?
5433,Backend,Backend / Node.js API,Middle,Какие ошибки бывают при использовании rate limiting?
5434,Backend,Backend / Node.js API,Middle,Как протестировать retries?
5435,Backend,Backend / Node.js API,Middle,Как оптимизировать timeouts?
5436,Backend,Backend / Node.js API,Middle,Как circuit breaker ведёт себя под нагрузкой?
5437,Backend,Backend / Node.js API,Middle,Как безопасно использовать request tracing?
5438,Backend,Backend / Node.js API,Middle,Сравните error handling с альтернативой.
5439,Backend,Backend / Node.js API,Middle,Как отлаживать API gateways в production?
5440,Backend,Backend / Node.js API,Middle,Приведите пример реализации BFF.
5441,Backend,Backend / Node.js API,Middle,Как работает event loop в Node.js?
5442,Backend,Backend / Node.js API,Middle,Когда использовать libuv?
5443,Backend,Backend / Node.js API,Middle,Какие ошибки бывают при использовании streams?
5444,Backend,Backend / Node.js API,Middle,Как протестировать backpressure?
5445,Backend,Backend / Node.js API,Middle,Как оптимизировать buffers?
5446,Backend,Backend / Node.js API,Middle,Как worker threads ведёт себя под нагрузкой?
5447,Backend,Backend / Node.js API,Middle,Как безопасно использовать child processes?
5448,Backend,Backend / Node.js API,Middle,Сравните cluster с альтернативой.
5449,Backend,Backend / Node.js API,Middle,Как отлаживать graceful shutdown в production?
5450,Backend,Backend / Node.js API,Middle,Приведите пример реализации middleware.
5451,Backend,Backend / Node.js API,Middle,Как работает routing в Node.js?
5452,Backend,Backend / Node.js API,Middle,Когда использовать validation?
5453,Backend,Backend / Node.js API,Middle,Какие ошибки бывают при использовании serialization?
5454,Backend,Backend / Node.js API,Middle,Как протестировать logging?
5455,Backend,Backend / Node.js API,Middle,Как оптимизировать configuration?
5456,Backend,Backend / Node.js API,Middle,Как environment variables ведёт себя под нагрузкой?
5457,Backend,Backend / Node.js API,Middle,Как безопасно использовать health checks?
5458,Backend,Backend / Node.js API,Middle,Сравните REST с альтернативой.
5459,Backend,Backend / Node.js API,Middle,Как отлаживать HTTP methods в production?
5460,Backend,Backend / Node.js API,Middle,Приведите пример реализации status codes.
5461,Backend,Backend / Node.js API,Middle,Как работает idempotency в Node.js?
5462,Backend,Backend / Node.js API,Middle,Когда использовать pagination?
5463,Backend,Backend / Node.js API,Middle,Какие ошибки бывают при использовании filtering?
5464,Backend,Backend / Node.js API,Middle,Как протестировать sorting?
5465,Backend,Backend / Node.js API,Middle,Как оптимизировать versioning?
5466,Backend,Backend / Node.js API,Middle,Как OpenAPI ведёт себя под нагрузкой?
5467,Backend,Backend / Node.js API,Middle,Как безопасно использовать GraphQL?
5468,Backend,Backend / Node.js API,Middle,Сравните gRPC с альтернативой.
5469,Backend,Backend / Node.js API,Middle,Как отлаживать WebSockets в production?
5470,Backend,Backend / Node.js API,Middle,Приведите пример реализации SSE.
5471,Backend,Backend / Node.js API,Middle,Как работает webhooks в Node.js?
5472,Backend,Backend / Node.js API,Middle,Когда использовать file uploads?
5473,Backend,Backend / Node.js API,Middle,Какие ошибки бывают при использовании rate limiting?
5474,Backend,Backend / Node.js API,Middle,Как протестировать retries?
5475,Backend,Backend / Node.js API,Middle,Как оптимизировать timeouts?
5476,Backend,Backend / Node.js API,Middle,Как circuit breaker ведёт себя под нагрузкой?
5477,Backend,Backend / Node.js API,Middle,Как безопасно использовать request tracing?
5478,Backend,Backend / Node.js API,Middle,Сравните error handling с альтернативой.
5479,Backend,Backend / Node.js API,Middle,Как отлаживать API gateways в production?
5480,Backend,Backend / Node.js API,Middle,Приведите пример реализации BFF.
5481,Backend,Backend / Node.js API,Middle,Как работает event loop в Node.js?
5482,Backend,Backend / Node.js API,Middle,Когда использовать libuv?
5483,Backend,Backend / Node.js API,Middle,Какие ошибки бывают при использовании streams?
5484,Backend,Backend / Node.js API,Middle,Как протестировать backpressure?
5485,Backend,Backend / Node.js API,Middle,Как оптимизировать buffers?
5486,Backend,Backend / Node.js API,Middle,Как worker threads ведёт себя под нагрузкой?
5487,Backend,Backend / Node.js API,Middle,Как безопасно использовать child processes?
5488,Backend,Backend / Node.js API,Middle,Сравните cluster с альтернативой.
5489,Backend,Backend / Node.js API,Middle,Как отлаживать graceful shutdown в production?
5490,Backend,Backend / Node.js API,Middle,Приведите пример реализации middleware.
5491,Backend,Backend / Node.js API,Middle,Как работает routing в Node.js?
5492,Backend,Backend / Node.js API,Middle,Когда использовать validation?
5493,Backend,Backend / Node.js API,Middle,Какие ошибки бывают при использовании serialization?
5494,Backend,Backend / Node.js API,Middle,Как протестировать logging?
5495,Backend,Backend / Node.js API,Middle,Как оптимизировать configuration?
5496,Backend,Backend / Node.js API,Middle,Как environment variables ведёт себя под нагрузкой?
5497,Backend,Backend / Node.js API,Middle,Как безопасно использовать health checks?
5498,Backend,Backend / Node.js API,Middle,Сравните REST с альтернативой.
5499,Backend,Backend / Node.js API,Middle,Как отлаживать HTTP methods в production?
5500,Backend,Backend / Node.js API,Middle,Приведите пример реализации status codes.
5501,Backend,Backend / Node.js API,Middle,Как работает idempotency в Node.js?
5502,Backend,Backend / Node.js API,Middle,Когда использовать pagination?
5503,Backend,Backend / Node.js API,Middle,Какие ошибки бывают при использовании filtering?
5504,Backend,Backend / Node.js API,Middle,Как протестировать sorting?
5505,Backend,Backend / Node.js API,Middle,Как оптимизировать versioning?
5506,Backend,Backend / Node.js API,Middle,Как OpenAPI ведёт себя под нагрузкой?
5507,Backend,Backend / Node.js API,Middle,Как безопасно использовать GraphQL?
5508,Backend,Backend / Node.js API,Middle,Сравните gRPC с альтернативой.
5509,Backend,Backend / Node.js API,Middle,Как отлаживать WebSockets в production?
5510,Backend,Backend / Node.js API,Middle,Приведите пример реализации SSE.
5511,Backend,Backend / Node.js API,Middle,Как работает webhooks в Node.js?
5512,Backend,Backend / Node.js API,Middle,Когда использовать file uploads?
5513,Backend,Backend / Node.js API,Middle,Какие ошибки бывают при использовании rate limiting?
5514,Backend,Backend / Node.js API,Middle,Как протестировать retries?
5515,Backend,Backend / Node.js API,Middle,Как оптимизировать timeouts?
5516,Backend,Backend / Node.js API,Middle,Как circuit breaker ведёт себя под нагрузкой?
5517,Backend,Backend / Node.js API,Middle,Как безопасно использовать request tracing?
5518,Backend,Backend / Node.js API,Middle,Сравните error handling с альтернативой.
5519,Backend,Backend / Node.js API,Middle,Как отлаживать API gateways в production?
5520,Backend,Backend / Node.js API,Middle,Приведите пример реализации BFF.
5521,Backend,Backend / Node.js API,Middle,Как работает event loop в Node.js?
5522,Backend,Backend / Node.js API,Middle,Когда использовать libuv?
5523,Backend,Backend / Node.js API,Middle,Какие ошибки бывают при использовании streams?
5524,Backend,Backend / Node.js API,Middle,Как протестировать backpressure?
5525,Backend,Backend / Node.js API,Middle,Как оптимизировать buffers?
5526,Backend,Backend / Node.js API,Middle,Как worker threads ведёт себя под нагрузкой?
5527,Backend,Backend / Node.js API,Middle,Как безопасно использовать child processes?
5528,Backend,Backend / Node.js API,Middle,Сравните cluster с альтернативой.
5529,Backend,Backend / Node.js API,Middle,Как отлаживать graceful shutdown в production?
5530,Backend,Backend / Node.js API,Middle,Приведите пример реализации middleware.
5531,Backend,Backend / Node.js API,Middle,Как работает routing в Node.js?
5532,Backend,Backend / Node.js API,Middle,Когда использовать validation?
5533,Backend,Backend / Node.js API,Middle,Какие ошибки бывают при использовании serialization?
5534,Backend,Backend / Node.js API,Middle,Как протестировать logging?
5535,Backend,Backend / Node.js API,Middle,Как оптимизировать configuration?
5536,Backend,Backend / Node.js API,Middle,Как environment variables ведёт себя под нагрузкой?
5537,Backend,Backend / Node.js API,Middle,Как безопасно использовать health checks?
5538,Backend,Backend / Node.js API,Middle,Сравните REST с альтернативой.
5539,Backend,Backend / Node.js API,Middle,Как отлаживать HTTP methods в production?
5540,Backend,Backend / Node.js API,Middle,Приведите пример реализации status codes.
5541,Backend,Backend / Node.js API,Middle,Как работает idempotency в Node.js?
5542,Backend,Backend / Node.js API,Middle,Когда использовать pagination?
5543,Backend,Backend / Node.js API,Middle,Какие ошибки бывают при использовании filtering?
5544,Backend,Backend / Node.js API,Middle,Как протестировать sorting?
5545,Backend,Backend / Node.js API,Middle,Как оптимизировать versioning?
5546,Backend,Backend / Node.js API,Middle,Как OpenAPI ведёт себя под нагрузкой?
5547,Backend,Backend / Node.js API,Middle,Как безопасно использовать GraphQL?
5548,Backend,Backend / Node.js API,Middle,Сравните gRPC с альтернативой.
5549,Backend,Backend / Node.js API,Middle,Как отлаживать WebSockets в production?
5550,Backend,Backend / Node.js API,Middle,Приведите пример реализации SSE.
5551,Backend,Backend / Node.js API,Middle,Как работает webhooks в Node.js?
5552,Backend,Backend / Node.js API,Middle,Когда использовать file uploads?
5553,Backend,Backend / Node.js API,Middle,Какие ошибки бывают при использовании rate limiting?
5554,Backend,Backend / Node.js API,Middle,Как протестировать retries?
5555,Backend,Backend / Node.js API,Middle,Как оптимизировать timeouts?
5556,Backend,Backend / Node.js API,Middle,Как circuit breaker ведёт себя под нагрузкой?
5557,Backend,Backend / Node.js API,Middle,Как безопасно использовать request tracing?
5558,Backend,Backend / Node.js API,Middle,Сравните error handling с альтернативой.
5559,Backend,Backend / Node.js API,Middle,Как отлаживать API gateways в production?
5560,Backend,Backend / Node.js API,Middle,Приведите пример реализации BFF.
5561,Backend,Backend / Node.js API,Middle,Как работает event loop в Node.js?
5562,Backend,Backend / Node.js API,Middle,Когда использовать libuv?
5563,Backend,Backend / Node.js API,Middle,Какие ошибки бывают при использовании streams?
5564,Backend,Backend / Node.js API,Middle,Как протестировать backpressure?
5565,Backend,Backend / Node.js API,Middle,Как оптимизировать buffers?
5566,Backend,Backend / Node.js API,Middle,Как worker threads ведёт себя под нагрузкой?
5567,Backend,Backend / Node.js API,Middle,Как безопасно использовать child processes?
5568,Backend,Backend / Node.js API,Middle,Сравните cluster с альтернативой.
5569,Backend,Backend / Node.js API,Middle,Как отлаживать graceful shutdown в production?
5570,Backend,Backend / Node.js API,Middle,Приведите пример реализации middleware.
5571,Backend,Backend / Node.js API,Middle,Как работает routing в Node.js?
5572,Backend,Backend / Node.js API,Middle,Когда использовать validation?
5573,Backend,Backend / Node.js API,Middle,Какие ошибки бывают при использовании serialization?
5574,Backend,Backend / Node.js API,Middle,Как протестировать logging?
5575,Backend,Backend / Node.js API,Middle,Как оптимизировать configuration?
5576,Backend,Backend / Node.js API,Middle,Как environment variables ведёт себя под нагрузкой?
5577,Backend,Backend / Node.js API,Middle,Как безопасно использовать health checks?
5578,Backend,Backend / Node.js API,Middle,Сравните REST с альтернативой.
5579,Backend,Backend / Node.js API,Middle,Как отлаживать HTTP methods в production?
5580,Backend,Backend / Node.js API,Middle,Приведите пример реализации status codes.
5581,Backend,Backend / Node.js API,Middle,Как работает idempotency в Node.js?
5582,Backend,Backend / Node.js API,Middle,Когда использовать pagination?
5583,Backend,Backend / Node.js API,Middle,Какие ошибки бывают при использовании filtering?
5584,Backend,Backend / Node.js API,Middle,Как протестировать sorting?
5585,Backend,Backend / Node.js API,Middle,Как оптимизировать versioning?
5586,Backend,Backend / Node.js API,Middle,Как OpenAPI ведёт себя под нагрузкой?
5587,Backend,Backend / Node.js API,Middle,Как безопасно использовать GraphQL?
5588,Backend,Backend / Node.js API,Middle,Сравните gRPC с альтернативой.
5589,Backend,Backend / Node.js API,Middle,Как отлаживать WebSockets в production?
5590,Backend,Backend / Node.js API,Middle,Приведите пример реализации SSE.
5591,Backend,Backend / Node.js API,Middle,Как работает webhooks в Node.js?
5592,Backend,Backend / Node.js API,Middle,Когда использовать file uploads?
5593,Backend,Backend / Node.js API,Middle,Какие ошибки бывают при использовании rate limiting?
5594,Backend,Backend / Node.js API,Middle,Как протестировать retries?
5595,Backend,Backend / Node.js API,Middle,Как оптимизировать timeouts?
5596,Backend,Backend / Node.js API,Middle,Как circuit breaker ведёт себя под нагрузкой?
5597,Backend,Backend / Node.js API,Middle,Как безопасно использовать request tracing?
5598,Backend,Backend / Node.js API,Middle,Сравните error handling с альтернативой.
5599,Backend,Backend / Node.js API,Middle,Как отлаживать API gateways в production?
5600,Backend,Backend / Node.js API,Middle,Приведите пример реализации BFF.
5601,Backend,Backend / Node.js API,Middle,Как работает event loop в Node.js?
5602,Backend,Backend / Node.js API,Middle,Когда использовать libuv?
5603,Backend,Backend / Node.js API,Middle,Какие ошибки бывают при использовании streams?
5604,Backend,Backend / Node.js API,Middle,Как протестировать backpressure?
5605,Backend,Backend / Node.js API,Middle,Как оптимизировать buffers?
5606,Backend,Backend / Node.js API,Middle,Как worker threads ведёт себя под нагрузкой?
5607,Backend,Backend / Node.js API,Middle,Как безопасно использовать child processes?
5608,Backend,Backend / Node.js API,Middle,Сравните cluster с альтернативой.
5609,Backend,Backend / Node.js API,Middle,Как отлаживать graceful shutdown в production?
5610,Backend,Backend / Node.js API,Middle,Приведите пример реализации middleware.
5611,Backend,Backend / Node.js API,Middle,Как работает routing в Node.js?
5612,Backend,Backend / Node.js API,Middle,Когда использовать validation?
5613,Backend,Backend / Node.js API,Middle,Какие ошибки бывают при использовании serialization?
5614,Backend,Backend / Node.js API,Middle,Как протестировать logging?
5615,Backend,Backend / Node.js API,Middle,Как оптимизировать configuration?
5616,Backend,Backend / Node.js API,Middle,Как environment variables ведёт себя под нагрузкой?
5617,Backend,Backend / Node.js API,Middle,Как безопасно использовать health checks?
5618,Backend,Backend / Node.js API,Middle,Сравните REST с альтернативой.
5619,Backend,Backend / Node.js API,Middle,Как отлаживать HTTP methods в production?
5620,Backend,Backend / Node.js API,Middle,Приведите пример реализации status codes.
5621,Backend,Backend / Node.js API,Middle,Как работает idempotency в Node.js?
5622,Backend,Backend / Node.js API,Middle,Когда использовать pagination?
5623,Backend,Backend / Node.js API,Middle,Какие ошибки бывают при использовании filtering?
5624,Backend,Backend / Node.js API,Middle,Как протестировать sorting?
5625,Backend,Backend / Node.js API,Middle,Как оптимизировать versioning?
5626,Backend,Backend / Node.js API,Middle,Как OpenAPI ведёт себя под нагрузкой?
5627,Backend,Backend / Node.js API,Middle,Как безопасно использовать GraphQL?
5628,Backend,Backend / Node.js API,Middle,Сравните gRPC с альтернативой.
5629,Backend,Backend / Node.js API,Middle,Как отлаживать WebSockets в production?
5630,Backend,Backend / Node.js API,Middle,Приведите пример реализации SSE.
5631,Backend,Backend / Node.js API,Middle,Как работает webhooks в Node.js?
5632,Backend,Backend / Node.js API,Middle,Когда использовать file uploads?
5633,Backend,Backend / Node.js API,Middle,Какие ошибки бывают при использовании rate limiting?
5634,Backend,Backend / Node.js API,Middle,Как протестировать retries?
5635,Backend,Backend / Node.js API,Middle,Как оптимизировать timeouts?
5636,Backend,Backend / Node.js API,Middle,Как circuit breaker ведёт себя под нагрузкой?
5637,Backend,Backend / Node.js API,Middle,Как безопасно использовать request tracing?
5638,Backend,Backend / Node.js API,Middle,Сравните error handling с альтернативой.
5639,Backend,Backend / Node.js API,Middle,Как отлаживать API gateways в production?
5640,Backend,Backend / Node.js API,Middle,Приведите пример реализации BFF.
5641,Backend,Backend / Node.js API,Middle,Как работает event loop в Node.js?
5642,Backend,Backend / Node.js API,Middle,Когда использовать libuv?
5643,Backend,Backend / Node.js API,Middle,Какие ошибки бывают при использовании streams?
5644,Backend,Backend / Node.js API,Middle,Как протестировать backpressure?
5645,Backend,Backend / Node.js API,Middle,Как оптимизировать buffers?
5646,Backend,Backend / Node.js API,Middle,Как worker threads ведёт себя под нагрузкой?
5647,Backend,Backend / Node.js API,Middle,Как безопасно использовать child processes?
5648,Backend,Backend / Node.js API,Middle,Сравните cluster с альтернативой.
5649,Backend,Backend / Node.js API,Middle,Как отлаживать graceful shutdown в production?
5650,Backend,Backend / Node.js API,Middle,Приведите пример реализации middleware.
5651,Backend,Backend / Node.js API,Middle,Как работает routing в Node.js?
5652,Backend,Backend / Node.js API,Middle,Когда использовать validation?
5653,Backend,Backend / Node.js API,Middle,Какие ошибки бывают при использовании serialization?
5654,Backend,Backend / Node.js API,Middle,Как протестировать logging?
5655,Backend,Backend / Node.js API,Middle,Как оптимизировать configuration?
5656,Backend,Backend / Node.js API,Middle,Как environment variables ведёт себя под нагрузкой?
5657,Backend,Backend / Node.js API,Middle,Как безопасно использовать health checks?
5658,Backend,Backend / Node.js API,Middle,Сравните REST с альтернативой.
5659,Backend,Backend / Node.js API,Middle,Как отлаживать HTTP methods в production?
5660,Backend,Backend / Node.js API,Middle,Приведите пример реализации status codes.
5661,Backend,Backend / Node.js API,Middle,Как работает idempotency в Node.js?
5662,Backend,Backend / Node.js API,Middle,Когда использовать pagination?
5663,Backend,Backend / Node.js API,Middle,Какие ошибки бывают при использовании filtering?
5664,Backend,Backend / Node.js API,Middle,Как протестировать sorting?
5665,Backend,Backend / Node.js API,Middle,Как оптимизировать versioning?
5666,Backend,Backend / Node.js API,Middle,Как OpenAPI ведёт себя под нагрузкой?
5667,Backend,Backend / Node.js API,Middle,Как безопасно использовать GraphQL?
5668,Backend,Backend / Node.js API,Middle,Сравните gRPC с альтернативой.
5669,Backend,Backend / Node.js API,Middle,Как отлаживать WebSockets в production?
5670,Backend,Backend / Node.js API,Middle,Приведите пример реализации SSE.
5671,Backend,Backend / Node.js API,Middle,Как работает webhooks в Node.js?
5672,Backend,Backend / Node.js API,Middle,Когда использовать file uploads?
5673,Backend,Backend / Node.js API,Middle,Какие ошибки бывают при использовании rate limiting?
5674,Backend,Backend / Node.js API,Middle,Как протестировать retries?
5675,Backend,Backend / Node.js API,Middle,Как оптимизировать timeouts?
5676,Backend,Backend / Node.js API,Middle,Как circuit breaker ведёт себя под нагрузкой?
5677,Backend,Backend / Node.js API,Middle,Как безопасно использовать request tracing?
5678,Backend,Backend / Node.js API,Middle,Сравните error handling с альтернативой.
5679,Backend,Backend / Node.js API,Middle,Как отлаживать API gateways в production?
5680,Backend,Backend / Node.js API,Middle,Приведите пример реализации BFF.
5681,Backend,Backend / Node.js API,Middle,Как работает event loop в Node.js?
5682,Backend,Backend / Node.js API,Middle,Когда использовать libuv?
5683,Backend,Backend / Node.js API,Middle,Какие ошибки бывают при использовании streams?
5684,Backend,Backend / Node.js API,Middle,Как протестировать backpressure?
5685,Backend,Backend / Node.js API,Middle,Как оптимизировать buffers?
5686,Backend,Backend / Node.js API,Middle,Как worker threads ведёт себя под нагрузкой?
5687,Backend,Backend / Node.js API,Middle,Как безопасно использовать child processes?
5688,Backend,Backend / Node.js API,Middle,Сравните cluster с альтернативой.
5689,Backend,Backend / Node.js API,Middle,Как отлаживать graceful shutdown в production?
5690,Backend,Backend / Node.js API,Middle,Приведите пример реализации middleware.
5691,Backend,Backend / Node.js API,Middle,Как работает routing в Node.js?
5692,Backend,Backend / Node.js API,Middle,Когда использовать validation?
5693,Backend,Backend / Node.js API,Middle,Какие ошибки бывают при использовании serialization?
5694,Backend,Backend / Node.js API,Middle,Как протестировать logging?
5695,Backend,Backend / Node.js API,Middle,Как оптимизировать configuration?
5696,Backend,Backend / Node.js API,Middle,Как environment variables ведёт себя под нагрузкой?
5697,Backend,Backend / Node.js API,Middle,Как безопасно использовать health checks?
5698,Backend,Backend / Node.js API,Middle,Сравните REST с альтернативой.
5699,Backend,Backend / Node.js API,Middle,Как отлаживать HTTP methods в production?
5700,Backend,Backend / Node.js API,Middle,Приведите пример реализации status codes.
5701,Backend,Backend / Node.js API,Middle,Как работает idempotency в Node.js?
5702,Backend,Backend / Node.js API,Middle,Когда использовать pagination?
5703,Backend,Backend / Node.js API,Middle,Какие ошибки бывают при использовании filtering?
5704,Backend,Backend / Node.js API,Middle,Как протестировать sorting?
5705,Backend,Backend / Node.js API,Middle,Как оптимизировать versioning?
5706,Backend,Backend / Node.js API,Middle,Как OpenAPI ведёт себя под нагрузкой?
5707,Backend,Backend / Node.js API,Middle,Как безопасно использовать GraphQL?
5708,Backend,Backend / Node.js API,Middle,Сравните gRPC с альтернативой.
5709,Backend,Backend / Node.js API,Middle,Как отлаживать WebSockets в production?
5710,Backend,Backend / Node.js API,Middle,Приведите пример реализации SSE.
5711,Backend,Backend / Node.js API,Middle,Как работает webhooks в Node.js?
5712,Backend,Backend / Node.js API,Middle,Когда использовать file uploads?
5713,Backend,Backend / Node.js API,Middle,Какие ошибки бывают при использовании rate limiting?
5714,Backend,Backend / Node.js API,Middle,Как протестировать retries?
5715,Backend,Backend / Node.js API,Middle,Как оптимизировать timeouts?
5716,Backend,Backend / Node.js API,Middle,Как circuit breaker ведёт себя под нагрузкой?
5717,Backend,Backend / Node.js API,Middle,Как безопасно использовать request tracing?
5718,Backend,Backend / Node.js API,Middle,Сравните error handling с альтернативой.
5719,Backend,Backend / Node.js API,Middle,Как отлаживать API gateways в production?
5720,Backend,Backend / Node.js API,Middle,Приведите пример реализации BFF.
5721,Backend,Backend / Node.js API,Middle,Как работает event loop в Node.js?
5722,Backend,Backend / Node.js API,Middle,Когда использовать libuv?
5723,Backend,Backend / Node.js API,Middle,Какие ошибки бывают при использовании streams?
5724,Backend,Backend / Node.js API,Middle,Как протестировать backpressure?
5725,Backend,Backend / Node.js API,Middle,Как оптимизировать buffers?
5726,Backend,Backend / Node.js API,Middle,Как worker threads ведёт себя под нагрузкой?
5727,Backend,Backend / Node.js API,Middle,Как безопасно использовать child processes?
5728,Backend,Backend / Node.js API,Middle,Сравните cluster с альтернативой.
5729,Backend,Backend / Node.js API,Middle,Как отлаживать graceful shutdown в production?
5730,Backend,Backend / Node.js API,Middle,Приведите пример реализации middleware.
5731,Backend,Backend / Node.js API,Middle,Как работает routing в Node.js?
5732,Backend,Backend / Node.js API,Middle,Когда использовать validation?
5733,Backend,Backend / Node.js API,Middle,Какие ошибки бывают при использовании serialization?
5734,Backend,Backend / Node.js API,Middle,Как протестировать logging?
5735,Backend,Backend / Node.js API,Middle,Как оптимизировать configuration?
5736,Backend,Backend / Node.js API,Middle,Как environment variables ведёт себя под нагрузкой?
5737,Backend,Backend / Node.js API,Middle,Как безопасно использовать health checks?
5738,Backend,Backend / Node.js API,Middle,Сравните REST с альтернативой.
5739,Backend,Backend / Node.js API,Middle,Как отлаживать HTTP methods в production?
5740,Backend,Backend / Node.js API,Middle,Приведите пример реализации status codes.
5741,Backend,Backend / Node.js API,Middle,Как работает idempotency в Node.js?
5742,Backend,Backend / Node.js API,Middle,Когда использовать pagination?
5743,Backend,Backend / Node.js API,Middle,Какие ошибки бывают при использовании filtering?
5744,Backend,Backend / Node.js API,Middle,Как протестировать sorting?
5745,Backend,Backend / Node.js API,Middle,Как оптимизировать versioning?
5746,Backend,Backend / Node.js API,Middle,Как OpenAPI ведёт себя под нагрузкой?
5747,Backend,Backend / Node.js API,Middle,Как безопасно использовать GraphQL?
5748,Backend,Backend / Node.js API,Middle,Сравните gRPC с альтернативой.
5749,Backend,Backend / Node.js API,Middle,Как отлаживать WebSockets в production?
5750,Backend,Backend / Node.js API,Middle,Приведите пример реализации SSE.
5751,Backend,Backend / Node.js API,Senior,Как работает webhooks в Node.js?
5752,Backend,Backend / Node.js API,Senior,Когда использовать file uploads?
5753,Backend,Backend / Node.js API,Senior,Какие ошибки бывают при использовании rate limiting?
5754,Backend,Backend / Node.js API,Senior,Как протестировать retries?
5755,Backend,Backend / Node.js API,Senior,Как оптимизировать timeouts?
5756,Backend,Backend / Node.js API,Senior,Как circuit breaker ведёт себя под нагрузкой?
5757,Backend,Backend / Node.js API,Senior,Как безопасно использовать request tracing?
5758,Backend,Backend / Node.js API,Senior,Сравните error handling с альтернативой.
5759,Backend,Backend / Node.js API,Senior,Как отлаживать API gateways в production?
5760,Backend,Backend / Node.js API,Senior,Приведите пример реализации BFF.
5761,Backend,Backend / Node.js API,Senior,Как работает event loop в Node.js?
5762,Backend,Backend / Node.js API,Senior,Когда использовать libuv?
5763,Backend,Backend / Node.js API,Senior,Какие ошибки бывают при использовании streams?
5764,Backend,Backend / Node.js API,Senior,Как протестировать backpressure?
5765,Backend,Backend / Node.js API,Senior,Как оптимизировать buffers?
5766,Backend,Backend / Node.js API,Senior,Как worker threads ведёт себя под нагрузкой?
5767,Backend,Backend / Node.js API,Senior,Как безопасно использовать child processes?
5768,Backend,Backend / Node.js API,Senior,Сравните cluster с альтернативой.
5769,Backend,Backend / Node.js API,Senior,Как отлаживать graceful shutdown в production?
5770,Backend,Backend / Node.js API,Senior,Приведите пример реализации middleware.
5771,Backend,Backend / Node.js API,Senior,Как работает routing в Node.js?
5772,Backend,Backend / Node.js API,Senior,Когда использовать validation?
5773,Backend,Backend / Node.js API,Senior,Какие ошибки бывают при использовании serialization?
5774,Backend,Backend / Node.js API,Senior,Как протестировать logging?
5775,Backend,Backend / Node.js API,Senior,Как оптимизировать configuration?
5776,Backend,Backend / Node.js API,Senior,Как environment variables ведёт себя под нагрузкой?
5777,Backend,Backend / Node.js API,Senior,Как безопасно использовать health checks?
5778,Backend,Backend / Node.js API,Senior,Сравните REST с альтернативой.
5779,Backend,Backend / Node.js API,Senior,Как отлаживать HTTP methods в production?
5780,Backend,Backend / Node.js API,Senior,Приведите пример реализации status codes.
5781,Backend,Backend / Node.js API,Senior,Как работает idempotency в Node.js?
5782,Backend,Backend / Node.js API,Senior,Когда использовать pagination?
5783,Backend,Backend / Node.js API,Senior,Какие ошибки бывают при использовании filtering?
5784,Backend,Backend / Node.js API,Senior,Как протестировать sorting?
5785,Backend,Backend / Node.js API,Senior,Как оптимизировать versioning?
5786,Backend,Backend / Node.js API,Senior,Как OpenAPI ведёт себя под нагрузкой?
5787,Backend,Backend / Node.js API,Senior,Как безопасно использовать GraphQL?
5788,Backend,Backend / Node.js API,Senior,Сравните gRPC с альтернативой.
5789,Backend,Backend / Node.js API,Senior,Как отлаживать WebSockets в production?
5790,Backend,Backend / Node.js API,Senior,Приведите пример реализации SSE.
5791,Backend,Backend / Node.js API,Senior,Как работает webhooks в Node.js?
5792,Backend,Backend / Node.js API,Senior,Когда использовать file uploads?
5793,Backend,Backend / Node.js API,Senior,Какие ошибки бывают при использовании rate limiting?
5794,Backend,Backend / Node.js API,Senior,Как протестировать retries?
5795,Backend,Backend / Node.js API,Senior,Как оптимизировать timeouts?
5796,Backend,Backend / Node.js API,Senior,Как circuit breaker ведёт себя под нагрузкой?
5797,Backend,Backend / Node.js API,Senior,Как безопасно использовать request tracing?
5798,Backend,Backend / Node.js API,Senior,Сравните error handling с альтернативой.
5799,Backend,Backend / Node.js API,Senior,Как отлаживать API gateways в production?
5800,Backend,Backend / Node.js API,Senior,Приведите пример реализации BFF.
5801,Backend,Backend / Node.js API,Senior,Как работает event loop в Node.js?
5802,Backend,Backend / Node.js API,Senior,Когда использовать libuv?
5803,Backend,Backend / Node.js API,Senior,Какие ошибки бывают при использовании streams?
5804,Backend,Backend / Node.js API,Senior,Как протестировать backpressure?
5805,Backend,Backend / Node.js API,Senior,Как оптимизировать buffers?
5806,Backend,Backend / Node.js API,Senior,Как worker threads ведёт себя под нагрузкой?
5807,Backend,Backend / Node.js API,Senior,Как безопасно использовать child processes?
5808,Backend,Backend / Node.js API,Senior,Сравните cluster с альтернативой.
5809,Backend,Backend / Node.js API,Senior,Как отлаживать graceful shutdown в production?
5810,Backend,Backend / Node.js API,Senior,Приведите пример реализации middleware.
5811,Backend,Backend / Node.js API,Senior,Как работает routing в Node.js?
5812,Backend,Backend / Node.js API,Senior,Когда использовать validation?
5813,Backend,Backend / Node.js API,Senior,Какие ошибки бывают при использовании serialization?
5814,Backend,Backend / Node.js API,Senior,Как протестировать logging?
5815,Backend,Backend / Node.js API,Senior,Как оптимизировать configuration?
5816,Backend,Backend / Node.js API,Senior,Как environment variables ведёт себя под нагрузкой?
5817,Backend,Backend / Node.js API,Senior,Как безопасно использовать health checks?
5818,Backend,Backend / Node.js API,Senior,Сравните REST с альтернативой.
5819,Backend,Backend / Node.js API,Senior,Как отлаживать HTTP methods в production?
5820,Backend,Backend / Node.js API,Senior,Приведите пример реализации status codes.
5821,Backend,Backend / Node.js API,Senior,Как работает idempotency в Node.js?
5822,Backend,Backend / Node.js API,Senior,Когда использовать pagination?
5823,Backend,Backend / Node.js API,Senior,Какие ошибки бывают при использовании filtering?
5824,Backend,Backend / Node.js API,Senior,Как протестировать sorting?
5825,Backend,Backend / Node.js API,Senior,Как оптимизировать versioning?
5826,Backend,Backend / Node.js API,Senior,Как OpenAPI ведёт себя под нагрузкой?
5827,Backend,Backend / Node.js API,Senior,Как безопасно использовать GraphQL?
5828,Backend,Backend / Node.js API,Senior,Сравните gRPC с альтернативой.
5829,Backend,Backend / Node.js API,Senior,Как отлаживать WebSockets в production?
5830,Backend,Backend / Node.js API,Senior,Приведите пример реализации SSE.
5831,Backend,Backend / Node.js API,Senior,Как работает webhooks в Node.js?
5832,Backend,Backend / Node.js API,Senior,Когда использовать file uploads?
5833,Backend,Backend / Node.js API,Senior,Какие ошибки бывают при использовании rate limiting?
5834,Backend,Backend / Node.js API,Senior,Как протестировать retries?
5835,Backend,Backend / Node.js API,Senior,Как оптимизировать timeouts?
5836,Backend,Backend / Node.js API,Senior,Как circuit breaker ведёт себя под нагрузкой?
5837,Backend,Backend / Node.js API,Senior,Как безопасно использовать request tracing?
5838,Backend,Backend / Node.js API,Senior,Сравните error handling с альтернативой.
5839,Backend,Backend / Node.js API,Senior,Как отлаживать API gateways в production?
5840,Backend,Backend / Node.js API,Senior,Приведите пример реализации BFF.
5841,Backend,Backend / Node.js API,Senior,Как работает event loop в Node.js?
5842,Backend,Backend / Node.js API,Senior,Когда использовать libuv?
5843,Backend,Backend / Node.js API,Senior,Какие ошибки бывают при использовании streams?
5844,Backend,Backend / Node.js API,Senior,Как протестировать backpressure?
5845,Backend,Backend / Node.js API,Senior,Как оптимизировать buffers?
5846,Backend,Backend / Node.js API,Senior,Как worker threads ведёт себя под нагрузкой?
5847,Backend,Backend / Node.js API,Senior,Как безопасно использовать child processes?
5848,Backend,Backend / Node.js API,Senior,Сравните cluster с альтернативой.
5849,Backend,Backend / Node.js API,Senior,Как отлаживать graceful shutdown в production?
5850,Backend,Backend / Node.js API,Senior,Приведите пример реализации middleware.
5851,Backend,Backend / Node.js API,Senior,Как работает routing в Node.js?
5852,Backend,Backend / Node.js API,Senior,Когда использовать validation?
5853,Backend,Backend / Node.js API,Senior,Какие ошибки бывают при использовании serialization?
5854,Backend,Backend / Node.js API,Senior,Как протестировать logging?
5855,Backend,Backend / Node.js API,Senior,Как оптимизировать configuration?
5856,Backend,Backend / Node.js API,Senior,Как environment variables ведёт себя под нагрузкой?
5857,Backend,Backend / Node.js API,Senior,Как безопасно использовать health checks?
5858,Backend,Backend / Node.js API,Senior,Сравните REST с альтернативой.
5859,Backend,Backend / Node.js API,Senior,Как отлаживать HTTP methods в production?
5860,Backend,Backend / Node.js API,Senior,Приведите пример реализации status codes.
5861,Backend,Backend / Node.js API,Senior,Как работает idempotency в Node.js?
5862,Backend,Backend / Node.js API,Senior,Когда использовать pagination?
5863,Backend,Backend / Node.js API,Senior,Какие ошибки бывают при использовании filtering?
5864,Backend,Backend / Node.js API,Senior,Как протестировать sorting?
5865,Backend,Backend / Node.js API,Senior,Как оптимизировать versioning?
5866,Backend,Backend / Node.js API,Senior,Как OpenAPI ведёт себя под нагрузкой?
5867,Backend,Backend / Node.js API,Senior,Как безопасно использовать GraphQL?
5868,Backend,Backend / Node.js API,Senior,Сравните gRPC с альтернативой.
5869,Backend,Backend / Node.js API,Senior,Как отлаживать WebSockets в production?
5870,Backend,Backend / Node.js API,Senior,Приведите пример реализации SSE.
5871,Backend,Backend / Node.js API,Senior,Как работает webhooks в Node.js?
5872,Backend,Backend / Node.js API,Senior,Когда использовать file uploads?
5873,Backend,Backend / Node.js API,Senior,Какие ошибки бывают при использовании rate limiting?
5874,Backend,Backend / Node.js API,Senior,Как протестировать retries?
5875,Backend,Backend / Node.js API,Senior,Как оптимизировать timeouts?
5876,Backend,Backend / Node.js API,Senior,Как circuit breaker ведёт себя под нагрузкой?
5877,Backend,Backend / Node.js API,Senior,Как безопасно использовать request tracing?
5878,Backend,Backend / Node.js API,Senior,Сравните error handling с альтернативой.
5879,Backend,Backend / Node.js API,Senior,Как отлаживать API gateways в production?
5880,Backend,Backend / Node.js API,Senior,Приведите пример реализации BFF.
5881,Backend,Backend / Node.js API,Senior,Как работает event loop в Node.js?
5882,Backend,Backend / Node.js API,Senior,Когда использовать libuv?
5883,Backend,Backend / Node.js API,Senior,Какие ошибки бывают при использовании streams?
5884,Backend,Backend / Node.js API,Senior,Как протестировать backpressure?
5885,Backend,Backend / Node.js API,Senior,Как оптимизировать buffers?
5886,Backend,Backend / Node.js API,Senior,Как worker threads ведёт себя под нагрузкой?
5887,Backend,Backend / Node.js API,Senior,Как безопасно использовать child processes?
5888,Backend,Backend / Node.js API,Senior,Сравните cluster с альтернативой.
5889,Backend,Backend / Node.js API,Senior,Как отлаживать graceful shutdown в production?
5890,Backend,Backend / Node.js API,Senior,Приведите пример реализации middleware.
5891,Backend,Backend / Node.js API,Senior,Как работает routing в Node.js?
5892,Backend,Backend / Node.js API,Senior,Когда использовать validation?
5893,Backend,Backend / Node.js API,Senior,Какие ошибки бывают при использовании serialization?
5894,Backend,Backend / Node.js API,Senior,Как протестировать logging?
5895,Backend,Backend / Node.js API,Senior,Как оптимизировать configuration?
5896,Backend,Backend / Node.js API,Senior,Как environment variables ведёт себя под нагрузкой?
5897,Backend,Backend / Node.js API,Senior,Как безопасно использовать health checks?
5898,Backend,Backend / Node.js API,Senior,Сравните REST с альтернативой.
5899,Backend,Backend / Node.js API,Senior,Как отлаживать HTTP methods в production?
5900,Backend,Backend / Node.js API,Senior,Приведите пример реализации status codes.
5901,Backend,Backend / Node.js API,Senior,Как работает idempotency в Node.js?
5902,Backend,Backend / Node.js API,Senior,Когда использовать pagination?
5903,Backend,Backend / Node.js API,Senior,Какие ошибки бывают при использовании filtering?
5904,Backend,Backend / Node.js API,Senior,Как протестировать sorting?
5905,Backend,Backend / Node.js API,Senior,Как оптимизировать versioning?
5906,Backend,Backend / Node.js API,Senior,Как OpenAPI ведёт себя под нагрузкой?
5907,Backend,Backend / Node.js API,Senior,Как безопасно использовать GraphQL?
5908,Backend,Backend / Node.js API,Senior,Сравните gRPC с альтернативой.
5909,Backend,Backend / Node.js API,Senior,Как отлаживать WebSockets в production?
5910,Backend,Backend / Node.js API,Senior,Приведите пример реализации SSE.
5911,Backend,Backend / Node.js API,Senior,Как работает webhooks в Node.js?
5912,Backend,Backend / Node.js API,Senior,Когда использовать file uploads?
5913,Backend,Backend / Node.js API,Senior,Какие ошибки бывают при использовании rate limiting?
5914,Backend,Backend / Node.js API,Senior,Как протестировать retries?
5915,Backend,Backend / Node.js API,Senior,Как оптимизировать timeouts?
5916,Backend,Backend / Node.js API,Senior,Как circuit breaker ведёт себя под нагрузкой?
5917,Backend,Backend / Node.js API,Senior,Как безопасно использовать request tracing?
5918,Backend,Backend / Node.js API,Senior,Сравните error handling с альтернативой.
5919,Backend,Backend / Node.js API,Senior,Как отлаживать API gateways в production?
5920,Backend,Backend / Node.js API,Senior,Приведите пример реализации BFF.
5921,Backend,Backend / Node.js API,Senior,Как работает event loop в Node.js?
5922,Backend,Backend / Node.js API,Senior,Когда использовать libuv?
5923,Backend,Backend / Node.js API,Senior,Какие ошибки бывают при использовании streams?
5924,Backend,Backend / Node.js API,Senior,Как протестировать backpressure?
5925,Backend,Backend / Node.js API,Senior,Как оптимизировать buffers?
5926,Backend,Backend / Node.js API,Senior,Как worker threads ведёт себя под нагрузкой?
5927,Backend,Backend / Node.js API,Senior,Как безопасно использовать child processes?
5928,Backend,Backend / Node.js API,Senior,Сравните cluster с альтернативой.
5929,Backend,Backend / Node.js API,Senior,Как отлаживать graceful shutdown в production?
5930,Backend,Backend / Node.js API,Senior,Приведите пример реализации middleware.
5931,Backend,Backend / Node.js API,Senior,Как работает routing в Node.js?
5932,Backend,Backend / Node.js API,Senior,Когда использовать validation?
5933,Backend,Backend / Node.js API,Senior,Какие ошибки бывают при использовании serialization?
5934,Backend,Backend / Node.js API,Senior,Как протестировать logging?
5935,Backend,Backend / Node.js API,Senior,Как оптимизировать configuration?
5936,Backend,Backend / Node.js API,Senior,Как environment variables ведёт себя под нагрузкой?
5937,Backend,Backend / Node.js API,Senior,Как безопасно использовать health checks?
5938,Backend,Backend / Node.js API,Senior,Сравните REST с альтернативой.
5939,Backend,Backend / Node.js API,Senior,Как отлаживать HTTP methods в production?
5940,Backend,Backend / Node.js API,Senior,Приведите пример реализации status codes.
5941,Backend,Backend / Node.js API,Senior,Как работает idempotency в Node.js?
5942,Backend,Backend / Node.js API,Senior,Когда использовать pagination?
5943,Backend,Backend / Node.js API,Senior,Какие ошибки бывают при использовании filtering?
5944,Backend,Backend / Node.js API,Senior,Как протестировать sorting?
5945,Backend,Backend / Node.js API,Senior,Как оптимизировать versioning?
5946,Backend,Backend / Node.js API,Senior,Как OpenAPI ведёт себя под нагрузкой?
5947,Backend,Backend / Node.js API,Senior,Как безопасно использовать GraphQL?
5948,Backend,Backend / Node.js API,Senior,Сравните gRPC с альтернативой.
5949,Backend,Backend / Node.js API,Senior,Как отлаживать WebSockets в production?
5950,Backend,Backend / Node.js API,Senior,Приведите пример реализации SSE.
5951,Backend,Backend / Node.js API,Senior,Как работает webhooks в Node.js?
5952,Backend,Backend / Node.js API,Senior,Когда использовать file uploads?
5953,Backend,Backend / Node.js API,Senior,Какие ошибки бывают при использовании rate limiting?
5954,Backend,Backend / Node.js API,Senior,Как протестировать retries?
5955,Backend,Backend / Node.js API,Senior,Как оптимизировать timeouts?
5956,Backend,Backend / Node.js API,Senior,Как circuit breaker ведёт себя под нагрузкой?
5957,Backend,Backend / Node.js API,Senior,Как безопасно использовать request tracing?
5958,Backend,Backend / Node.js API,Senior,Сравните error handling с альтернативой.
5959,Backend,Backend / Node.js API,Senior,Как отлаживать API gateways в production?
5960,Backend,Backend / Node.js API,Senior,Приведите пример реализации BFF.
5961,Backend,Backend / Node.js API,Senior,Как работает event loop в Node.js?
5962,Backend,Backend / Node.js API,Senior,Когда использовать libuv?
5963,Backend,Backend / Node.js API,Senior,Какие ошибки бывают при использовании streams?
5964,Backend,Backend / Node.js API,Senior,Как протестировать backpressure?
5965,Backend,Backend / Node.js API,Senior,Как оптимизировать buffers?
5966,Backend,Backend / Node.js API,Senior,Как worker threads ведёт себя под нагрузкой?
5967,Backend,Backend / Node.js API,Senior,Как безопасно использовать child processes?
5968,Backend,Backend / Node.js API,Senior,Сравните cluster с альтернативой.
5969,Backend,Backend / Node.js API,Senior,Как отлаживать graceful shutdown в production?
5970,Backend,Backend / Node.js API,Senior,Приведите пример реализации middleware.
5971,Backend,Backend / Node.js API,Senior,Как работает routing в Node.js?
5972,Backend,Backend / Node.js API,Senior,Когда использовать validation?
5973,Backend,Backend / Node.js API,Senior,Какие ошибки бывают при использовании serialization?
5974,Backend,Backend / Node.js API,Senior,Как протестировать logging?
5975,Backend,Backend / Node.js API,Senior,Как оптимизировать configuration?
5976,Backend,Backend / Node.js API,Senior,Как environment variables ведёт себя под нагрузкой?
5977,Backend,Backend / Node.js API,Senior,Как безопасно использовать health checks?
5978,Backend,Backend / Node.js API,Senior,Сравните REST с альтернативой.
5979,Backend,Backend / Node.js API,Senior,Как отлаживать HTTP methods в production?
5980,Backend,Backend / Node.js API,Senior,Приведите пример реализации status codes.
5981,Backend,Backend / Node.js API,Senior,Как работает idempotency в Node.js?
5982,Backend,Backend / Node.js API,Senior,Когда использовать pagination?
5983,Backend,Backend / Node.js API,Senior,Какие ошибки бывают при использовании filtering?
5984,Backend,Backend / Node.js API,Senior,Как протестировать sorting?
5985,Backend,Backend / Node.js API,Senior,Как оптимизировать versioning?
5986,Backend,Backend / Node.js API,Senior,Как OpenAPI ведёт себя под нагрузкой?
5987,Backend,Backend / Node.js API,Senior,Как безопасно использовать GraphQL?
5988,Backend,Backend / Node.js API,Senior,Сравните gRPC с альтернативой.
5989,Backend,Backend / Node.js API,Senior,Как отлаживать WebSockets в production?
5990,Backend,Backend / Node.js API,Senior,Приведите пример реализации SSE.
5991,Backend,Backend / Node.js API,Senior,Как работает webhooks в Node.js?
5992,Backend,Backend / Node.js API,Senior,Когда использовать file uploads?
5993,Backend,Backend / Node.js API,Senior,Какие ошибки бывают при использовании rate limiting?
5994,Backend,Backend / Node.js API,Senior,Как протестировать retries?
5995,Backend,Backend / Node.js API,Senior,Как оптимизировать timeouts?
5996,Backend,Backend / Node.js API,Senior,Как circuit breaker ведёт себя под нагрузкой?
5997,Backend,Backend / Node.js API,Senior,Как безопасно использовать request tracing?
5998,Backend,Backend / Node.js API,Senior,Сравните error handling с альтернативой.
5999,Backend,Backend / Node.js API,Senior,Как отлаживать API gateways в production?
6000,Backend,Backend / Node.js API,Senior,Приведите пример реализации BFF.
6001,Backend,Backend / Databases,Junior,Что такое ACID?
6002,Backend,Backend / Databases,Junior,Когда использовать transactions?
6003,Backend,Backend / Databases,Junior,Как оптимизировать запросы с isolation levels?
6004,Backend,Backend / Databases,Junior,Какие ошибки проектирования связаны с deadlocks?
6005,Backend,Backend / Databases,Junior,Как протестировать решение с locks?
6006,Backend,Backend / Databases,Junior,Как MVCC влияет на консистентность?
6007,Backend,Backend / Databases,Junior,Как indexes влияет на производительность?
6008,Backend,Backend / Databases,Junior,Сравните composite indexes в SQL и NoSQL.
6009,Backend,Backend / Databases,Junior,Как мониторить covering indexes?
6010,Backend,Backend / Databases,Junior,Приведите production-пример использования query plans.
6011,Backend,Backend / Databases,Junior,Что такое normalization?
6012,Backend,Backend / Databases,Junior,Когда использовать denormalization?
6013,Backend,Backend / Databases,Junior,Как оптимизировать запросы с joins?
6014,Backend,Backend / Databases,Junior,Какие ошибки проектирования связаны с foreign keys?
6015,Backend,Backend / Databases,Junior,Как протестировать решение с constraints?
6016,Backend,Backend / Databases,Junior,Как migrations влияет на консистентность?
6017,Backend,Backend / Databases,Junior,Как replication влияет на производительность?
6018,Backend,Backend / Databases,Junior,Сравните sharding в SQL и NoSQL.
6019,Backend,Backend / Databases,Junior,Как мониторить partitioning?
6020,Backend,Backend / Databases,Junior,Приведите production-пример использования read replicas.
6021,Backend,Backend / Databases,Junior,Что такое connection pooling?
6022,Backend,Backend / Databases,Junior,Когда использовать SQL injection?
6023,Backend,Backend / Databases,Junior,Как оптимизировать запросы с PostgreSQL?
6024,Backend,Backend / Databases,Junior,Какие ошибки проектирования связаны с MySQL?
6025,Backend,Backend / Databases,Junior,Как протестировать решение с MongoDB?
6026,Backend,Backend / Databases,Junior,Как document modeling влияет на консистентность?
6027,Backend,Backend / Databases,Junior,Как Redis влияет на производительность?
6028,Backend,Backend / Databases,Junior,Сравните TTL в SQL и NoSQL.
6029,Backend,Backend / Databases,Junior,Как мониторить cache invalidation?
6030,Backend,Backend / Databases,Junior,Приведите production-пример использования cache stampede.
6031,Backend,Backend / Databases,Junior,Что такое optimistic locking?
6032,Backend,Backend / Databases,Junior,Когда использовать pessimistic locking?
6033,Backend,Backend / Databases,Junior,Как оптимизировать запросы с full-text search?
6034,Backend,Backend / Databases,Junior,Какие ошибки проектирования связаны с materialized views?
6035,Backend,Backend / Databases,Junior,Как протестировать решение с stored procedures?
6036,Backend,Backend / Databases,Junior,Как backup влияет на консистентность?
6037,Backend,Backend / Databases,Junior,Как restore влияет на производительность?
6038,Backend,Backend / Databases,Junior,Сравните consistency в SQL и NoSQL.
6039,Backend,Backend / Databases,Junior,Как мониторить CAP theorem?
6040,Backend,Backend / Databases,Junior,Приведите production-пример использования eventual consistency.
6041,Backend,Backend / Databases,Junior,Что такое ACID?
6042,Backend,Backend / Databases,Junior,Когда использовать transactions?
6043,Backend,Backend / Databases,Junior,Как оптимизировать запросы с isolation levels?
6044,Backend,Backend / Databases,Junior,Какие ошибки проектирования связаны с deadlocks?
6045,Backend,Backend / Databases,Junior,Как протестировать решение с locks?
6046,Backend,Backend / Databases,Junior,Как MVCC влияет на консистентность?
6047,Backend,Backend / Databases,Junior,Как indexes влияет на производительность?
6048,Backend,Backend / Databases,Junior,Сравните composite indexes в SQL и NoSQL.
6049,Backend,Backend / Databases,Junior,Как мониторить covering indexes?
6050,Backend,Backend / Databases,Junior,Приведите production-пример использования query plans.
6051,Backend,Backend / Databases,Junior,Что такое normalization?
6052,Backend,Backend / Databases,Junior,Когда использовать denormalization?
6053,Backend,Backend / Databases,Junior,Как оптимизировать запросы с joins?
6054,Backend,Backend / Databases,Junior,Какие ошибки проектирования связаны с foreign keys?
6055,Backend,Backend / Databases,Junior,Как протестировать решение с constraints?
6056,Backend,Backend / Databases,Junior,Как migrations влияет на консистентность?
6057,Backend,Backend / Databases,Junior,Как replication влияет на производительность?
6058,Backend,Backend / Databases,Junior,Сравните sharding в SQL и NoSQL.
6059,Backend,Backend / Databases,Junior,Как мониторить partitioning?
6060,Backend,Backend / Databases,Junior,Приведите production-пример использования read replicas.
6061,Backend,Backend / Databases,Junior,Что такое connection pooling?
6062,Backend,Backend / Databases,Junior,Когда использовать SQL injection?
6063,Backend,Backend / Databases,Junior,Как оптимизировать запросы с PostgreSQL?
6064,Backend,Backend / Databases,Junior,Какие ошибки проектирования связаны с MySQL?
6065,Backend,Backend / Databases,Junior,Как протестировать решение с MongoDB?
6066,Backend,Backend / Databases,Junior,Как document modeling влияет на консистентность?
6067,Backend,Backend / Databases,Junior,Как Redis влияет на производительность?
6068,Backend,Backend / Databases,Junior,Сравните TTL в SQL и NoSQL.
6069,Backend,Backend / Databases,Junior,Как мониторить cache invalidation?
6070,Backend,Backend / Databases,Junior,Приведите production-пример использования cache stampede.
6071,Backend,Backend / Databases,Junior,Что такое optimistic locking?
6072,Backend,Backend / Databases,Junior,Когда использовать pessimistic locking?
6073,Backend,Backend / Databases,Junior,Как оптимизировать запросы с full-text search?
6074,Backend,Backend / Databases,Junior,Какие ошибки проектирования связаны с materialized views?
6075,Backend,Backend / Databases,Junior,Как протестировать решение с stored procedures?
6076,Backend,Backend / Databases,Junior,Как backup влияет на консистентность?
6077,Backend,Backend / Databases,Junior,Как restore влияет на производительность?
6078,Backend,Backend / Databases,Junior,Сравните consistency в SQL и NoSQL.
6079,Backend,Backend / Databases,Junior,Как мониторить CAP theorem?
6080,Backend,Backend / Databases,Junior,Приведите production-пример использования eventual consistency.
6081,Backend,Backend / Databases,Junior,Что такое ACID?
6082,Backend,Backend / Databases,Junior,Когда использовать transactions?
6083,Backend,Backend / Databases,Junior,Как оптимизировать запросы с isolation levels?
6084,Backend,Backend / Databases,Junior,Какие ошибки проектирования связаны с deadlocks?
6085,Backend,Backend / Databases,Junior,Как протестировать решение с locks?
6086,Backend,Backend / Databases,Junior,Как MVCC влияет на консистентность?
6087,Backend,Backend / Databases,Junior,Как indexes влияет на производительность?
6088,Backend,Backend / Databases,Junior,Сравните composite indexes в SQL и NoSQL.
6089,Backend,Backend / Databases,Junior,Как мониторить covering indexes?
6090,Backend,Backend / Databases,Junior,Приведите production-пример использования query plans.
6091,Backend,Backend / Databases,Junior,Что такое normalization?
6092,Backend,Backend / Databases,Junior,Когда использовать denormalization?
6093,Backend,Backend / Databases,Junior,Как оптимизировать запросы с joins?
6094,Backend,Backend / Databases,Junior,Какие ошибки проектирования связаны с foreign keys?
6095,Backend,Backend / Databases,Junior,Как протестировать решение с constraints?
6096,Backend,Backend / Databases,Junior,Как migrations влияет на консистентность?
6097,Backend,Backend / Databases,Junior,Как replication влияет на производительность?
6098,Backend,Backend / Databases,Junior,Сравните sharding в SQL и NoSQL.
6099,Backend,Backend / Databases,Junior,Как мониторить partitioning?
6100,Backend,Backend / Databases,Junior,Приведите production-пример использования read replicas.
6101,Backend,Backend / Databases,Junior,Что такое connection pooling?
6102,Backend,Backend / Databases,Junior,Когда использовать SQL injection?
6103,Backend,Backend / Databases,Junior,Как оптимизировать запросы с PostgreSQL?
6104,Backend,Backend / Databases,Junior,Какие ошибки проектирования связаны с MySQL?
6105,Backend,Backend / Databases,Junior,Как протестировать решение с MongoDB?
6106,Backend,Backend / Databases,Junior,Как document modeling влияет на консистентность?
6107,Backend,Backend / Databases,Junior,Как Redis влияет на производительность?
6108,Backend,Backend / Databases,Junior,Сравните TTL в SQL и NoSQL.
6109,Backend,Backend / Databases,Junior,Как мониторить cache invalidation?
6110,Backend,Backend / Databases,Junior,Приведите production-пример использования cache stampede.
6111,Backend,Backend / Databases,Junior,Что такое optimistic locking?
6112,Backend,Backend / Databases,Junior,Когда использовать pessimistic locking?
6113,Backend,Backend / Databases,Junior,Как оптимизировать запросы с full-text search?
6114,Backend,Backend / Databases,Junior,Какие ошибки проектирования связаны с materialized views?
6115,Backend,Backend / Databases,Junior,Как протестировать решение с stored procedures?
6116,Backend,Backend / Databases,Junior,Как backup влияет на консистентность?
6117,Backend,Backend / Databases,Junior,Как restore влияет на производительность?
6118,Backend,Backend / Databases,Junior,Сравните consistency в SQL и NoSQL.
6119,Backend,Backend / Databases,Junior,Как мониторить CAP theorem?
6120,Backend,Backend / Databases,Junior,Приведите production-пример использования eventual consistency.
6121,Backend,Backend / Databases,Junior,Что такое ACID?
6122,Backend,Backend / Databases,Junior,Когда использовать transactions?
6123,Backend,Backend / Databases,Junior,Как оптимизировать запросы с isolation levels?
6124,Backend,Backend / Databases,Junior,Какие ошибки проектирования связаны с deadlocks?
6125,Backend,Backend / Databases,Junior,Как протестировать решение с locks?
6126,Backend,Backend / Databases,Junior,Как MVCC влияет на консистентность?
6127,Backend,Backend / Databases,Junior,Как indexes влияет на производительность?
6128,Backend,Backend / Databases,Junior,Сравните composite indexes в SQL и NoSQL.
6129,Backend,Backend / Databases,Junior,Как мониторить covering indexes?
6130,Backend,Backend / Databases,Junior,Приведите production-пример использования query plans.
6131,Backend,Backend / Databases,Junior,Что такое normalization?
6132,Backend,Backend / Databases,Junior,Когда использовать denormalization?
6133,Backend,Backend / Databases,Junior,Как оптимизировать запросы с joins?
6134,Backend,Backend / Databases,Junior,Какие ошибки проектирования связаны с foreign keys?
6135,Backend,Backend / Databases,Junior,Как протестировать решение с constraints?
6136,Backend,Backend / Databases,Junior,Как migrations влияет на консистентность?
6137,Backend,Backend / Databases,Junior,Как replication влияет на производительность?
6138,Backend,Backend / Databases,Junior,Сравните sharding в SQL и NoSQL.
6139,Backend,Backend / Databases,Junior,Как мониторить partitioning?
6140,Backend,Backend / Databases,Junior,Приведите production-пример использования read replicas.
6141,Backend,Backend / Databases,Junior,Что такое connection pooling?
6142,Backend,Backend / Databases,Junior,Когда использовать SQL injection?
6143,Backend,Backend / Databases,Junior,Как оптимизировать запросы с PostgreSQL?
6144,Backend,Backend / Databases,Junior,Какие ошибки проектирования связаны с MySQL?
6145,Backend,Backend / Databases,Junior,Как протестировать решение с MongoDB?
6146,Backend,Backend / Databases,Junior,Как document modeling влияет на консистентность?
6147,Backend,Backend / Databases,Junior,Как Redis влияет на производительность?
6148,Backend,Backend / Databases,Junior,Сравните TTL в SQL и NoSQL.
6149,Backend,Backend / Databases,Junior,Как мониторить cache invalidation?
6150,Backend,Backend / Databases,Junior,Приведите production-пример использования cache stampede.
6151,Backend,Backend / Databases,Junior,Что такое optimistic locking?
6152,Backend,Backend / Databases,Junior,Когда использовать pessimistic locking?
6153,Backend,Backend / Databases,Junior,Как оптимизировать запросы с full-text search?
6154,Backend,Backend / Databases,Junior,Какие ошибки проектирования связаны с materialized views?
6155,Backend,Backend / Databases,Junior,Как протестировать решение с stored procedures?
6156,Backend,Backend / Databases,Junior,Как backup влияет на консистентность?
6157,Backend,Backend / Databases,Junior,Как restore влияет на производительность?
6158,Backend,Backend / Databases,Junior,Сравните consistency в SQL и NoSQL.
6159,Backend,Backend / Databases,Junior,Как мониторить CAP theorem?
6160,Backend,Backend / Databases,Junior,Приведите production-пример использования eventual consistency.
6161,Backend,Backend / Databases,Junior,Что такое ACID?
6162,Backend,Backend / Databases,Junior,Когда использовать transactions?
6163,Backend,Backend / Databases,Junior,Как оптимизировать запросы с isolation levels?
6164,Backend,Backend / Databases,Junior,Какие ошибки проектирования связаны с deadlocks?
6165,Backend,Backend / Databases,Junior,Как протестировать решение с locks?
6166,Backend,Backend / Databases,Junior,Как MVCC влияет на консистентность?
6167,Backend,Backend / Databases,Junior,Как indexes влияет на производительность?
6168,Backend,Backend / Databases,Junior,Сравните composite indexes в SQL и NoSQL.
6169,Backend,Backend / Databases,Junior,Как мониторить covering indexes?
6170,Backend,Backend / Databases,Junior,Приведите production-пример использования query plans.
6171,Backend,Backend / Databases,Junior,Что такое normalization?
6172,Backend,Backend / Databases,Junior,Когда использовать denormalization?
6173,Backend,Backend / Databases,Junior,Как оптимизировать запросы с joins?
6174,Backend,Backend / Databases,Junior,Какие ошибки проектирования связаны с foreign keys?
6175,Backend,Backend / Databases,Junior,Как протестировать решение с constraints?
6176,Backend,Backend / Databases,Junior,Как migrations влияет на консистентность?
6177,Backend,Backend / Databases,Junior,Как replication влияет на производительность?
6178,Backend,Backend / Databases,Junior,Сравните sharding в SQL и NoSQL.
6179,Backend,Backend / Databases,Junior,Как мониторить partitioning?
6180,Backend,Backend / Databases,Junior,Приведите production-пример использования read replicas.
6181,Backend,Backend / Databases,Junior,Что такое connection pooling?
6182,Backend,Backend / Databases,Junior,Когда использовать SQL injection?
6183,Backend,Backend / Databases,Junior,Как оптимизировать запросы с PostgreSQL?
6184,Backend,Backend / Databases,Junior,Какие ошибки проектирования связаны с MySQL?
6185,Backend,Backend / Databases,Junior,Как протестировать решение с MongoDB?
6186,Backend,Backend / Databases,Junior,Как document modeling влияет на консистентность?
6187,Backend,Backend / Databases,Junior,Как Redis влияет на производительность?
6188,Backend,Backend / Databases,Junior,Сравните TTL в SQL и NoSQL.
6189,Backend,Backend / Databases,Junior,Как мониторить cache invalidation?
6190,Backend,Backend / Databases,Junior,Приведите production-пример использования cache stampede.
6191,Backend,Backend / Databases,Junior,Что такое optimistic locking?
6192,Backend,Backend / Databases,Junior,Когда использовать pessimistic locking?
6193,Backend,Backend / Databases,Junior,Как оптимизировать запросы с full-text search?
6194,Backend,Backend / Databases,Junior,Какие ошибки проектирования связаны с materialized views?
6195,Backend,Backend / Databases,Junior,Как протестировать решение с stored procedures?
6196,Backend,Backend / Databases,Junior,Как backup влияет на консистентность?
6197,Backend,Backend / Databases,Junior,Как restore влияет на производительность?
6198,Backend,Backend / Databases,Junior,Сравните consistency в SQL и NoSQL.
6199,Backend,Backend / Databases,Junior,Как мониторить CAP theorem?
6200,Backend,Backend / Databases,Junior,Приведите production-пример использования eventual consistency.
6201,Backend,Backend / Databases,Junior,Что такое ACID?
6202,Backend,Backend / Databases,Junior,Когда использовать transactions?
6203,Backend,Backend / Databases,Junior,Как оптимизировать запросы с isolation levels?
6204,Backend,Backend / Databases,Junior,Какие ошибки проектирования связаны с deadlocks?
6205,Backend,Backend / Databases,Junior,Как протестировать решение с locks?
6206,Backend,Backend / Databases,Junior,Как MVCC влияет на консистентность?
6207,Backend,Backend / Databases,Junior,Как indexes влияет на производительность?
6208,Backend,Backend / Databases,Junior,Сравните composite indexes в SQL и NoSQL.
6209,Backend,Backend / Databases,Junior,Как мониторить covering indexes?
6210,Backend,Backend / Databases,Junior,Приведите production-пример использования query plans.
6211,Backend,Backend / Databases,Junior,Что такое normalization?
6212,Backend,Backend / Databases,Junior,Когда использовать denormalization?
6213,Backend,Backend / Databases,Junior,Как оптимизировать запросы с joins?
6214,Backend,Backend / Databases,Junior,Какие ошибки проектирования связаны с foreign keys?
6215,Backend,Backend / Databases,Junior,Как протестировать решение с constraints?
6216,Backend,Backend / Databases,Junior,Как migrations влияет на консистентность?
6217,Backend,Backend / Databases,Junior,Как replication влияет на производительность?
6218,Backend,Backend / Databases,Junior,Сравните sharding в SQL и NoSQL.
6219,Backend,Backend / Databases,Junior,Как мониторить partitioning?
6220,Backend,Backend / Databases,Junior,Приведите production-пример использования read replicas.
6221,Backend,Backend / Databases,Junior,Что такое connection pooling?
6222,Backend,Backend / Databases,Junior,Когда использовать SQL injection?
6223,Backend,Backend / Databases,Junior,Как оптимизировать запросы с PostgreSQL?
6224,Backend,Backend / Databases,Junior,Какие ошибки проектирования связаны с MySQL?
6225,Backend,Backend / Databases,Junior,Как протестировать решение с MongoDB?
6226,Backend,Backend / Databases,Junior,Как document modeling влияет на консистентность?
6227,Backend,Backend / Databases,Junior,Как Redis влияет на производительность?
6228,Backend,Backend / Databases,Junior,Сравните TTL в SQL и NoSQL.
6229,Backend,Backend / Databases,Junior,Как мониторить cache invalidation?
6230,Backend,Backend / Databases,Junior,Приведите production-пример использования cache stampede.
6231,Backend,Backend / Databases,Junior,Что такое optimistic locking?
6232,Backend,Backend / Databases,Junior,Когда использовать pessimistic locking?
6233,Backend,Backend / Databases,Junior,Как оптимизировать запросы с full-text search?
6234,Backend,Backend / Databases,Junior,Какие ошибки проектирования связаны с materialized views?
6235,Backend,Backend / Databases,Junior,Как протестировать решение с stored procedures?
6236,Backend,Backend / Databases,Junior,Как backup влияет на консистентность?
6237,Backend,Backend / Databases,Junior,Как restore влияет на производительность?
6238,Backend,Backend / Databases,Junior,Сравните consistency в SQL и NoSQL.
6239,Backend,Backend / Databases,Junior,Как мониторить CAP theorem?
6240,Backend,Backend / Databases,Junior,Приведите production-пример использования eventual consistency.
6241,Backend,Backend / Databases,Junior,Что такое ACID?
6242,Backend,Backend / Databases,Junior,Когда использовать transactions?
6243,Backend,Backend / Databases,Junior,Как оптимизировать запросы с isolation levels?
6244,Backend,Backend / Databases,Junior,Какие ошибки проектирования связаны с deadlocks?
6245,Backend,Backend / Databases,Junior,Как протестировать решение с locks?
6246,Backend,Backend / Databases,Junior,Как MVCC влияет на консистентность?
6247,Backend,Backend / Databases,Junior,Как indexes влияет на производительность?
6248,Backend,Backend / Databases,Junior,Сравните composite indexes в SQL и NoSQL.
6249,Backend,Backend / Databases,Junior,Как мониторить covering indexes?
6250,Backend,Backend / Databases,Junior,Приведите production-пример использования query plans.
6251,Backend,Backend / Databases,Junior,Что такое normalization?
6252,Backend,Backend / Databases,Junior,Когда использовать denormalization?
6253,Backend,Backend / Databases,Junior,Как оптимизировать запросы с joins?
6254,Backend,Backend / Databases,Junior,Какие ошибки проектирования связаны с foreign keys?
6255,Backend,Backend / Databases,Junior,Как протестировать решение с constraints?
6256,Backend,Backend / Databases,Junior,Как migrations влияет на консистентность?
6257,Backend,Backend / Databases,Junior,Как replication влияет на производительность?
6258,Backend,Backend / Databases,Junior,Сравните sharding в SQL и NoSQL.
6259,Backend,Backend / Databases,Junior,Как мониторить partitioning?
6260,Backend,Backend / Databases,Junior,Приведите production-пример использования read replicas.
6261,Backend,Backend / Databases,Junior,Что такое connection pooling?
6262,Backend,Backend / Databases,Junior,Когда использовать SQL injection?
6263,Backend,Backend / Databases,Junior,Как оптимизировать запросы с PostgreSQL?
6264,Backend,Backend / Databases,Junior,Какие ошибки проектирования связаны с MySQL?
6265,Backend,Backend / Databases,Junior,Как протестировать решение с MongoDB?
6266,Backend,Backend / Databases,Junior,Как document modeling влияет на консистентность?
6267,Backend,Backend / Databases,Junior,Как Redis влияет на производительность?
6268,Backend,Backend / Databases,Junior,Сравните TTL в SQL и NoSQL.
6269,Backend,Backend / Databases,Junior,Как мониторить cache invalidation?
6270,Backend,Backend / Databases,Junior,Приведите production-пример использования cache stampede.
6271,Backend,Backend / Databases,Junior,Что такое optimistic locking?
6272,Backend,Backend / Databases,Junior,Когда использовать pessimistic locking?
6273,Backend,Backend / Databases,Junior,Как оптимизировать запросы с full-text search?
6274,Backend,Backend / Databases,Junior,Какие ошибки проектирования связаны с materialized views?
6275,Backend,Backend / Databases,Junior,Как протестировать решение с stored procedures?
6276,Backend,Backend / Databases,Junior,Как backup влияет на консистентность?
6277,Backend,Backend / Databases,Junior,Как restore влияет на производительность?
6278,Backend,Backend / Databases,Junior,Сравните consistency в SQL и NoSQL.
6279,Backend,Backend / Databases,Junior,Как мониторить CAP theorem?
6280,Backend,Backend / Databases,Junior,Приведите production-пример использования eventual consistency.
6281,Backend,Backend / Databases,Junior,Что такое ACID?
6282,Backend,Backend / Databases,Junior,Когда использовать transactions?
6283,Backend,Backend / Databases,Junior,Как оптимизировать запросы с isolation levels?
6284,Backend,Backend / Databases,Junior,Какие ошибки проектирования связаны с deadlocks?
6285,Backend,Backend / Databases,Junior,Как протестировать решение с locks?
6286,Backend,Backend / Databases,Junior,Как MVCC влияет на консистентность?
6287,Backend,Backend / Databases,Junior,Как indexes влияет на производительность?
6288,Backend,Backend / Databases,Junior,Сравните composite indexes в SQL и NoSQL.
6289,Backend,Backend / Databases,Junior,Как мониторить covering indexes?
6290,Backend,Backend / Databases,Junior,Приведите production-пример использования query plans.
6291,Backend,Backend / Databases,Junior,Что такое normalization?
6292,Backend,Backend / Databases,Junior,Когда использовать denormalization?
6293,Backend,Backend / Databases,Junior,Как оптимизировать запросы с joins?
6294,Backend,Backend / Databases,Junior,Какие ошибки проектирования связаны с foreign keys?
6295,Backend,Backend / Databases,Junior,Как протестировать решение с constraints?
6296,Backend,Backend / Databases,Junior,Как migrations влияет на консистентность?
6297,Backend,Backend / Databases,Junior,Как replication влияет на производительность?
6298,Backend,Backend / Databases,Junior,Сравните sharding в SQL и NoSQL.
6299,Backend,Backend / Databases,Junior,Как мониторить partitioning?
6300,Backend,Backend / Databases,Junior,Приведите production-пример использования read replicas.
6301,Backend,Backend / Databases,Middle,Что такое connection pooling?
6302,Backend,Backend / Databases,Middle,Когда использовать SQL injection?
6303,Backend,Backend / Databases,Middle,Как оптимизировать запросы с PostgreSQL?
6304,Backend,Backend / Databases,Middle,Какие ошибки проектирования связаны с MySQL?
6305,Backend,Backend / Databases,Middle,Как протестировать решение с MongoDB?
6306,Backend,Backend / Databases,Middle,Как document modeling влияет на консистентность?
6307,Backend,Backend / Databases,Middle,Как Redis влияет на производительность?
6308,Backend,Backend / Databases,Middle,Сравните TTL в SQL и NoSQL.
6309,Backend,Backend / Databases,Middle,Как мониторить cache invalidation?
6310,Backend,Backend / Databases,Middle,Приведите production-пример использования cache stampede.
6311,Backend,Backend / Databases,Middle,Что такое optimistic locking?
6312,Backend,Backend / Databases,Middle,Когда использовать pessimistic locking?
6313,Backend,Backend / Databases,Middle,Как оптимизировать запросы с full-text search?
6314,Backend,Backend / Databases,Middle,Какие ошибки проектирования связаны с materialized views?
6315,Backend,Backend / Databases,Middle,Как протестировать решение с stored procedures?
6316,Backend,Backend / Databases,Middle,Как backup влияет на консистентность?
6317,Backend,Backend / Databases,Middle,Как restore влияет на производительность?
6318,Backend,Backend / Databases,Middle,Сравните consistency в SQL и NoSQL.
6319,Backend,Backend / Databases,Middle,Как мониторить CAP theorem?
6320,Backend,Backend / Databases,Middle,Приведите production-пример использования eventual consistency.
6321,Backend,Backend / Databases,Middle,Что такое ACID?
6322,Backend,Backend / Databases,Middle,Когда использовать transactions?
6323,Backend,Backend / Databases,Middle,Как оптимизировать запросы с isolation levels?
6324,Backend,Backend / Databases,Middle,Какие ошибки проектирования связаны с deadlocks?
6325,Backend,Backend / Databases,Middle,Как протестировать решение с locks?
6326,Backend,Backend / Databases,Middle,Как MVCC влияет на консистентность?
6327,Backend,Backend / Databases,Middle,Как indexes влияет на производительность?
6328,Backend,Backend / Databases,Middle,Сравните composite indexes в SQL и NoSQL.
6329,Backend,Backend / Databases,Middle,Как мониторить covering indexes?
6330,Backend,Backend / Databases,Middle,Приведите production-пример использования query plans.
6331,Backend,Backend / Databases,Middle,Что такое normalization?
6332,Backend,Backend / Databases,Middle,Когда использовать denormalization?
6333,Backend,Backend / Databases,Middle,Как оптимизировать запросы с joins?
6334,Backend,Backend / Databases,Middle,Какие ошибки проектирования связаны с foreign keys?
6335,Backend,Backend / Databases,Middle,Как протестировать решение с constraints?
6336,Backend,Backend / Databases,Middle,Как migrations влияет на консистентность?
6337,Backend,Backend / Databases,Middle,Как replication влияет на производительность?
6338,Backend,Backend / Databases,Middle,Сравните sharding в SQL и NoSQL.
6339,Backend,Backend / Databases,Middle,Как мониторить partitioning?
6340,Backend,Backend / Databases,Middle,Приведите production-пример использования read replicas.
6341,Backend,Backend / Databases,Middle,Что такое connection pooling?
6342,Backend,Backend / Databases,Middle,Когда использовать SQL injection?
6343,Backend,Backend / Databases,Middle,Как оптимизировать запросы с PostgreSQL?
6344,Backend,Backend / Databases,Middle,Какие ошибки проектирования связаны с MySQL?
6345,Backend,Backend / Databases,Middle,Как протестировать решение с MongoDB?
6346,Backend,Backend / Databases,Middle,Как document modeling влияет на консистентность?
6347,Backend,Backend / Databases,Middle,Как Redis влияет на производительность?
6348,Backend,Backend / Databases,Middle,Сравните TTL в SQL и NoSQL.
6349,Backend,Backend / Databases,Middle,Как мониторить cache invalidation?
6350,Backend,Backend / Databases,Middle,Приведите production-пример использования cache stampede.
6351,Backend,Backend / Databases,Middle,Что такое optimistic locking?
6352,Backend,Backend / Databases,Middle,Когда использовать pessimistic locking?
6353,Backend,Backend / Databases,Middle,Как оптимизировать запросы с full-text search?
6354,Backend,Backend / Databases,Middle,Какие ошибки проектирования связаны с materialized views?
6355,Backend,Backend / Databases,Middle,Как протестировать решение с stored procedures?
6356,Backend,Backend / Databases,Middle,Как backup влияет на консистентность?
6357,Backend,Backend / Databases,Middle,Как restore влияет на производительность?
6358,Backend,Backend / Databases,Middle,Сравните consistency в SQL и NoSQL.
6359,Backend,Backend / Databases,Middle,Как мониторить CAP theorem?
6360,Backend,Backend / Databases,Middle,Приведите production-пример использования eventual consistency.
6361,Backend,Backend / Databases,Middle,Что такое ACID?
6362,Backend,Backend / Databases,Middle,Когда использовать transactions?
6363,Backend,Backend / Databases,Middle,Как оптимизировать запросы с isolation levels?
6364,Backend,Backend / Databases,Middle,Какие ошибки проектирования связаны с deadlocks?
6365,Backend,Backend / Databases,Middle,Как протестировать решение с locks?
6366,Backend,Backend / Databases,Middle,Как MVCC влияет на консистентность?
6367,Backend,Backend / Databases,Middle,Как indexes влияет на производительность?
6368,Backend,Backend / Databases,Middle,Сравните composite indexes в SQL и NoSQL.
6369,Backend,Backend / Databases,Middle,Как мониторить covering indexes?
6370,Backend,Backend / Databases,Middle,Приведите production-пример использования query plans.
6371,Backend,Backend / Databases,Middle,Что такое normalization?
6372,Backend,Backend / Databases,Middle,Когда использовать denormalization?
6373,Backend,Backend / Databases,Middle,Как оптимизировать запросы с joins?
6374,Backend,Backend / Databases,Middle,Какие ошибки проектирования связаны с foreign keys?
6375,Backend,Backend / Databases,Middle,Как протестировать решение с constraints?
6376,Backend,Backend / Databases,Middle,Как migrations влияет на консистентность?
6377,Backend,Backend / Databases,Middle,Как replication влияет на производительность?
6378,Backend,Backend / Databases,Middle,Сравните sharding в SQL и NoSQL.
6379,Backend,Backend / Databases,Middle,Как мониторить partitioning?
6380,Backend,Backend / Databases,Middle,Приведите production-пример использования read replicas.
6381,Backend,Backend / Databases,Middle,Что такое connection pooling?
6382,Backend,Backend / Databases,Middle,Когда использовать SQL injection?
6383,Backend,Backend / Databases,Middle,Как оптимизировать запросы с PostgreSQL?
6384,Backend,Backend / Databases,Middle,Какие ошибки проектирования связаны с MySQL?
6385,Backend,Backend / Databases,Middle,Как протестировать решение с MongoDB?
6386,Backend,Backend / Databases,Middle,Как document modeling влияет на консистентность?
6387,Backend,Backend / Databases,Middle,Как Redis влияет на производительность?
6388,Backend,Backend / Databases,Middle,Сравните TTL в SQL и NoSQL.
6389,Backend,Backend / Databases,Middle,Как мониторить cache invalidation?
6390,Backend,Backend / Databases,Middle,Приведите production-пример использования cache stampede.
6391,Backend,Backend / Databases,Middle,Что такое optimistic locking?
6392,Backend,Backend / Databases,Middle,Когда использовать pessimistic locking?
6393,Backend,Backend / Databases,Middle,Как оптимизировать запросы с full-text search?
6394,Backend,Backend / Databases,Middle,Какие ошибки проектирования связаны с materialized views?
6395,Backend,Backend / Databases,Middle,Как протестировать решение с stored procedures?
6396,Backend,Backend / Databases,Middle,Как backup влияет на консистентность?
6397,Backend,Backend / Databases,Middle,Как restore влияет на производительность?
6398,Backend,Backend / Databases,Middle,Сравните consistency в SQL и NoSQL.
6399,Backend,Backend / Databases,Middle,Как мониторить CAP theorem?
6400,Backend,Backend / Databases,Middle,Приведите production-пример использования eventual consistency.
6401,Backend,Backend / Databases,Middle,Что такое ACID?
6402,Backend,Backend / Databases,Middle,Когда использовать transactions?
6403,Backend,Backend / Databases,Middle,Как оптимизировать запросы с isolation levels?
6404,Backend,Backend / Databases,Middle,Какие ошибки проектирования связаны с deadlocks?
6405,Backend,Backend / Databases,Middle,Как протестировать решение с locks?
6406,Backend,Backend / Databases,Middle,Как MVCC влияет на консистентность?
6407,Backend,Backend / Databases,Middle,Как indexes влияет на производительность?
6408,Backend,Backend / Databases,Middle,Сравните composite indexes в SQL и NoSQL.
6409,Backend,Backend / Databases,Middle,Как мониторить covering indexes?
6410,Backend,Backend / Databases,Middle,Приведите production-пример использования query plans.
6411,Backend,Backend / Databases,Middle,Что такое normalization?
6412,Backend,Backend / Databases,Middle,Когда использовать denormalization?
6413,Backend,Backend / Databases,Middle,Как оптимизировать запросы с joins?
6414,Backend,Backend / Databases,Middle,Какие ошибки проектирования связаны с foreign keys?
6415,Backend,Backend / Databases,Middle,Как протестировать решение с constraints?
6416,Backend,Backend / Databases,Middle,Как migrations влияет на консистентность?
6417,Backend,Backend / Databases,Middle,Как replication влияет на производительность?
6418,Backend,Backend / Databases,Middle,Сравните sharding в SQL и NoSQL.
6419,Backend,Backend / Databases,Middle,Как мониторить partitioning?
6420,Backend,Backend / Databases,Middle,Приведите production-пример использования read replicas.
6421,Backend,Backend / Databases,Middle,Что такое connection pooling?
6422,Backend,Backend / Databases,Middle,Когда использовать SQL injection?
6423,Backend,Backend / Databases,Middle,Как оптимизировать запросы с PostgreSQL?
6424,Backend,Backend / Databases,Middle,Какие ошибки проектирования связаны с MySQL?
6425,Backend,Backend / Databases,Middle,Как протестировать решение с MongoDB?
6426,Backend,Backend / Databases,Middle,Как document modeling влияет на консистентность?
6427,Backend,Backend / Databases,Middle,Как Redis влияет на производительность?
6428,Backend,Backend / Databases,Middle,Сравните TTL в SQL и NoSQL.
6429,Backend,Backend / Databases,Middle,Как мониторить cache invalidation?
6430,Backend,Backend / Databases,Middle,Приведите production-пример использования cache stampede.
6431,Backend,Backend / Databases,Middle,Что такое optimistic locking?
6432,Backend,Backend / Databases,Middle,Когда использовать pessimistic locking?
6433,Backend,Backend / Databases,Middle,Как оптимизировать запросы с full-text search?
6434,Backend,Backend / Databases,Middle,Какие ошибки проектирования связаны с materialized views?
6435,Backend,Backend / Databases,Middle,Как протестировать решение с stored procedures?
6436,Backend,Backend / Databases,Middle,Как backup влияет на консистентность?
6437,Backend,Backend / Databases,Middle,Как restore влияет на производительность?
6438,Backend,Backend / Databases,Middle,Сравните consistency в SQL и NoSQL.
6439,Backend,Backend / Databases,Middle,Как мониторить CAP theorem?
6440,Backend,Backend / Databases,Middle,Приведите production-пример использования eventual consistency.
6441,Backend,Backend / Databases,Middle,Что такое ACID?
6442,Backend,Backend / Databases,Middle,Когда использовать transactions?
6443,Backend,Backend / Databases,Middle,Как оптимизировать запросы с isolation levels?
6444,Backend,Backend / Databases,Middle,Какие ошибки проектирования связаны с deadlocks?
6445,Backend,Backend / Databases,Middle,Как протестировать решение с locks?
6446,Backend,Backend / Databases,Middle,Как MVCC влияет на консистентность?
6447,Backend,Backend / Databases,Middle,Как indexes влияет на производительность?
6448,Backend,Backend / Databases,Middle,Сравните composite indexes в SQL и NoSQL.
6449,Backend,Backend / Databases,Middle,Как мониторить covering indexes?
6450,Backend,Backend / Databases,Middle,Приведите production-пример использования query plans.
6451,Backend,Backend / Databases,Middle,Что такое normalization?
6452,Backend,Backend / Databases,Middle,Когда использовать denormalization?
6453,Backend,Backend / Databases,Middle,Как оптимизировать запросы с joins?
6454,Backend,Backend / Databases,Middle,Какие ошибки проектирования связаны с foreign keys?
6455,Backend,Backend / Databases,Middle,Как протестировать решение с constraints?
6456,Backend,Backend / Databases,Middle,Как migrations влияет на консистентность?
6457,Backend,Backend / Databases,Middle,Как replication влияет на производительность?
6458,Backend,Backend / Databases,Middle,Сравните sharding в SQL и NoSQL.
6459,Backend,Backend / Databases,Middle,Как мониторить partitioning?
6460,Backend,Backend / Databases,Middle,Приведите production-пример использования read replicas.
6461,Backend,Backend / Databases,Middle,Что такое connection pooling?
6462,Backend,Backend / Databases,Middle,Когда использовать SQL injection?
6463,Backend,Backend / Databases,Middle,Как оптимизировать запросы с PostgreSQL?
6464,Backend,Backend / Databases,Middle,Какие ошибки проектирования связаны с MySQL?
6465,Backend,Backend / Databases,Middle,Как протестировать решение с MongoDB?
6466,Backend,Backend / Databases,Middle,Как document modeling влияет на консистентность?
6467,Backend,Backend / Databases,Middle,Как Redis влияет на производительность?
6468,Backend,Backend / Databases,Middle,Сравните TTL в SQL и NoSQL.
6469,Backend,Backend / Databases,Middle,Как мониторить cache invalidation?
6470,Backend,Backend / Databases,Middle,Приведите production-пример использования cache stampede.
6471,Backend,Backend / Databases,Middle,Что такое optimistic locking?
6472,Backend,Backend / Databases,Middle,Когда использовать pessimistic locking?
6473,Backend,Backend / Databases,Middle,Как оптимизировать запросы с full-text search?
6474,Backend,Backend / Databases,Middle,Какие ошибки проектирования связаны с materialized views?
6475,Backend,Backend / Databases,Middle,Как протестировать решение с stored procedures?
6476,Backend,Backend / Databases,Middle,Как backup влияет на консистентность?
6477,Backend,Backend / Databases,Middle,Как restore влияет на производительность?
6478,Backend,Backend / Databases,Middle,Сравните consistency в SQL и NoSQL.
6479,Backend,Backend / Databases,Middle,Как мониторить CAP theorem?
6480,Backend,Backend / Databases,Middle,Приведите production-пример использования eventual consistency.
6481,Backend,Backend / Databases,Middle,Что такое ACID?
6482,Backend,Backend / Databases,Middle,Когда использовать transactions?
6483,Backend,Backend / Databases,Middle,Как оптимизировать запросы с isolation levels?
6484,Backend,Backend / Databases,Middle,Какие ошибки проектирования связаны с deadlocks?
6485,Backend,Backend / Databases,Middle,Как протестировать решение с locks?
6486,Backend,Backend / Databases,Middle,Как MVCC влияет на консистентность?
6487,Backend,Backend / Databases,Middle,Как indexes влияет на производительность?
6488,Backend,Backend / Databases,Middle,Сравните composite indexes в SQL и NoSQL.
6489,Backend,Backend / Databases,Middle,Как мониторить covering indexes?
6490,Backend,Backend / Databases,Middle,Приведите production-пример использования query plans.
6491,Backend,Backend / Databases,Middle,Что такое normalization?
6492,Backend,Backend / Databases,Middle,Когда использовать denormalization?
6493,Backend,Backend / Databases,Middle,Как оптимизировать запросы с joins?
6494,Backend,Backend / Databases,Middle,Какие ошибки проектирования связаны с foreign keys?
6495,Backend,Backend / Databases,Middle,Как протестировать решение с constraints?
6496,Backend,Backend / Databases,Middle,Как migrations влияет на консистентность?
6497,Backend,Backend / Databases,Middle,Как replication влияет на производительность?
6498,Backend,Backend / Databases,Middle,Сравните sharding в SQL и NoSQL.
6499,Backend,Backend / Databases,Middle,Как мониторить partitioning?
6500,Backend,Backend / Databases,Middle,Приведите production-пример использования read replicas.
6501,Backend,Backend / Databases,Middle,Что такое connection pooling?
6502,Backend,Backend / Databases,Middle,Когда использовать SQL injection?
6503,Backend,Backend / Databases,Middle,Как оптимизировать запросы с PostgreSQL?
6504,Backend,Backend / Databases,Middle,Какие ошибки проектирования связаны с MySQL?
6505,Backend,Backend / Databases,Middle,Как протестировать решение с MongoDB?
6506,Backend,Backend / Databases,Middle,Как document modeling влияет на консистентность?
6507,Backend,Backend / Databases,Middle,Как Redis влияет на производительность?
6508,Backend,Backend / Databases,Middle,Сравните TTL в SQL и NoSQL.
6509,Backend,Backend / Databases,Middle,Как мониторить cache invalidation?
6510,Backend,Backend / Databases,Middle,Приведите production-пример использования cache stampede.
6511,Backend,Backend / Databases,Middle,Что такое optimistic locking?
6512,Backend,Backend / Databases,Middle,Когда использовать pessimistic locking?
6513,Backend,Backend / Databases,Middle,Как оптимизировать запросы с full-text search?
6514,Backend,Backend / Databases,Middle,Какие ошибки проектирования связаны с materialized views?
6515,Backend,Backend / Databases,Middle,Как протестировать решение с stored procedures?
6516,Backend,Backend / Databases,Middle,Как backup влияет на консистентность?
6517,Backend,Backend / Databases,Middle,Как restore влияет на производительность?
6518,Backend,Backend / Databases,Middle,Сравните consistency в SQL и NoSQL.
6519,Backend,Backend / Databases,Middle,Как мониторить CAP theorem?
6520,Backend,Backend / Databases,Middle,Приведите production-пример использования eventual consistency.
6521,Backend,Backend / Databases,Middle,Что такое ACID?
6522,Backend,Backend / Databases,Middle,Когда использовать transactions?
6523,Backend,Backend / Databases,Middle,Как оптимизировать запросы с isolation levels?
6524,Backend,Backend / Databases,Middle,Какие ошибки проектирования связаны с deadlocks?
6525,Backend,Backend / Databases,Middle,Как протестировать решение с locks?
6526,Backend,Backend / Databases,Middle,Как MVCC влияет на консистентность?
6527,Backend,Backend / Databases,Middle,Как indexes влияет на производительность?
6528,Backend,Backend / Databases,Middle,Сравните composite indexes в SQL и NoSQL.
6529,Backend,Backend / Databases,Middle,Как мониторить covering indexes?
6530,Backend,Backend / Databases,Middle,Приведите production-пример использования query plans.
6531,Backend,Backend / Databases,Middle,Что такое normalization?
6532,Backend,Backend / Databases,Middle,Когда использовать denormalization?
6533,Backend,Backend / Databases,Middle,Как оптимизировать запросы с joins?
6534,Backend,Backend / Databases,Middle,Какие ошибки проектирования связаны с foreign keys?
6535,Backend,Backend / Databases,Middle,Как протестировать решение с constraints?
6536,Backend,Backend / Databases,Middle,Как migrations влияет на консистентность?
6537,Backend,Backend / Databases,Middle,Как replication влияет на производительность?
6538,Backend,Backend / Databases,Middle,Сравните sharding в SQL и NoSQL.
6539,Backend,Backend / Databases,Middle,Как мониторить partitioning?
6540,Backend,Backend / Databases,Middle,Приведите production-пример использования read replicas.
6541,Backend,Backend / Databases,Middle,Что такое connection pooling?
6542,Backend,Backend / Databases,Middle,Когда использовать SQL injection?
6543,Backend,Backend / Databases,Middle,Как оптимизировать запросы с PostgreSQL?
6544,Backend,Backend / Databases,Middle,Какие ошибки проектирования связаны с MySQL?
6545,Backend,Backend / Databases,Middle,Как протестировать решение с MongoDB?
6546,Backend,Backend / Databases,Middle,Как document modeling влияет на консистентность?
6547,Backend,Backend / Databases,Middle,Как Redis влияет на производительность?
6548,Backend,Backend / Databases,Middle,Сравните TTL в SQL и NoSQL.
6549,Backend,Backend / Databases,Middle,Как мониторить cache invalidation?
6550,Backend,Backend / Databases,Middle,Приведите production-пример использования cache stampede.
6551,Backend,Backend / Databases,Middle,Что такое optimistic locking?
6552,Backend,Backend / Databases,Middle,Когда использовать pessimistic locking?
6553,Backend,Backend / Databases,Middle,Как оптимизировать запросы с full-text search?
6554,Backend,Backend / Databases,Middle,Какие ошибки проектирования связаны с materialized views?
6555,Backend,Backend / Databases,Middle,Как протестировать решение с stored procedures?
6556,Backend,Backend / Databases,Middle,Как backup влияет на консистентность?
6557,Backend,Backend / Databases,Middle,Как restore влияет на производительность?
6558,Backend,Backend / Databases,Middle,Сравните consistency в SQL и NoSQL.
6559,Backend,Backend / Databases,Middle,Как мониторить CAP theorem?
6560,Backend,Backend / Databases,Middle,Приведите production-пример использования eventual consistency.
6561,Backend,Backend / Databases,Middle,Что такое ACID?
6562,Backend,Backend / Databases,Middle,Когда использовать transactions?
6563,Backend,Backend / Databases,Middle,Как оптимизировать запросы с isolation levels?
6564,Backend,Backend / Databases,Middle,Какие ошибки проектирования связаны с deadlocks?
6565,Backend,Backend / Databases,Middle,Как протестировать решение с locks?
6566,Backend,Backend / Databases,Middle,Как MVCC влияет на консистентность?
6567,Backend,Backend / Databases,Middle,Как indexes влияет на производительность?
6568,Backend,Backend / Databases,Middle,Сравните composite indexes в SQL и NoSQL.
6569,Backend,Backend / Databases,Middle,Как мониторить covering indexes?
6570,Backend,Backend / Databases,Middle,Приведите production-пример использования query plans.
6571,Backend,Backend / Databases,Middle,Что такое normalization?
6572,Backend,Backend / Databases,Middle,Когда использовать denormalization?
6573,Backend,Backend / Databases,Middle,Как оптимизировать запросы с joins?
6574,Backend,Backend / Databases,Middle,Какие ошибки проектирования связаны с foreign keys?
6575,Backend,Backend / Databases,Middle,Как протестировать решение с constraints?
6576,Backend,Backend / Databases,Middle,Как migrations влияет на консистентность?
6577,Backend,Backend / Databases,Middle,Как replication влияет на производительность?
6578,Backend,Backend / Databases,Middle,Сравните sharding в SQL и NoSQL.
6579,Backend,Backend / Databases,Middle,Как мониторить partitioning?
6580,Backend,Backend / Databases,Middle,Приведите production-пример использования read replicas.
6581,Backend,Backend / Databases,Middle,Что такое connection pooling?
6582,Backend,Backend / Databases,Middle,Когда использовать SQL injection?
6583,Backend,Backend / Databases,Middle,Как оптимизировать запросы с PostgreSQL?
6584,Backend,Backend / Databases,Middle,Какие ошибки проектирования связаны с MySQL?
6585,Backend,Backend / Databases,Middle,Как протестировать решение с MongoDB?
6586,Backend,Backend / Databases,Middle,Как document modeling влияет на консистентность?
6587,Backend,Backend / Databases,Middle,Как Redis влияет на производительность?
6588,Backend,Backend / Databases,Middle,Сравните TTL в SQL и NoSQL.
6589,Backend,Backend / Databases,Middle,Как мониторить cache invalidation?
6590,Backend,Backend / Databases,Middle,Приведите production-пример использования cache stampede.
6591,Backend,Backend / Databases,Middle,Что такое optimistic locking?
6592,Backend,Backend / Databases,Middle,Когда использовать pessimistic locking?
6593,Backend,Backend / Databases,Middle,Как оптимизировать запросы с full-text search?
6594,Backend,Backend / Databases,Middle,Какие ошибки проектирования связаны с materialized views?
6595,Backend,Backend / Databases,Middle,Как протестировать решение с stored procedures?
6596,Backend,Backend / Databases,Middle,Как backup влияет на консистентность?
6597,Backend,Backend / Databases,Middle,Как restore влияет на производительность?
6598,Backend,Backend / Databases,Middle,Сравните consistency в SQL и NoSQL.
6599,Backend,Backend / Databases,Middle,Как мониторить CAP theorem?
6600,Backend,Backend / Databases,Middle,Приведите production-пример использования eventual consistency.
6601,Backend,Backend / Databases,Middle,Что такое ACID?
6602,Backend,Backend / Databases,Middle,Когда использовать transactions?
6603,Backend,Backend / Databases,Middle,Как оптимизировать запросы с isolation levels?
6604,Backend,Backend / Databases,Middle,Какие ошибки проектирования связаны с deadlocks?
6605,Backend,Backend / Databases,Middle,Как протестировать решение с locks?
6606,Backend,Backend / Databases,Middle,Как MVCC влияет на консистентность?
6607,Backend,Backend / Databases,Middle,Как indexes влияет на производительность?
6608,Backend,Backend / Databases,Middle,Сравните composite indexes в SQL и NoSQL.
6609,Backend,Backend / Databases,Middle,Как мониторить covering indexes?
6610,Backend,Backend / Databases,Middle,Приведите production-пример использования query plans.
6611,Backend,Backend / Databases,Middle,Что такое normalization?
6612,Backend,Backend / Databases,Middle,Когда использовать denormalization?
6613,Backend,Backend / Databases,Middle,Как оптимизировать запросы с joins?
6614,Backend,Backend / Databases,Middle,Какие ошибки проектирования связаны с foreign keys?
6615,Backend,Backend / Databases,Middle,Как протестировать решение с constraints?
6616,Backend,Backend / Databases,Middle,Как migrations влияет на консистентность?
6617,Backend,Backend / Databases,Middle,Как replication влияет на производительность?
6618,Backend,Backend / Databases,Middle,Сравните sharding в SQL и NoSQL.
6619,Backend,Backend / Databases,Middle,Как мониторить partitioning?
6620,Backend,Backend / Databases,Middle,Приведите production-пример использования read replicas.
6621,Backend,Backend / Databases,Middle,Что такое connection pooling?
6622,Backend,Backend / Databases,Middle,Когда использовать SQL injection?
6623,Backend,Backend / Databases,Middle,Как оптимизировать запросы с PostgreSQL?
6624,Backend,Backend / Databases,Middle,Какие ошибки проектирования связаны с MySQL?
6625,Backend,Backend / Databases,Middle,Как протестировать решение с MongoDB?
6626,Backend,Backend / Databases,Middle,Как document modeling влияет на консистентность?
6627,Backend,Backend / Databases,Middle,Как Redis влияет на производительность?
6628,Backend,Backend / Databases,Middle,Сравните TTL в SQL и NoSQL.
6629,Backend,Backend / Databases,Middle,Как мониторить cache invalidation?
6630,Backend,Backend / Databases,Middle,Приведите production-пример использования cache stampede.
6631,Backend,Backend / Databases,Middle,Что такое optimistic locking?
6632,Backend,Backend / Databases,Middle,Когда использовать pessimistic locking?
6633,Backend,Backend / Databases,Middle,Как оптимизировать запросы с full-text search?
6634,Backend,Backend / Databases,Middle,Какие ошибки проектирования связаны с materialized views?
6635,Backend,Backend / Databases,Middle,Как протестировать решение с stored procedures?
6636,Backend,Backend / Databases,Middle,Как backup влияет на консистентность?
6637,Backend,Backend / Databases,Middle,Как restore влияет на производительность?
6638,Backend,Backend / Databases,Middle,Сравните consistency в SQL и NoSQL.
6639,Backend,Backend / Databases,Middle,Как мониторить CAP theorem?
6640,Backend,Backend / Databases,Middle,Приведите production-пример использования eventual consistency.
6641,Backend,Backend / Databases,Middle,Что такое ACID?
6642,Backend,Backend / Databases,Middle,Когда использовать transactions?
6643,Backend,Backend / Databases,Middle,Как оптимизировать запросы с isolation levels?
6644,Backend,Backend / Databases,Middle,Какие ошибки проектирования связаны с deadlocks?
6645,Backend,Backend / Databases,Middle,Как протестировать решение с locks?
6646,Backend,Backend / Databases,Middle,Как MVCC влияет на консистентность?
6647,Backend,Backend / Databases,Middle,Как indexes влияет на производительность?
6648,Backend,Backend / Databases,Middle,Сравните composite indexes в SQL и NoSQL.
6649,Backend,Backend / Databases,Middle,Как мониторить covering indexes?
6650,Backend,Backend / Databases,Middle,Приведите production-пример использования query plans.
6651,Backend,Backend / Databases,Middle,Что такое normalization?
6652,Backend,Backend / Databases,Middle,Когда использовать denormalization?
6653,Backend,Backend / Databases,Middle,Как оптимизировать запросы с joins?
6654,Backend,Backend / Databases,Middle,Какие ошибки проектирования связаны с foreign keys?
6655,Backend,Backend / Databases,Middle,Как протестировать решение с constraints?
6656,Backend,Backend / Databases,Middle,Как migrations влияет на консистентность?
6657,Backend,Backend / Databases,Middle,Как replication влияет на производительность?
6658,Backend,Backend / Databases,Middle,Сравните sharding в SQL и NoSQL.
6659,Backend,Backend / Databases,Middle,Как мониторить partitioning?
6660,Backend,Backend / Databases,Middle,Приведите production-пример использования read replicas.
6661,Backend,Backend / Databases,Middle,Что такое connection pooling?
6662,Backend,Backend / Databases,Middle,Когда использовать SQL injection?
6663,Backend,Backend / Databases,Middle,Как оптимизировать запросы с PostgreSQL?
6664,Backend,Backend / Databases,Middle,Какие ошибки проектирования связаны с MySQL?
6665,Backend,Backend / Databases,Middle,Как протестировать решение с MongoDB?
6666,Backend,Backend / Databases,Middle,Как document modeling влияет на консистентность?
6667,Backend,Backend / Databases,Middle,Как Redis влияет на производительность?
6668,Backend,Backend / Databases,Middle,Сравните TTL в SQL и NoSQL.
6669,Backend,Backend / Databases,Middle,Как мониторить cache invalidation?
6670,Backend,Backend / Databases,Middle,Приведите production-пример использования cache stampede.
6671,Backend,Backend / Databases,Middle,Что такое optimistic locking?
6672,Backend,Backend / Databases,Middle,Когда использовать pessimistic locking?
6673,Backend,Backend / Databases,Middle,Как оптимизировать запросы с full-text search?
6674,Backend,Backend / Databases,Middle,Какие ошибки проектирования связаны с materialized views?
6675,Backend,Backend / Databases,Middle,Как протестировать решение с stored procedures?
6676,Backend,Backend / Databases,Middle,Как backup влияет на консистентность?
6677,Backend,Backend / Databases,Middle,Как restore влияет на производительность?
6678,Backend,Backend / Databases,Middle,Сравните consistency в SQL и NoSQL.
6679,Backend,Backend / Databases,Middle,Как мониторить CAP theorem?
6680,Backend,Backend / Databases,Middle,Приведите production-пример использования eventual consistency.
6681,Backend,Backend / Databases,Middle,Что такое ACID?
6682,Backend,Backend / Databases,Middle,Когда использовать transactions?
6683,Backend,Backend / Databases,Middle,Как оптимизировать запросы с isolation levels?
6684,Backend,Backend / Databases,Middle,Какие ошибки проектирования связаны с deadlocks?
6685,Backend,Backend / Databases,Middle,Как протестировать решение с locks?
6686,Backend,Backend / Databases,Middle,Как MVCC влияет на консистентность?
6687,Backend,Backend / Databases,Middle,Как indexes влияет на производительность?
6688,Backend,Backend / Databases,Middle,Сравните composite indexes в SQL и NoSQL.
6689,Backend,Backend / Databases,Middle,Как мониторить covering indexes?
6690,Backend,Backend / Databases,Middle,Приведите production-пример использования query plans.
6691,Backend,Backend / Databases,Middle,Что такое normalization?
6692,Backend,Backend / Databases,Middle,Когда использовать denormalization?
6693,Backend,Backend / Databases,Middle,Как оптимизировать запросы с joins?
6694,Backend,Backend / Databases,Middle,Какие ошибки проектирования связаны с foreign keys?
6695,Backend,Backend / Databases,Middle,Как протестировать решение с constraints?
6696,Backend,Backend / Databases,Middle,Как migrations влияет на консистентность?
6697,Backend,Backend / Databases,Middle,Как replication влияет на производительность?
6698,Backend,Backend / Databases,Middle,Сравните sharding в SQL и NoSQL.
6699,Backend,Backend / Databases,Middle,Как мониторить partitioning?
6700,Backend,Backend / Databases,Middle,Приведите production-пример использования read replicas.
6701,Backend,Backend / Databases,Middle,Что такое connection pooling?
6702,Backend,Backend / Databases,Middle,Когда использовать SQL injection?
6703,Backend,Backend / Databases,Middle,Как оптимизировать запросы с PostgreSQL?
6704,Backend,Backend / Databases,Middle,Какие ошибки проектирования связаны с MySQL?
6705,Backend,Backend / Databases,Middle,Как протестировать решение с MongoDB?
6706,Backend,Backend / Databases,Middle,Как document modeling влияет на консистентность?
6707,Backend,Backend / Databases,Middle,Как Redis влияет на производительность?
6708,Backend,Backend / Databases,Middle,Сравните TTL в SQL и NoSQL.
6709,Backend,Backend / Databases,Middle,Как мониторить cache invalidation?
6710,Backend,Backend / Databases,Middle,Приведите production-пример использования cache stampede.
6711,Backend,Backend / Databases,Middle,Что такое optimistic locking?
6712,Backend,Backend / Databases,Middle,Когда использовать pessimistic locking?
6713,Backend,Backend / Databases,Middle,Как оптимизировать запросы с full-text search?
6714,Backend,Backend / Databases,Middle,Какие ошибки проектирования связаны с materialized views?
6715,Backend,Backend / Databases,Middle,Как протестировать решение с stored procedures?
6716,Backend,Backend / Databases,Middle,Как backup влияет на консистентность?
6717,Backend,Backend / Databases,Middle,Как restore влияет на производительность?
6718,Backend,Backend / Databases,Middle,Сравните consistency в SQL и NoSQL.
6719,Backend,Backend / Databases,Middle,Как мониторить CAP theorem?
6720,Backend,Backend / Databases,Middle,Приведите production-пример использования eventual consistency.
6721,Backend,Backend / Databases,Middle,Что такое ACID?
6722,Backend,Backend / Databases,Middle,Когда использовать transactions?
6723,Backend,Backend / Databases,Middle,Как оптимизировать запросы с isolation levels?
6724,Backend,Backend / Databases,Middle,Какие ошибки проектирования связаны с deadlocks?
6725,Backend,Backend / Databases,Middle,Как протестировать решение с locks?
6726,Backend,Backend / Databases,Middle,Как MVCC влияет на консистентность?
6727,Backend,Backend / Databases,Middle,Как indexes влияет на производительность?
6728,Backend,Backend / Databases,Middle,Сравните composite indexes в SQL и NoSQL.
6729,Backend,Backend / Databases,Middle,Как мониторить covering indexes?
6730,Backend,Backend / Databases,Middle,Приведите production-пример использования query plans.
6731,Backend,Backend / Databases,Middle,Что такое normalization?
6732,Backend,Backend / Databases,Middle,Когда использовать denormalization?
6733,Backend,Backend / Databases,Middle,Как оптимизировать запросы с joins?
6734,Backend,Backend / Databases,Middle,Какие ошибки проектирования связаны с foreign keys?
6735,Backend,Backend / Databases,Middle,Как протестировать решение с constraints?
6736,Backend,Backend / Databases,Middle,Как migrations влияет на консистентность?
6737,Backend,Backend / Databases,Middle,Как replication влияет на производительность?
6738,Backend,Backend / Databases,Middle,Сравните sharding в SQL и NoSQL.
6739,Backend,Backend / Databases,Middle,Как мониторить partitioning?
6740,Backend,Backend / Databases,Middle,Приведите production-пример использования read replicas.
6741,Backend,Backend / Databases,Middle,Что такое connection pooling?
6742,Backend,Backend / Databases,Middle,Когда использовать SQL injection?
6743,Backend,Backend / Databases,Middle,Как оптимизировать запросы с PostgreSQL?
6744,Backend,Backend / Databases,Middle,Какие ошибки проектирования связаны с MySQL?
6745,Backend,Backend / Databases,Middle,Как протестировать решение с MongoDB?
6746,Backend,Backend / Databases,Middle,Как document modeling влияет на консистентность?
6747,Backend,Backend / Databases,Middle,Как Redis влияет на производительность?
6748,Backend,Backend / Databases,Middle,Сравните TTL в SQL и NoSQL.
6749,Backend,Backend / Databases,Middle,Как мониторить cache invalidation?
6750,Backend,Backend / Databases,Middle,Приведите production-пример использования cache stampede.
6751,Backend,Backend / Databases,Senior,Что такое optimistic locking?
6752,Backend,Backend / Databases,Senior,Когда использовать pessimistic locking?
6753,Backend,Backend / Databases,Senior,Как оптимизировать запросы с full-text search?
6754,Backend,Backend / Databases,Senior,Какие ошибки проектирования связаны с materialized views?
6755,Backend,Backend / Databases,Senior,Как протестировать решение с stored procedures?
6756,Backend,Backend / Databases,Senior,Как backup влияет на консистентность?
6757,Backend,Backend / Databases,Senior,Как restore влияет на производительность?
6758,Backend,Backend / Databases,Senior,Сравните consistency в SQL и NoSQL.
6759,Backend,Backend / Databases,Senior,Как мониторить CAP theorem?
6760,Backend,Backend / Databases,Senior,Приведите production-пример использования eventual consistency.
6761,Backend,Backend / Databases,Senior,Что такое ACID?
6762,Backend,Backend / Databases,Senior,Когда использовать transactions?
6763,Backend,Backend / Databases,Senior,Как оптимизировать запросы с isolation levels?
6764,Backend,Backend / Databases,Senior,Какие ошибки проектирования связаны с deadlocks?
6765,Backend,Backend / Databases,Senior,Как протестировать решение с locks?
6766,Backend,Backend / Databases,Senior,Как MVCC влияет на консистентность?
6767,Backend,Backend / Databases,Senior,Как indexes влияет на производительность?
6768,Backend,Backend / Databases,Senior,Сравните composite indexes в SQL и NoSQL.
6769,Backend,Backend / Databases,Senior,Как мониторить covering indexes?
6770,Backend,Backend / Databases,Senior,Приведите production-пример использования query plans.
6771,Backend,Backend / Databases,Senior,Что такое normalization?
6772,Backend,Backend / Databases,Senior,Когда использовать denormalization?
6773,Backend,Backend / Databases,Senior,Как оптимизировать запросы с joins?
6774,Backend,Backend / Databases,Senior,Какие ошибки проектирования связаны с foreign keys?
6775,Backend,Backend / Databases,Senior,Как протестировать решение с constraints?
6776,Backend,Backend / Databases,Senior,Как migrations влияет на консистентность?
6777,Backend,Backend / Databases,Senior,Как replication влияет на производительность?
6778,Backend,Backend / Databases,Senior,Сравните sharding в SQL и NoSQL.
6779,Backend,Backend / Databases,Senior,Как мониторить partitioning?
6780,Backend,Backend / Databases,Senior,Приведите production-пример использования read replicas.
6781,Backend,Backend / Databases,Senior,Что такое connection pooling?
6782,Backend,Backend / Databases,Senior,Когда использовать SQL injection?
6783,Backend,Backend / Databases,Senior,Как оптимизировать запросы с PostgreSQL?
6784,Backend,Backend / Databases,Senior,Какие ошибки проектирования связаны с MySQL?
6785,Backend,Backend / Databases,Senior,Как протестировать решение с MongoDB?
6786,Backend,Backend / Databases,Senior,Как document modeling влияет на консистентность?
6787,Backend,Backend / Databases,Senior,Как Redis влияет на производительность?
6788,Backend,Backend / Databases,Senior,Сравните TTL в SQL и NoSQL.
6789,Backend,Backend / Databases,Senior,Как мониторить cache invalidation?
6790,Backend,Backend / Databases,Senior,Приведите production-пример использования cache stampede.
6791,Backend,Backend / Databases,Senior,Что такое optimistic locking?
6792,Backend,Backend / Databases,Senior,Когда использовать pessimistic locking?
6793,Backend,Backend / Databases,Senior,Как оптимизировать запросы с full-text search?
6794,Backend,Backend / Databases,Senior,Какие ошибки проектирования связаны с materialized views?
6795,Backend,Backend / Databases,Senior,Как протестировать решение с stored procedures?
6796,Backend,Backend / Databases,Senior,Как backup влияет на консистентность?
6797,Backend,Backend / Databases,Senior,Как restore влияет на производительность?
6798,Backend,Backend / Databases,Senior,Сравните consistency в SQL и NoSQL.
6799,Backend,Backend / Databases,Senior,Как мониторить CAP theorem?
6800,Backend,Backend / Databases,Senior,Приведите production-пример использования eventual consistency.
6801,Backend,Backend / Databases,Senior,Что такое ACID?
6802,Backend,Backend / Databases,Senior,Когда использовать transactions?
6803,Backend,Backend / Databases,Senior,Как оптимизировать запросы с isolation levels?
6804,Backend,Backend / Databases,Senior,Какие ошибки проектирования связаны с deadlocks?
6805,Backend,Backend / Databases,Senior,Как протестировать решение с locks?
6806,Backend,Backend / Databases,Senior,Как MVCC влияет на консистентность?
6807,Backend,Backend / Databases,Senior,Как indexes влияет на производительность?
6808,Backend,Backend / Databases,Senior,Сравните composite indexes в SQL и NoSQL.
6809,Backend,Backend / Databases,Senior,Как мониторить covering indexes?
6810,Backend,Backend / Databases,Senior,Приведите production-пример использования query plans.
6811,Backend,Backend / Databases,Senior,Что такое normalization?
6812,Backend,Backend / Databases,Senior,Когда использовать denormalization?
6813,Backend,Backend / Databases,Senior,Как оптимизировать запросы с joins?
6814,Backend,Backend / Databases,Senior,Какие ошибки проектирования связаны с foreign keys?
6815,Backend,Backend / Databases,Senior,Как протестировать решение с constraints?
6816,Backend,Backend / Databases,Senior,Как migrations влияет на консистентность?
6817,Backend,Backend / Databases,Senior,Как replication влияет на производительность?
6818,Backend,Backend / Databases,Senior,Сравните sharding в SQL и NoSQL.
6819,Backend,Backend / Databases,Senior,Как мониторить partitioning?
6820,Backend,Backend / Databases,Senior,Приведите production-пример использования read replicas.
6821,Backend,Backend / Databases,Senior,Что такое connection pooling?
6822,Backend,Backend / Databases,Senior,Когда использовать SQL injection?
6823,Backend,Backend / Databases,Senior,Как оптимизировать запросы с PostgreSQL?
6824,Backend,Backend / Databases,Senior,Какие ошибки проектирования связаны с MySQL?
6825,Backend,Backend / Databases,Senior,Как протестировать решение с MongoDB?
6826,Backend,Backend / Databases,Senior,Как document modeling влияет на консистентность?
6827,Backend,Backend / Databases,Senior,Как Redis влияет на производительность?
6828,Backend,Backend / Databases,Senior,Сравните TTL в SQL и NoSQL.
6829,Backend,Backend / Databases,Senior,Как мониторить cache invalidation?
6830,Backend,Backend / Databases,Senior,Приведите production-пример использования cache stampede.
6831,Backend,Backend / Databases,Senior,Что такое optimistic locking?
6832,Backend,Backend / Databases,Senior,Когда использовать pessimistic locking?
6833,Backend,Backend / Databases,Senior,Как оптимизировать запросы с full-text search?
6834,Backend,Backend / Databases,Senior,Какие ошибки проектирования связаны с materialized views?
6835,Backend,Backend / Databases,Senior,Как протестировать решение с stored procedures?
6836,Backend,Backend / Databases,Senior,Как backup влияет на консистентность?
6837,Backend,Backend / Databases,Senior,Как restore влияет на производительность?
6838,Backend,Backend / Databases,Senior,Сравните consistency в SQL и NoSQL.
6839,Backend,Backend / Databases,Senior,Как мониторить CAP theorem?
6840,Backend,Backend / Databases,Senior,Приведите production-пример использования eventual consistency.
6841,Backend,Backend / Databases,Senior,Что такое ACID?
6842,Backend,Backend / Databases,Senior,Когда использовать transactions?
6843,Backend,Backend / Databases,Senior,Как оптимизировать запросы с isolation levels?
6844,Backend,Backend / Databases,Senior,Какие ошибки проектирования связаны с deadlocks?
6845,Backend,Backend / Databases,Senior,Как протестировать решение с locks?
6846,Backend,Backend / Databases,Senior,Как MVCC влияет на консистентность?
6847,Backend,Backend / Databases,Senior,Как indexes влияет на производительность?
6848,Backend,Backend / Databases,Senior,Сравните composite indexes в SQL и NoSQL.
6849,Backend,Backend / Databases,Senior,Как мониторить covering indexes?
6850,Backend,Backend / Databases,Senior,Приведите production-пример использования query plans.
6851,Backend,Backend / Databases,Senior,Что такое normalization?
6852,Backend,Backend / Databases,Senior,Когда использовать denormalization?
6853,Backend,Backend / Databases,Senior,Как оптимизировать запросы с joins?
6854,Backend,Backend / Databases,Senior,Какие ошибки проектирования связаны с foreign keys?
6855,Backend,Backend / Databases,Senior,Как протестировать решение с constraints?
6856,Backend,Backend / Databases,Senior,Как migrations влияет на консистентность?
6857,Backend,Backend / Databases,Senior,Как replication влияет на производительность?
6858,Backend,Backend / Databases,Senior,Сравните sharding в SQL и NoSQL.
6859,Backend,Backend / Databases,Senior,Как мониторить partitioning?
6860,Backend,Backend / Databases,Senior,Приведите production-пример использования read replicas.
6861,Backend,Backend / Databases,Senior,Что такое connection pooling?
6862,Backend,Backend / Databases,Senior,Когда использовать SQL injection?
6863,Backend,Backend / Databases,Senior,Как оптимизировать запросы с PostgreSQL?
6864,Backend,Backend / Databases,Senior,Какие ошибки проектирования связаны с MySQL?
6865,Backend,Backend / Databases,Senior,Как протестировать решение с MongoDB?
6866,Backend,Backend / Databases,Senior,Как document modeling влияет на консистентность?
6867,Backend,Backend / Databases,Senior,Как Redis влияет на производительность?
6868,Backend,Backend / Databases,Senior,Сравните TTL в SQL и NoSQL.
6869,Backend,Backend / Databases,Senior,Как мониторить cache invalidation?
6870,Backend,Backend / Databases,Senior,Приведите production-пример использования cache stampede.
6871,Backend,Backend / Databases,Senior,Что такое optimistic locking?
6872,Backend,Backend / Databases,Senior,Когда использовать pessimistic locking?
6873,Backend,Backend / Databases,Senior,Как оптимизировать запросы с full-text search?
6874,Backend,Backend / Databases,Senior,Какие ошибки проектирования связаны с materialized views?
6875,Backend,Backend / Databases,Senior,Как протестировать решение с stored procedures?
6876,Backend,Backend / Databases,Senior,Как backup влияет на консистентность?
6877,Backend,Backend / Databases,Senior,Как restore влияет на производительность?
6878,Backend,Backend / Databases,Senior,Сравните consistency в SQL и NoSQL.
6879,Backend,Backend / Databases,Senior,Как мониторить CAP theorem?
6880,Backend,Backend / Databases,Senior,Приведите production-пример использования eventual consistency.
6881,Backend,Backend / Databases,Senior,Что такое ACID?
6882,Backend,Backend / Databases,Senior,Когда использовать transactions?
6883,Backend,Backend / Databases,Senior,Как оптимизировать запросы с isolation levels?
6884,Backend,Backend / Databases,Senior,Какие ошибки проектирования связаны с deadlocks?
6885,Backend,Backend / Databases,Senior,Как протестировать решение с locks?
6886,Backend,Backend / Databases,Senior,Как MVCC влияет на консистентность?
6887,Backend,Backend / Databases,Senior,Как indexes влияет на производительность?
6888,Backend,Backend / Databases,Senior,Сравните composite indexes в SQL и NoSQL.
6889,Backend,Backend / Databases,Senior,Как мониторить covering indexes?
6890,Backend,Backend / Databases,Senior,Приведите production-пример использования query plans.
6891,Backend,Backend / Databases,Senior,Что такое normalization?
6892,Backend,Backend / Databases,Senior,Когда использовать denormalization?
6893,Backend,Backend / Databases,Senior,Как оптимизировать запросы с joins?
6894,Backend,Backend / Databases,Senior,Какие ошибки проектирования связаны с foreign keys?
6895,Backend,Backend / Databases,Senior,Как протестировать решение с constraints?
6896,Backend,Backend / Databases,Senior,Как migrations влияет на консистентность?
6897,Backend,Backend / Databases,Senior,Как replication влияет на производительность?
6898,Backend,Backend / Databases,Senior,Сравните sharding в SQL и NoSQL.
6899,Backend,Backend / Databases,Senior,Как мониторить partitioning?
6900,Backend,Backend / Databases,Senior,Приведите production-пример использования read replicas.
6901,Backend,Backend / Databases,Senior,Что такое connection pooling?
6902,Backend,Backend / Databases,Senior,Когда использовать SQL injection?
6903,Backend,Backend / Databases,Senior,Как оптимизировать запросы с PostgreSQL?
6904,Backend,Backend / Databases,Senior,Какие ошибки проектирования связаны с MySQL?
6905,Backend,Backend / Databases,Senior,Как протестировать решение с MongoDB?
6906,Backend,Backend / Databases,Senior,Как document modeling влияет на консистентность?
6907,Backend,Backend / Databases,Senior,Как Redis влияет на производительность?
6908,Backend,Backend / Databases,Senior,Сравните TTL в SQL и NoSQL.
6909,Backend,Backend / Databases,Senior,Как мониторить cache invalidation?
6910,Backend,Backend / Databases,Senior,Приведите production-пример использования cache stampede.
6911,Backend,Backend / Databases,Senior,Что такое optimistic locking?
6912,Backend,Backend / Databases,Senior,Когда использовать pessimistic locking?
6913,Backend,Backend / Databases,Senior,Как оптимизировать запросы с full-text search?
6914,Backend,Backend / Databases,Senior,Какие ошибки проектирования связаны с materialized views?
6915,Backend,Backend / Databases,Senior,Как протестировать решение с stored procedures?
6916,Backend,Backend / Databases,Senior,Как backup влияет на консистентность?
6917,Backend,Backend / Databases,Senior,Как restore влияет на производительность?
6918,Backend,Backend / Databases,Senior,Сравните consistency в SQL и NoSQL.
6919,Backend,Backend / Databases,Senior,Как мониторить CAP theorem?
6920,Backend,Backend / Databases,Senior,Приведите production-пример использования eventual consistency.
6921,Backend,Backend / Databases,Senior,Что такое ACID?
6922,Backend,Backend / Databases,Senior,Когда использовать transactions?
6923,Backend,Backend / Databases,Senior,Как оптимизировать запросы с isolation levels?
6924,Backend,Backend / Databases,Senior,Какие ошибки проектирования связаны с deadlocks?
6925,Backend,Backend / Databases,Senior,Как протестировать решение с locks?
6926,Backend,Backend / Databases,Senior,Как MVCC влияет на консистентность?
6927,Backend,Backend / Databases,Senior,Как indexes влияет на производительность?
6928,Backend,Backend / Databases,Senior,Сравните composite indexes в SQL и NoSQL.
6929,Backend,Backend / Databases,Senior,Как мониторить covering indexes?
6930,Backend,Backend / Databases,Senior,Приведите production-пример использования query plans.
6931,Backend,Backend / Databases,Senior,Что такое normalization?
6932,Backend,Backend / Databases,Senior,Когда использовать denormalization?
6933,Backend,Backend / Databases,Senior,Как оптимизировать запросы с joins?
6934,Backend,Backend / Databases,Senior,Какие ошибки проектирования связаны с foreign keys?
6935,Backend,Backend / Databases,Senior,Как протестировать решение с constraints?
6936,Backend,Backend / Databases,Senior,Как migrations влияет на консистентность?
6937,Backend,Backend / Databases,Senior,Как replication влияет на производительность?
6938,Backend,Backend / Databases,Senior,Сравните sharding в SQL и NoSQL.
6939,Backend,Backend / Databases,Senior,Как мониторить partitioning?
6940,Backend,Backend / Databases,Senior,Приведите production-пример использования read replicas.
6941,Backend,Backend / Databases,Senior,Что такое connection pooling?
6942,Backend,Backend / Databases,Senior,Когда использовать SQL injection?
6943,Backend,Backend / Databases,Senior,Как оптимизировать запросы с PostgreSQL?
6944,Backend,Backend / Databases,Senior,Какие ошибки проектирования связаны с MySQL?
6945,Backend,Backend / Databases,Senior,Как протестировать решение с MongoDB?
6946,Backend,Backend / Databases,Senior,Как document modeling влияет на консистентность?
6947,Backend,Backend / Databases,Senior,Как Redis влияет на производительность?
6948,Backend,Backend / Databases,Senior,Сравните TTL в SQL и NoSQL.
6949,Backend,Backend / Databases,Senior,Как мониторить cache invalidation?
6950,Backend,Backend / Databases,Senior,Приведите production-пример использования cache stampede.
6951,Backend,Backend / Databases,Senior,Что такое optimistic locking?
6952,Backend,Backend / Databases,Senior,Когда использовать pessimistic locking?
6953,Backend,Backend / Databases,Senior,Как оптимизировать запросы с full-text search?
6954,Backend,Backend / Databases,Senior,Какие ошибки проектирования связаны с materialized views?
6955,Backend,Backend / Databases,Senior,Как протестировать решение с stored procedures?
6956,Backend,Backend / Databases,Senior,Как backup влияет на консистентность?
6957,Backend,Backend / Databases,Senior,Как restore влияет на производительность?
6958,Backend,Backend / Databases,Senior,Сравните consistency в SQL и NoSQL.
6959,Backend,Backend / Databases,Senior,Как мониторить CAP theorem?
6960,Backend,Backend / Databases,Senior,Приведите production-пример использования eventual consistency.
6961,Backend,Backend / Databases,Senior,Что такое ACID?
6962,Backend,Backend / Databases,Senior,Когда использовать transactions?
6963,Backend,Backend / Databases,Senior,Как оптимизировать запросы с isolation levels?
6964,Backend,Backend / Databases,Senior,Какие ошибки проектирования связаны с deadlocks?
6965,Backend,Backend / Databases,Senior,Как протестировать решение с locks?
6966,Backend,Backend / Databases,Senior,Как MVCC влияет на консистентность?
6967,Backend,Backend / Databases,Senior,Как indexes влияет на производительность?
6968,Backend,Backend / Databases,Senior,Сравните composite indexes в SQL и NoSQL.
6969,Backend,Backend / Databases,Senior,Как мониторить covering indexes?
6970,Backend,Backend / Databases,Senior,Приведите production-пример использования query plans.
6971,Backend,Backend / Databases,Senior,Что такое normalization?
6972,Backend,Backend / Databases,Senior,Когда использовать denormalization?
6973,Backend,Backend / Databases,Senior,Как оптимизировать запросы с joins?
6974,Backend,Backend / Databases,Senior,Какие ошибки проектирования связаны с foreign keys?
6975,Backend,Backend / Databases,Senior,Как протестировать решение с constraints?
6976,Backend,Backend / Databases,Senior,Как migrations влияет на консистентность?
6977,Backend,Backend / Databases,Senior,Как replication влияет на производительность?
6978,Backend,Backend / Databases,Senior,Сравните sharding в SQL и NoSQL.
6979,Backend,Backend / Databases,Senior,Как мониторить partitioning?
6980,Backend,Backend / Databases,Senior,Приведите production-пример использования read replicas.
6981,Backend,Backend / Databases,Senior,Что такое connection pooling?
6982,Backend,Backend / Databases,Senior,Когда использовать SQL injection?
6983,Backend,Backend / Databases,Senior,Как оптимизировать запросы с PostgreSQL?
6984,Backend,Backend / Databases,Senior,Какие ошибки проектирования связаны с MySQL?
6985,Backend,Backend / Databases,Senior,Как протестировать решение с MongoDB?
6986,Backend,Backend / Databases,Senior,Как document modeling влияет на консистентность?
6987,Backend,Backend / Databases,Senior,Как Redis влияет на производительность?
6988,Backend,Backend / Databases,Senior,Сравните TTL в SQL и NoSQL.
6989,Backend,Backend / Databases,Senior,Как мониторить cache invalidation?
6990,Backend,Backend / Databases,Senior,Приведите production-пример использования cache stampede.
6991,Backend,Backend / Databases,Senior,Что такое optimistic locking?
6992,Backend,Backend / Databases,Senior,Когда использовать pessimistic locking?
6993,Backend,Backend / Databases,Senior,Как оптимизировать запросы с full-text search?
6994,Backend,Backend / Databases,Senior,Какие ошибки проектирования связаны с materialized views?
6995,Backend,Backend / Databases,Senior,Как протестировать решение с stored procedures?
6996,Backend,Backend / Databases,Senior,Как backup влияет на консистентность?
6997,Backend,Backend / Databases,Senior,Как restore влияет на производительность?
6998,Backend,Backend / Databases,Senior,Сравните consistency в SQL и NoSQL.
6999,Backend,Backend / Databases,Senior,Как мониторить CAP theorem?
7000,Backend,Backend / Databases,Senior,Приведите production-пример использования eventual consistency.
7001,Backend,Backend / Architecture Distributed Systems,Junior,Что такое monolith?
7002,Backend,Backend / Architecture Distributed Systems,Junior,Когда применять modular monolith?
7003,Backend,Backend / Architecture Distributed Systems,Junior,Какие trade-off есть у microservices?
7004,Backend,Backend / Architecture Distributed Systems,Junior,Как спроектировать систему с service discovery?
7005,Backend,Backend / Architecture Distributed Systems,Junior,Как протестировать API gateway?
7006,Backend,Backend / Architecture Distributed Systems,Junior,Как message queues помогает масштабированию?
7007,Backend,Backend / Architecture Distributed Systems,Junior,Как обеспечить отказоустойчивость при использовании Kafka?
7008,Backend,Backend / Architecture Distributed Systems,Junior,Какие ошибки часто встречаются в RabbitMQ?
7009,Backend,Backend / Architecture Distributed Systems,Junior,Как мониторить outbox pattern?
7010,Backend,Backend / Architecture Distributed Systems,Junior,"Приведите пример инцидента, связанного с saga pattern."
7011,Backend,Backend / Architecture Distributed Systems,Junior,Что такое idempotent consumers?
7012,Backend,Backend / Architecture Distributed Systems,Junior,Когда применять dead-letter queue?
7013,Backend,Backend / Architecture Distributed Systems,Junior,Какие trade-off есть у exactly-once semantics?
7014,Backend,Backend / Architecture Distributed Systems,Junior,Как спроектировать систему с at-least-once delivery?
7015,Backend,Backend / Architecture Distributed Systems,Junior,Как протестировать distributed locks?
7016,Backend,Backend / Architecture Distributed Systems,Junior,Как leader election помогает масштабированию?
7017,Backend,Backend / Architecture Distributed Systems,Junior,Как обеспечить отказоустойчивость при использовании consistent hashing?
7018,Backend,Backend / Architecture Distributed Systems,Junior,Какие ошибки часто встречаются в load balancing?
7019,Backend,Backend / Architecture Distributed Systems,Junior,Как мониторить horizontal scaling?
7020,Backend,Backend / Architecture Distributed Systems,Junior,"Приведите пример инцидента, связанного с vertical scaling."
7021,Backend,Backend / Architecture Distributed Systems,Junior,Что такое stateless services?
7022,Backend,Backend / Architecture Distributed Systems,Junior,Когда применять 12-factor app?
7023,Backend,Backend / Architecture Distributed Systems,Junior,Какие trade-off есть у domain-driven design?
7024,Backend,Backend / Architecture Distributed Systems,Junior,Как спроектировать систему с bounded contexts?
7025,Backend,Backend / Architecture Distributed Systems,Junior,Как протестировать CQRS?
7026,Backend,Backend / Architecture Distributed Systems,Junior,Как event sourcing помогает масштабированию?
7027,Backend,Backend / Architecture Distributed Systems,Junior,Как обеспечить отказоустойчивость при использовании feature flags?
7028,Backend,Backend / Architecture Distributed Systems,Junior,Какие ошибки часто встречаются в blue-green deployment?
7029,Backend,Backend / Architecture Distributed Systems,Junior,Как мониторить canary deployment?
7030,Backend,Backend / Architecture Distributed Systems,Junior,"Приведите пример инцидента, связанного с zero downtime."
7031,Backend,Backend / Architecture Distributed Systems,Junior,Что такое failure domains?
7032,Backend,Backend / Architecture Distributed Systems,Junior,Когда применять backpressure?
7033,Backend,Backend / Architecture Distributed Systems,Junior,Какие trade-off есть у bulkheads?
7034,Backend,Backend / Architecture Distributed Systems,Junior,Как спроектировать систему с circuit breakers?
7035,Backend,Backend / Architecture Distributed Systems,Junior,Как протестировать eventual consistency?
7036,Backend,Backend / Architecture Distributed Systems,Junior,Как distributed transactions помогает масштабированию?
7037,Backend,Backend / Architecture Distributed Systems,Junior,Как обеспечить отказоустойчивость при использовании clock skew?
7038,Backend,Backend / Architecture Distributed Systems,Junior,Какие ошибки часто встречаются в consensus?
7039,Backend,Backend / Architecture Distributed Systems,Junior,Как мониторить system boundaries?
7040,Backend,Backend / Architecture Distributed Systems,Junior,"Приведите пример инцидента, связанного с capacity planning."
7041,Backend,Backend / Architecture Distributed Systems,Junior,Что такое monolith?
7042,Backend,Backend / Architecture Distributed Systems,Junior,Когда применять modular monolith?
7043,Backend,Backend / Architecture Distributed Systems,Junior,Какие trade-off есть у microservices?
7044,Backend,Backend / Architecture Distributed Systems,Junior,Как спроектировать систему с service discovery?
7045,Backend,Backend / Architecture Distributed Systems,Junior,Как протестировать API gateway?
7046,Backend,Backend / Architecture Distributed Systems,Junior,Как message queues помогает масштабированию?
7047,Backend,Backend / Architecture Distributed Systems,Junior,Как обеспечить отказоустойчивость при использовании Kafka?
7048,Backend,Backend / Architecture Distributed Systems,Junior,Какие ошибки часто встречаются в RabbitMQ?
7049,Backend,Backend / Architecture Distributed Systems,Junior,Как мониторить outbox pattern?
7050,Backend,Backend / Architecture Distributed Systems,Junior,"Приведите пример инцидента, связанного с saga pattern."
7051,Backend,Backend / Architecture Distributed Systems,Junior,Что такое idempotent consumers?
7052,Backend,Backend / Architecture Distributed Systems,Junior,Когда применять dead-letter queue?
7053,Backend,Backend / Architecture Distributed Systems,Junior,Какие trade-off есть у exactly-once semantics?
7054,Backend,Backend / Architecture Distributed Systems,Junior,Как спроектировать систему с at-least-once delivery?
7055,Backend,Backend / Architecture Distributed Systems,Junior,Как протестировать distributed locks?
7056,Backend,Backend / Architecture Distributed Systems,Junior,Как leader election помогает масштабированию?
7057,Backend,Backend / Architecture Distributed Systems,Junior,Как обеспечить отказоустойчивость при использовании consistent hashing?
7058,Backend,Backend / Architecture Distributed Systems,Junior,Какие ошибки часто встречаются в load balancing?
7059,Backend,Backend / Architecture Distributed Systems,Junior,Как мониторить horizontal scaling?
7060,Backend,Backend / Architecture Distributed Systems,Junior,"Приведите пример инцидента, связанного с vertical scaling."
7061,Backend,Backend / Architecture Distributed Systems,Junior,Что такое stateless services?
7062,Backend,Backend / Architecture Distributed Systems,Junior,Когда применять 12-factor app?
7063,Backend,Backend / Architecture Distributed Systems,Junior,Какие trade-off есть у domain-driven design?
7064,Backend,Backend / Architecture Distributed Systems,Junior,Как спроектировать систему с bounded contexts?
7065,Backend,Backend / Architecture Distributed Systems,Junior,Как протестировать CQRS?
7066,Backend,Backend / Architecture Distributed Systems,Junior,Как event sourcing помогает масштабированию?
7067,Backend,Backend / Architecture Distributed Systems,Junior,Как обеспечить отказоустойчивость при использовании feature flags?
7068,Backend,Backend / Architecture Distributed Systems,Junior,Какие ошибки часто встречаются в blue-green deployment?
7069,Backend,Backend / Architecture Distributed Systems,Junior,Как мониторить canary deployment?
7070,Backend,Backend / Architecture Distributed Systems,Junior,"Приведите пример инцидента, связанного с zero downtime."
7071,Backend,Backend / Architecture Distributed Systems,Junior,Что такое failure domains?
7072,Backend,Backend / Architecture Distributed Systems,Junior,Когда применять backpressure?
7073,Backend,Backend / Architecture Distributed Systems,Junior,Какие trade-off есть у bulkheads?
7074,Backend,Backend / Architecture Distributed Systems,Junior,Как спроектировать систему с circuit breakers?
7075,Backend,Backend / Architecture Distributed Systems,Junior,Как протестировать eventual consistency?
7076,Backend,Backend / Architecture Distributed Systems,Junior,Как distributed transactions помогает масштабированию?
7077,Backend,Backend / Architecture Distributed Systems,Junior,Как обеспечить отказоустойчивость при использовании clock skew?
7078,Backend,Backend / Architecture Distributed Systems,Junior,Какие ошибки часто встречаются в consensus?
7079,Backend,Backend / Architecture Distributed Systems,Junior,Как мониторить system boundaries?
7080,Backend,Backend / Architecture Distributed Systems,Junior,"Приведите пример инцидента, связанного с capacity planning."
7081,Backend,Backend / Architecture Distributed Systems,Junior,Что такое monolith?
7082,Backend,Backend / Architecture Distributed Systems,Junior,Когда применять modular monolith?
7083,Backend,Backend / Architecture Distributed Systems,Junior,Какие trade-off есть у microservices?
7084,Backend,Backend / Architecture Distributed Systems,Junior,Как спроектировать систему с service discovery?
7085,Backend,Backend / Architecture Distributed Systems,Junior,Как протестировать API gateway?
7086,Backend,Backend / Architecture Distributed Systems,Junior,Как message queues помогает масштабированию?
7087,Backend,Backend / Architecture Distributed Systems,Junior,Как обеспечить отказоустойчивость при использовании Kafka?
7088,Backend,Backend / Architecture Distributed Systems,Junior,Какие ошибки часто встречаются в RabbitMQ?
7089,Backend,Backend / Architecture Distributed Systems,Junior,Как мониторить outbox pattern?
7090,Backend,Backend / Architecture Distributed Systems,Junior,"Приведите пример инцидента, связанного с saga pattern."
7091,Backend,Backend / Architecture Distributed Systems,Junior,Что такое idempotent consumers?
7092,Backend,Backend / Architecture Distributed Systems,Junior,Когда применять dead-letter queue?
7093,Backend,Backend / Architecture Distributed Systems,Junior,Какие trade-off есть у exactly-once semantics?
7094,Backend,Backend / Architecture Distributed Systems,Junior,Как спроектировать систему с at-least-once delivery?
7095,Backend,Backend / Architecture Distributed Systems,Junior,Как протестировать distributed locks?
7096,Backend,Backend / Architecture Distributed Systems,Junior,Как leader election помогает масштабированию?
7097,Backend,Backend / Architecture Distributed Systems,Junior,Как обеспечить отказоустойчивость при использовании consistent hashing?
7098,Backend,Backend / Architecture Distributed Systems,Junior,Какие ошибки часто встречаются в load balancing?
7099,Backend,Backend / Architecture Distributed Systems,Junior,Как мониторить horizontal scaling?
7100,Backend,Backend / Architecture Distributed Systems,Junior,"Приведите пример инцидента, связанного с vertical scaling."
7101,Backend,Backend / Architecture Distributed Systems,Junior,Что такое stateless services?
7102,Backend,Backend / Architecture Distributed Systems,Junior,Когда применять 12-factor app?
7103,Backend,Backend / Architecture Distributed Systems,Junior,Какие trade-off есть у domain-driven design?
7104,Backend,Backend / Architecture Distributed Systems,Junior,Как спроектировать систему с bounded contexts?
7105,Backend,Backend / Architecture Distributed Systems,Junior,Как протестировать CQRS?
7106,Backend,Backend / Architecture Distributed Systems,Junior,Как event sourcing помогает масштабированию?
7107,Backend,Backend / Architecture Distributed Systems,Junior,Как обеспечить отказоустойчивость при использовании feature flags?
7108,Backend,Backend / Architecture Distributed Systems,Junior,Какие ошибки часто встречаются в blue-green deployment?
7109,Backend,Backend / Architecture Distributed Systems,Junior,Как мониторить canary deployment?
7110,Backend,Backend / Architecture Distributed Systems,Junior,"Приведите пример инцидента, связанного с zero downtime."
7111,Backend,Backend / Architecture Distributed Systems,Junior,Что такое failure domains?
7112,Backend,Backend / Architecture Distributed Systems,Junior,Когда применять backpressure?
7113,Backend,Backend / Architecture Distributed Systems,Junior,Какие trade-off есть у bulkheads?
7114,Backend,Backend / Architecture Distributed Systems,Junior,Как спроектировать систему с circuit breakers?
7115,Backend,Backend / Architecture Distributed Systems,Junior,Как протестировать eventual consistency?
7116,Backend,Backend / Architecture Distributed Systems,Junior,Как distributed transactions помогает масштабированию?
7117,Backend,Backend / Architecture Distributed Systems,Junior,Как обеспечить отказоустойчивость при использовании clock skew?
7118,Backend,Backend / Architecture Distributed Systems,Junior,Какие ошибки часто встречаются в consensus?
7119,Backend,Backend / Architecture Distributed Systems,Junior,Как мониторить system boundaries?
7120,Backend,Backend / Architecture Distributed Systems,Junior,"Приведите пример инцидента, связанного с capacity planning."
7121,Backend,Backend / Architecture Distributed Systems,Junior,Что такое monolith?
7122,Backend,Backend / Architecture Distributed Systems,Junior,Когда применять modular monolith?
7123,Backend,Backend / Architecture Distributed Systems,Junior,Какие trade-off есть у microservices?
7124,Backend,Backend / Architecture Distributed Systems,Junior,Как спроектировать систему с service discovery?
7125,Backend,Backend / Architecture Distributed Systems,Junior,Как протестировать API gateway?
7126,Backend,Backend / Architecture Distributed Systems,Junior,Как message queues помогает масштабированию?
7127,Backend,Backend / Architecture Distributed Systems,Junior,Как обеспечить отказоустойчивость при использовании Kafka?
7128,Backend,Backend / Architecture Distributed Systems,Junior,Какие ошибки часто встречаются в RabbitMQ?
7129,Backend,Backend / Architecture Distributed Systems,Junior,Как мониторить outbox pattern?
7130,Backend,Backend / Architecture Distributed Systems,Junior,"Приведите пример инцидента, связанного с saga pattern."
7131,Backend,Backend / Architecture Distributed Systems,Junior,Что такое idempotent consumers?
7132,Backend,Backend / Architecture Distributed Systems,Junior,Когда применять dead-letter queue?
7133,Backend,Backend / Architecture Distributed Systems,Junior,Какие trade-off есть у exactly-once semantics?
7134,Backend,Backend / Architecture Distributed Systems,Junior,Как спроектировать систему с at-least-once delivery?
7135,Backend,Backend / Architecture Distributed Systems,Junior,Как протестировать distributed locks?
7136,Backend,Backend / Architecture Distributed Systems,Junior,Как leader election помогает масштабированию?
7137,Backend,Backend / Architecture Distributed Systems,Junior,Как обеспечить отказоустойчивость при использовании consistent hashing?
7138,Backend,Backend / Architecture Distributed Systems,Junior,Какие ошибки часто встречаются в load balancing?
7139,Backend,Backend / Architecture Distributed Systems,Junior,Как мониторить horizontal scaling?
7140,Backend,Backend / Architecture Distributed Systems,Junior,"Приведите пример инцидента, связанного с vertical scaling."
7141,Backend,Backend / Architecture Distributed Systems,Junior,Что такое stateless services?
7142,Backend,Backend / Architecture Distributed Systems,Junior,Когда применять 12-factor app?
7143,Backend,Backend / Architecture Distributed Systems,Junior,Какие trade-off есть у domain-driven design?
7144,Backend,Backend / Architecture Distributed Systems,Junior,Как спроектировать систему с bounded contexts?
7145,Backend,Backend / Architecture Distributed Systems,Junior,Как протестировать CQRS?
7146,Backend,Backend / Architecture Distributed Systems,Junior,Как event sourcing помогает масштабированию?
7147,Backend,Backend / Architecture Distributed Systems,Junior,Как обеспечить отказоустойчивость при использовании feature flags?
7148,Backend,Backend / Architecture Distributed Systems,Junior,Какие ошибки часто встречаются в blue-green deployment?
7149,Backend,Backend / Architecture Distributed Systems,Junior,Как мониторить canary deployment?
7150,Backend,Backend / Architecture Distributed Systems,Junior,"Приведите пример инцидента, связанного с zero downtime."
7151,Backend,Backend / Architecture Distributed Systems,Junior,Что такое failure domains?
7152,Backend,Backend / Architecture Distributed Systems,Junior,Когда применять backpressure?
7153,Backend,Backend / Architecture Distributed Systems,Junior,Какие trade-off есть у bulkheads?
7154,Backend,Backend / Architecture Distributed Systems,Junior,Как спроектировать систему с circuit breakers?
7155,Backend,Backend / Architecture Distributed Systems,Junior,Как протестировать eventual consistency?
7156,Backend,Backend / Architecture Distributed Systems,Junior,Как distributed transactions помогает масштабированию?
7157,Backend,Backend / Architecture Distributed Systems,Junior,Как обеспечить отказоустойчивость при использовании clock skew?
7158,Backend,Backend / Architecture Distributed Systems,Junior,Какие ошибки часто встречаются в consensus?
7159,Backend,Backend / Architecture Distributed Systems,Junior,Как мониторить system boundaries?
7160,Backend,Backend / Architecture Distributed Systems,Junior,"Приведите пример инцидента, связанного с capacity planning."
7161,Backend,Backend / Architecture Distributed Systems,Junior,Что такое monolith?
7162,Backend,Backend / Architecture Distributed Systems,Junior,Когда применять modular monolith?
7163,Backend,Backend / Architecture Distributed Systems,Junior,Какие trade-off есть у microservices?
7164,Backend,Backend / Architecture Distributed Systems,Junior,Как спроектировать систему с service discovery?
7165,Backend,Backend / Architecture Distributed Systems,Junior,Как протестировать API gateway?
7166,Backend,Backend / Architecture Distributed Systems,Junior,Как message queues помогает масштабированию?
7167,Backend,Backend / Architecture Distributed Systems,Junior,Как обеспечить отказоустойчивость при использовании Kafka?
7168,Backend,Backend / Architecture Distributed Systems,Junior,Какие ошибки часто встречаются в RabbitMQ?
7169,Backend,Backend / Architecture Distributed Systems,Junior,Как мониторить outbox pattern?
7170,Backend,Backend / Architecture Distributed Systems,Junior,"Приведите пример инцидента, связанного с saga pattern."
7171,Backend,Backend / Architecture Distributed Systems,Junior,Что такое idempotent consumers?
7172,Backend,Backend / Architecture Distributed Systems,Junior,Когда применять dead-letter queue?
7173,Backend,Backend / Architecture Distributed Systems,Junior,Какие trade-off есть у exactly-once semantics?
7174,Backend,Backend / Architecture Distributed Systems,Junior,Как спроектировать систему с at-least-once delivery?
7175,Backend,Backend / Architecture Distributed Systems,Junior,Как протестировать distributed locks?
7176,Backend,Backend / Architecture Distributed Systems,Junior,Как leader election помогает масштабированию?
7177,Backend,Backend / Architecture Distributed Systems,Junior,Как обеспечить отказоустойчивость при использовании consistent hashing?
7178,Backend,Backend / Architecture Distributed Systems,Junior,Какие ошибки часто встречаются в load balancing?
7179,Backend,Backend / Architecture Distributed Systems,Junior,Как мониторить horizontal scaling?
7180,Backend,Backend / Architecture Distributed Systems,Junior,"Приведите пример инцидента, связанного с vertical scaling."
7181,Backend,Backend / Architecture Distributed Systems,Junior,Что такое stateless services?
7182,Backend,Backend / Architecture Distributed Systems,Junior,Когда применять 12-factor app?
7183,Backend,Backend / Architecture Distributed Systems,Junior,Какие trade-off есть у domain-driven design?
7184,Backend,Backend / Architecture Distributed Systems,Junior,Как спроектировать систему с bounded contexts?
7185,Backend,Backend / Architecture Distributed Systems,Junior,Как протестировать CQRS?
7186,Backend,Backend / Architecture Distributed Systems,Junior,Как event sourcing помогает масштабированию?
7187,Backend,Backend / Architecture Distributed Systems,Junior,Как обеспечить отказоустойчивость при использовании feature flags?
7188,Backend,Backend / Architecture Distributed Systems,Junior,Какие ошибки часто встречаются в blue-green deployment?
7189,Backend,Backend / Architecture Distributed Systems,Junior,Как мониторить canary deployment?
7190,Backend,Backend / Architecture Distributed Systems,Junior,"Приведите пример инцидента, связанного с zero downtime."
7191,Backend,Backend / Architecture Distributed Systems,Junior,Что такое failure domains?
7192,Backend,Backend / Architecture Distributed Systems,Junior,Когда применять backpressure?
7193,Backend,Backend / Architecture Distributed Systems,Junior,Какие trade-off есть у bulkheads?
7194,Backend,Backend / Architecture Distributed Systems,Junior,Как спроектировать систему с circuit breakers?
7195,Backend,Backend / Architecture Distributed Systems,Junior,Как протестировать eventual consistency?
7196,Backend,Backend / Architecture Distributed Systems,Junior,Как distributed transactions помогает масштабированию?
7197,Backend,Backend / Architecture Distributed Systems,Junior,Как обеспечить отказоустойчивость при использовании clock skew?
7198,Backend,Backend / Architecture Distributed Systems,Junior,Какие ошибки часто встречаются в consensus?
7199,Backend,Backend / Architecture Distributed Systems,Junior,Как мониторить system boundaries?
7200,Backend,Backend / Architecture Distributed Systems,Junior,"Приведите пример инцидента, связанного с capacity planning."
7201,Backend,Backend / Architecture Distributed Systems,Junior,Что такое monolith?
7202,Backend,Backend / Architecture Distributed Systems,Junior,Когда применять modular monolith?
7203,Backend,Backend / Architecture Distributed Systems,Junior,Какие trade-off есть у microservices?
7204,Backend,Backend / Architecture Distributed Systems,Junior,Как спроектировать систему с service discovery?
7205,Backend,Backend / Architecture Distributed Systems,Junior,Как протестировать API gateway?
7206,Backend,Backend / Architecture Distributed Systems,Junior,Как message queues помогает масштабированию?
7207,Backend,Backend / Architecture Distributed Systems,Junior,Как обеспечить отказоустойчивость при использовании Kafka?
7208,Backend,Backend / Architecture Distributed Systems,Junior,Какие ошибки часто встречаются в RabbitMQ?
7209,Backend,Backend / Architecture Distributed Systems,Junior,Как мониторить outbox pattern?
7210,Backend,Backend / Architecture Distributed Systems,Junior,"Приведите пример инцидента, связанного с saga pattern."
7211,Backend,Backend / Architecture Distributed Systems,Junior,Что такое idempotent consumers?
7212,Backend,Backend / Architecture Distributed Systems,Junior,Когда применять dead-letter queue?
7213,Backend,Backend / Architecture Distributed Systems,Junior,Какие trade-off есть у exactly-once semantics?
7214,Backend,Backend / Architecture Distributed Systems,Junior,Как спроектировать систему с at-least-once delivery?
7215,Backend,Backend / Architecture Distributed Systems,Junior,Как протестировать distributed locks?
7216,Backend,Backend / Architecture Distributed Systems,Junior,Как leader election помогает масштабированию?
7217,Backend,Backend / Architecture Distributed Systems,Junior,Как обеспечить отказоустойчивость при использовании consistent hashing?
7218,Backend,Backend / Architecture Distributed Systems,Junior,Какие ошибки часто встречаются в load balancing?
7219,Backend,Backend / Architecture Distributed Systems,Junior,Как мониторить horizontal scaling?
7220,Backend,Backend / Architecture Distributed Systems,Junior,"Приведите пример инцидента, связанного с vertical scaling."
7221,Backend,Backend / Architecture Distributed Systems,Junior,Что такое stateless services?
7222,Backend,Backend / Architecture Distributed Systems,Junior,Когда применять 12-factor app?
7223,Backend,Backend / Architecture Distributed Systems,Junior,Какие trade-off есть у domain-driven design?
7224,Backend,Backend / Architecture Distributed Systems,Junior,Как спроектировать систему с bounded contexts?
7225,Backend,Backend / Architecture Distributed Systems,Junior,Как протестировать CQRS?
7226,Backend,Backend / Architecture Distributed Systems,Junior,Как event sourcing помогает масштабированию?
7227,Backend,Backend / Architecture Distributed Systems,Junior,Как обеспечить отказоустойчивость при использовании feature flags?
7228,Backend,Backend / Architecture Distributed Systems,Junior,Какие ошибки часто встречаются в blue-green deployment?
7229,Backend,Backend / Architecture Distributed Systems,Junior,Как мониторить canary deployment?
7230,Backend,Backend / Architecture Distributed Systems,Junior,"Приведите пример инцидента, связанного с zero downtime."
7231,Backend,Backend / Architecture Distributed Systems,Junior,Что такое failure domains?
7232,Backend,Backend / Architecture Distributed Systems,Junior,Когда применять backpressure?
7233,Backend,Backend / Architecture Distributed Systems,Junior,Какие trade-off есть у bulkheads?
7234,Backend,Backend / Architecture Distributed Systems,Junior,Как спроектировать систему с circuit breakers?
7235,Backend,Backend / Architecture Distributed Systems,Junior,Как протестировать eventual consistency?
7236,Backend,Backend / Architecture Distributed Systems,Junior,Как distributed transactions помогает масштабированию?
7237,Backend,Backend / Architecture Distributed Systems,Junior,Как обеспечить отказоустойчивость при использовании clock skew?
7238,Backend,Backend / Architecture Distributed Systems,Junior,Какие ошибки часто встречаются в consensus?
7239,Backend,Backend / Architecture Distributed Systems,Junior,Как мониторить system boundaries?
7240,Backend,Backend / Architecture Distributed Systems,Junior,"Приведите пример инцидента, связанного с capacity planning."
7241,Backend,Backend / Architecture Distributed Systems,Junior,Что такое monolith?
7242,Backend,Backend / Architecture Distributed Systems,Junior,Когда применять modular monolith?
7243,Backend,Backend / Architecture Distributed Systems,Junior,Какие trade-off есть у microservices?
7244,Backend,Backend / Architecture Distributed Systems,Junior,Как спроектировать систему с service discovery?
7245,Backend,Backend / Architecture Distributed Systems,Junior,Как протестировать API gateway?
7246,Backend,Backend / Architecture Distributed Systems,Junior,Как message queues помогает масштабированию?
7247,Backend,Backend / Architecture Distributed Systems,Junior,Как обеспечить отказоустойчивость при использовании Kafka?
7248,Backend,Backend / Architecture Distributed Systems,Junior,Какие ошибки часто встречаются в RabbitMQ?
7249,Backend,Backend / Architecture Distributed Systems,Junior,Как мониторить outbox pattern?
7250,Backend,Backend / Architecture Distributed Systems,Junior,"Приведите пример инцидента, связанного с saga pattern."
7251,Backend,Backend / Architecture Distributed Systems,Junior,Что такое idempotent consumers?
7252,Backend,Backend / Architecture Distributed Systems,Junior,Когда применять dead-letter queue?
7253,Backend,Backend / Architecture Distributed Systems,Junior,Какие trade-off есть у exactly-once semantics?
7254,Backend,Backend / Architecture Distributed Systems,Junior,Как спроектировать систему с at-least-once delivery?
7255,Backend,Backend / Architecture Distributed Systems,Junior,Как протестировать distributed locks?
7256,Backend,Backend / Architecture Distributed Systems,Junior,Как leader election помогает масштабированию?
7257,Backend,Backend / Architecture Distributed Systems,Junior,Как обеспечить отказоустойчивость при использовании consistent hashing?
7258,Backend,Backend / Architecture Distributed Systems,Junior,Какие ошибки часто встречаются в load balancing?
7259,Backend,Backend / Architecture Distributed Systems,Junior,Как мониторить horizontal scaling?
7260,Backend,Backend / Architecture Distributed Systems,Junior,"Приведите пример инцидента, связанного с vertical scaling."
7261,Backend,Backend / Architecture Distributed Systems,Junior,Что такое stateless services?
7262,Backend,Backend / Architecture Distributed Systems,Junior,Когда применять 12-factor app?
7263,Backend,Backend / Architecture Distributed Systems,Junior,Какие trade-off есть у domain-driven design?
7264,Backend,Backend / Architecture Distributed Systems,Junior,Как спроектировать систему с bounded contexts?
7265,Backend,Backend / Architecture Distributed Systems,Junior,Как протестировать CQRS?
7266,Backend,Backend / Architecture Distributed Systems,Junior,Как event sourcing помогает масштабированию?
7267,Backend,Backend / Architecture Distributed Systems,Junior,Как обеспечить отказоустойчивость при использовании feature flags?
7268,Backend,Backend / Architecture Distributed Systems,Junior,Какие ошибки часто встречаются в blue-green deployment?
7269,Backend,Backend / Architecture Distributed Systems,Junior,Как мониторить canary deployment?
7270,Backend,Backend / Architecture Distributed Systems,Junior,"Приведите пример инцидента, связанного с zero downtime."
7271,Backend,Backend / Architecture Distributed Systems,Junior,Что такое failure domains?
7272,Backend,Backend / Architecture Distributed Systems,Junior,Когда применять backpressure?
7273,Backend,Backend / Architecture Distributed Systems,Junior,Какие trade-off есть у bulkheads?
7274,Backend,Backend / Architecture Distributed Systems,Junior,Как спроектировать систему с circuit breakers?
7275,Backend,Backend / Architecture Distributed Systems,Junior,Как протестировать eventual consistency?
7276,Backend,Backend / Architecture Distributed Systems,Junior,Как distributed transactions помогает масштабированию?
7277,Backend,Backend / Architecture Distributed Systems,Junior,Как обеспечить отказоустойчивость при использовании clock skew?
7278,Backend,Backend / Architecture Distributed Systems,Junior,Какие ошибки часто встречаются в consensus?
7279,Backend,Backend / Architecture Distributed Systems,Junior,Как мониторить system boundaries?
7280,Backend,Backend / Architecture Distributed Systems,Junior,"Приведите пример инцидента, связанного с capacity planning."
7281,Backend,Backend / Architecture Distributed Systems,Junior,Что такое monolith?
7282,Backend,Backend / Architecture Distributed Systems,Junior,Когда применять modular monolith?
7283,Backend,Backend / Architecture Distributed Systems,Junior,Какие trade-off есть у microservices?
7284,Backend,Backend / Architecture Distributed Systems,Junior,Как спроектировать систему с service discovery?
7285,Backend,Backend / Architecture Distributed Systems,Junior,Как протестировать API gateway?
7286,Backend,Backend / Architecture Distributed Systems,Junior,Как message queues помогает масштабированию?
7287,Backend,Backend / Architecture Distributed Systems,Junior,Как обеспечить отказоустойчивость при использовании Kafka?
7288,Backend,Backend / Architecture Distributed Systems,Junior,Какие ошибки часто встречаются в RabbitMQ?
7289,Backend,Backend / Architecture Distributed Systems,Junior,Как мониторить outbox pattern?
7290,Backend,Backend / Architecture Distributed Systems,Junior,"Приведите пример инцидента, связанного с saga pattern."
7291,Backend,Backend / Architecture Distributed Systems,Junior,Что такое idempotent consumers?
7292,Backend,Backend / Architecture Distributed Systems,Junior,Когда применять dead-letter queue?
7293,Backend,Backend / Architecture Distributed Systems,Junior,Какие trade-off есть у exactly-once semantics?
7294,Backend,Backend / Architecture Distributed Systems,Junior,Как спроектировать систему с at-least-once delivery?
7295,Backend,Backend / Architecture Distributed Systems,Junior,Как протестировать distributed locks?
7296,Backend,Backend / Architecture Distributed Systems,Junior,Как leader election помогает масштабированию?
7297,Backend,Backend / Architecture Distributed Systems,Junior,Как обеспечить отказоустойчивость при использовании consistent hashing?
7298,Backend,Backend / Architecture Distributed Systems,Junior,Какие ошибки часто встречаются в load balancing?
7299,Backend,Backend / Architecture Distributed Systems,Junior,Как мониторить horizontal scaling?
7300,Backend,Backend / Architecture Distributed Systems,Junior,"Приведите пример инцидента, связанного с vertical scaling."
7301,Backend,Backend / Architecture Distributed Systems,Middle,Что такое stateless services?
7302,Backend,Backend / Architecture Distributed Systems,Middle,Когда применять 12-factor app?
7303,Backend,Backend / Architecture Distributed Systems,Middle,Какие trade-off есть у domain-driven design?
7304,Backend,Backend / Architecture Distributed Systems,Middle,Как спроектировать систему с bounded contexts?
7305,Backend,Backend / Architecture Distributed Systems,Middle,Как протестировать CQRS?
7306,Backend,Backend / Architecture Distributed Systems,Middle,Как event sourcing помогает масштабированию?
7307,Backend,Backend / Architecture Distributed Systems,Middle,Как обеспечить отказоустойчивость при использовании feature flags?
7308,Backend,Backend / Architecture Distributed Systems,Middle,Какие ошибки часто встречаются в blue-green deployment?
7309,Backend,Backend / Architecture Distributed Systems,Middle,Как мониторить canary deployment?
7310,Backend,Backend / Architecture Distributed Systems,Middle,"Приведите пример инцидента, связанного с zero downtime."
7311,Backend,Backend / Architecture Distributed Systems,Middle,Что такое failure domains?
7312,Backend,Backend / Architecture Distributed Systems,Middle,Когда применять backpressure?
7313,Backend,Backend / Architecture Distributed Systems,Middle,Какие trade-off есть у bulkheads?
7314,Backend,Backend / Architecture Distributed Systems,Middle,Как спроектировать систему с circuit breakers?
7315,Backend,Backend / Architecture Distributed Systems,Middle,Как протестировать eventual consistency?
7316,Backend,Backend / Architecture Distributed Systems,Middle,Как distributed transactions помогает масштабированию?
7317,Backend,Backend / Architecture Distributed Systems,Middle,Как обеспечить отказоустойчивость при использовании clock skew?
7318,Backend,Backend / Architecture Distributed Systems,Middle,Какие ошибки часто встречаются в consensus?
7319,Backend,Backend / Architecture Distributed Systems,Middle,Как мониторить system boundaries?
7320,Backend,Backend / Architecture Distributed Systems,Middle,"Приведите пример инцидента, связанного с capacity planning."
7321,Backend,Backend / Architecture Distributed Systems,Middle,Что такое monolith?
7322,Backend,Backend / Architecture Distributed Systems,Middle,Когда применять modular monolith?
7323,Backend,Backend / Architecture Distributed Systems,Middle,Какие trade-off есть у microservices?
7324,Backend,Backend / Architecture Distributed Systems,Middle,Как спроектировать систему с service discovery?
7325,Backend,Backend / Architecture Distributed Systems,Middle,Как протестировать API gateway?
7326,Backend,Backend / Architecture Distributed Systems,Middle,Как message queues помогает масштабированию?
7327,Backend,Backend / Architecture Distributed Systems,Middle,Как обеспечить отказоустойчивость при использовании Kafka?
7328,Backend,Backend / Architecture Distributed Systems,Middle,Какие ошибки часто встречаются в RabbitMQ?
7329,Backend,Backend / Architecture Distributed Systems,Middle,Как мониторить outbox pattern?
7330,Backend,Backend / Architecture Distributed Systems,Middle,"Приведите пример инцидента, связанного с saga pattern."
7331,Backend,Backend / Architecture Distributed Systems,Middle,Что такое idempotent consumers?
7332,Backend,Backend / Architecture Distributed Systems,Middle,Когда применять dead-letter queue?
7333,Backend,Backend / Architecture Distributed Systems,Middle,Какие trade-off есть у exactly-once semantics?
7334,Backend,Backend / Architecture Distributed Systems,Middle,Как спроектировать систему с at-least-once delivery?
7335,Backend,Backend / Architecture Distributed Systems,Middle,Как протестировать distributed locks?
7336,Backend,Backend / Architecture Distributed Systems,Middle,Как leader election помогает масштабированию?
7337,Backend,Backend / Architecture Distributed Systems,Middle,Как обеспечить отказоустойчивость при использовании consistent hashing?
7338,Backend,Backend / Architecture Distributed Systems,Middle,Какие ошибки часто встречаются в load balancing?
7339,Backend,Backend / Architecture Distributed Systems,Middle,Как мониторить horizontal scaling?
7340,Backend,Backend / Architecture Distributed Systems,Middle,"Приведите пример инцидента, связанного с vertical scaling."
7341,Backend,Backend / Architecture Distributed Systems,Middle,Что такое stateless services?
7342,Backend,Backend / Architecture Distributed Systems,Middle,Когда применять 12-factor app?
7343,Backend,Backend / Architecture Distributed Systems,Middle,Какие trade-off есть у domain-driven design?
7344,Backend,Backend / Architecture Distributed Systems,Middle,Как спроектировать систему с bounded contexts?
7345,Backend,Backend / Architecture Distributed Systems,Middle,Как протестировать CQRS?
7346,Backend,Backend / Architecture Distributed Systems,Middle,Как event sourcing помогает масштабированию?
7347,Backend,Backend / Architecture Distributed Systems,Middle,Как обеспечить отказоустойчивость при использовании feature flags?
7348,Backend,Backend / Architecture Distributed Systems,Middle,Какие ошибки часто встречаются в blue-green deployment?
7349,Backend,Backend / Architecture Distributed Systems,Middle,Как мониторить canary deployment?
7350,Backend,Backend / Architecture Distributed Systems,Middle,"Приведите пример инцидента, связанного с zero downtime."
7351,Backend,Backend / Architecture Distributed Systems,Middle,Что такое failure domains?
7352,Backend,Backend / Architecture Distributed Systems,Middle,Когда применять backpressure?
7353,Backend,Backend / Architecture Distributed Systems,Middle,Какие trade-off есть у bulkheads?
7354,Backend,Backend / Architecture Distributed Systems,Middle,Как спроектировать систему с circuit breakers?
7355,Backend,Backend / Architecture Distributed Systems,Middle,Как протестировать eventual consistency?
7356,Backend,Backend / Architecture Distributed Systems,Middle,Как distributed transactions помогает масштабированию?
7357,Backend,Backend / Architecture Distributed Systems,Middle,Как обеспечить отказоустойчивость при использовании clock skew?
7358,Backend,Backend / Architecture Distributed Systems,Middle,Какие ошибки часто встречаются в consensus?
7359,Backend,Backend / Architecture Distributed Systems,Middle,Как мониторить system boundaries?
7360,Backend,Backend / Architecture Distributed Systems,Middle,"Приведите пример инцидента, связанного с capacity planning."
7361,Backend,Backend / Architecture Distributed Systems,Middle,Что такое monolith?
7362,Backend,Backend / Architecture Distributed Systems,Middle,Когда применять modular monolith?
7363,Backend,Backend / Architecture Distributed Systems,Middle,Какие trade-off есть у microservices?
7364,Backend,Backend / Architecture Distributed Systems,Middle,Как спроектировать систему с service discovery?
7365,Backend,Backend / Architecture Distributed Systems,Middle,Как протестировать API gateway?
7366,Backend,Backend / Architecture Distributed Systems,Middle,Как message queues помогает масштабированию?
7367,Backend,Backend / Architecture Distributed Systems,Middle,Как обеспечить отказоустойчивость при использовании Kafka?
7368,Backend,Backend / Architecture Distributed Systems,Middle,Какие ошибки часто встречаются в RabbitMQ?
7369,Backend,Backend / Architecture Distributed Systems,Middle,Как мониторить outbox pattern?
7370,Backend,Backend / Architecture Distributed Systems,Middle,"Приведите пример инцидента, связанного с saga pattern."
7371,Backend,Backend / Architecture Distributed Systems,Middle,Что такое idempotent consumers?
7372,Backend,Backend / Architecture Distributed Systems,Middle,Когда применять dead-letter queue?
7373,Backend,Backend / Architecture Distributed Systems,Middle,Какие trade-off есть у exactly-once semantics?
7374,Backend,Backend / Architecture Distributed Systems,Middle,Как спроектировать систему с at-least-once delivery?
7375,Backend,Backend / Architecture Distributed Systems,Middle,Как протестировать distributed locks?
7376,Backend,Backend / Architecture Distributed Systems,Middle,Как leader election помогает масштабированию?
7377,Backend,Backend / Architecture Distributed Systems,Middle,Как обеспечить отказоустойчивость при использовании consistent hashing?
7378,Backend,Backend / Architecture Distributed Systems,Middle,Какие ошибки часто встречаются в load balancing?
7379,Backend,Backend / Architecture Distributed Systems,Middle,Как мониторить horizontal scaling?
7380,Backend,Backend / Architecture Distributed Systems,Middle,"Приведите пример инцидента, связанного с vertical scaling."
7381,Backend,Backend / Architecture Distributed Systems,Middle,Что такое stateless services?
7382,Backend,Backend / Architecture Distributed Systems,Middle,Когда применять 12-factor app?
7383,Backend,Backend / Architecture Distributed Systems,Middle,Какие trade-off есть у domain-driven design?
7384,Backend,Backend / Architecture Distributed Systems,Middle,Как спроектировать систему с bounded contexts?
7385,Backend,Backend / Architecture Distributed Systems,Middle,Как протестировать CQRS?
7386,Backend,Backend / Architecture Distributed Systems,Middle,Как event sourcing помогает масштабированию?
7387,Backend,Backend / Architecture Distributed Systems,Middle,Как обеспечить отказоустойчивость при использовании feature flags?
7388,Backend,Backend / Architecture Distributed Systems,Middle,Какие ошибки часто встречаются в blue-green deployment?
7389,Backend,Backend / Architecture Distributed Systems,Middle,Как мониторить canary deployment?
7390,Backend,Backend / Architecture Distributed Systems,Middle,"Приведите пример инцидента, связанного с zero downtime."
7391,Backend,Backend / Architecture Distributed Systems,Middle,Что такое failure domains?
7392,Backend,Backend / Architecture Distributed Systems,Middle,Когда применять backpressure?
7393,Backend,Backend / Architecture Distributed Systems,Middle,Какие trade-off есть у bulkheads?
7394,Backend,Backend / Architecture Distributed Systems,Middle,Как спроектировать систему с circuit breakers?
7395,Backend,Backend / Architecture Distributed Systems,Middle,Как протестировать eventual consistency?
7396,Backend,Backend / Architecture Distributed Systems,Middle,Как distributed transactions помогает масштабированию?
7397,Backend,Backend / Architecture Distributed Systems,Middle,Как обеспечить отказоустойчивость при использовании clock skew?
7398,Backend,Backend / Architecture Distributed Systems,Middle,Какие ошибки часто встречаются в consensus?
7399,Backend,Backend / Architecture Distributed Systems,Middle,Как мониторить system boundaries?
7400,Backend,Backend / Architecture Distributed Systems,Middle,"Приведите пример инцидента, связанного с capacity planning."
7401,Backend,Backend / Architecture Distributed Systems,Middle,Что такое monolith?
7402,Backend,Backend / Architecture Distributed Systems,Middle,Когда применять modular monolith?
7403,Backend,Backend / Architecture Distributed Systems,Middle,Какие trade-off есть у microservices?
7404,Backend,Backend / Architecture Distributed Systems,Middle,Как спроектировать систему с service discovery?
7405,Backend,Backend / Architecture Distributed Systems,Middle,Как протестировать API gateway?
7406,Backend,Backend / Architecture Distributed Systems,Middle,Как message queues помогает масштабированию?
7407,Backend,Backend / Architecture Distributed Systems,Middle,Как обеспечить отказоустойчивость при использовании Kafka?
7408,Backend,Backend / Architecture Distributed Systems,Middle,Какие ошибки часто встречаются в RabbitMQ?
7409,Backend,Backend / Architecture Distributed Systems,Middle,Как мониторить outbox pattern?
7410,Backend,Backend / Architecture Distributed Systems,Middle,"Приведите пример инцидента, связанного с saga pattern."
7411,Backend,Backend / Architecture Distributed Systems,Middle,Что такое idempotent consumers?
7412,Backend,Backend / Architecture Distributed Systems,Middle,Когда применять dead-letter queue?
7413,Backend,Backend / Architecture Distributed Systems,Middle,Какие trade-off есть у exactly-once semantics?
7414,Backend,Backend / Architecture Distributed Systems,Middle,Как спроектировать систему с at-least-once delivery?
7415,Backend,Backend / Architecture Distributed Systems,Middle,Как протестировать distributed locks?
7416,Backend,Backend / Architecture Distributed Systems,Middle,Как leader election помогает масштабированию?
7417,Backend,Backend / Architecture Distributed Systems,Middle,Как обеспечить отказоустойчивость при использовании consistent hashing?
7418,Backend,Backend / Architecture Distributed Systems,Middle,Какие ошибки часто встречаются в load balancing?
7419,Backend,Backend / Architecture Distributed Systems,Middle,Как мониторить horizontal scaling?
7420,Backend,Backend / Architecture Distributed Systems,Middle,"Приведите пример инцидента, связанного с vertical scaling."
7421,Backend,Backend / Architecture Distributed Systems,Middle,Что такое stateless services?
7422,Backend,Backend / Architecture Distributed Systems,Middle,Когда применять 12-factor app?
7423,Backend,Backend / Architecture Distributed Systems,Middle,Какие trade-off есть у domain-driven design?
7424,Backend,Backend / Architecture Distributed Systems,Middle,Как спроектировать систему с bounded contexts?
7425,Backend,Backend / Architecture Distributed Systems,Middle,Как протестировать CQRS?
7426,Backend,Backend / Architecture Distributed Systems,Middle,Как event sourcing помогает масштабированию?
7427,Backend,Backend / Architecture Distributed Systems,Middle,Как обеспечить отказоустойчивость при использовании feature flags?
7428,Backend,Backend / Architecture Distributed Systems,Middle,Какие ошибки часто встречаются в blue-green deployment?
7429,Backend,Backend / Architecture Distributed Systems,Middle,Как мониторить canary deployment?
7430,Backend,Backend / Architecture Distributed Systems,Middle,"Приведите пример инцидента, связанного с zero downtime."
7431,Backend,Backend / Architecture Distributed Systems,Middle,Что такое failure domains?
7432,Backend,Backend / Architecture Distributed Systems,Middle,Когда применять backpressure?
7433,Backend,Backend / Architecture Distributed Systems,Middle,Какие trade-off есть у bulkheads?
7434,Backend,Backend / Architecture Distributed Systems,Middle,Как спроектировать систему с circuit breakers?
7435,Backend,Backend / Architecture Distributed Systems,Middle,Как протестировать eventual consistency?
7436,Backend,Backend / Architecture Distributed Systems,Middle,Как distributed transactions помогает масштабированию?
7437,Backend,Backend / Architecture Distributed Systems,Middle,Как обеспечить отказоустойчивость при использовании clock skew?
7438,Backend,Backend / Architecture Distributed Systems,Middle,Какие ошибки часто встречаются в consensus?
7439,Backend,Backend / Architecture Distributed Systems,Middle,Как мониторить system boundaries?
7440,Backend,Backend / Architecture Distributed Systems,Middle,"Приведите пример инцидента, связанного с capacity planning."
7441,Backend,Backend / Architecture Distributed Systems,Middle,Что такое monolith?
7442,Backend,Backend / Architecture Distributed Systems,Middle,Когда применять modular monolith?
7443,Backend,Backend / Architecture Distributed Systems,Middle,Какие trade-off есть у microservices?
7444,Backend,Backend / Architecture Distributed Systems,Middle,Как спроектировать систему с service discovery?
7445,Backend,Backend / Architecture Distributed Systems,Middle,Как протестировать API gateway?
7446,Backend,Backend / Architecture Distributed Systems,Middle,Как message queues помогает масштабированию?
7447,Backend,Backend / Architecture Distributed Systems,Middle,Как обеспечить отказоустойчивость при использовании Kafka?
7448,Backend,Backend / Architecture Distributed Systems,Middle,Какие ошибки часто встречаются в RabbitMQ?
7449,Backend,Backend / Architecture Distributed Systems,Middle,Как мониторить outbox pattern?
7450,Backend,Backend / Architecture Distributed Systems,Middle,"Приведите пример инцидента, связанного с saga pattern."
7451,Backend,Backend / Architecture Distributed Systems,Middle,Что такое idempotent consumers?
7452,Backend,Backend / Architecture Distributed Systems,Middle,Когда применять dead-letter queue?
7453,Backend,Backend / Architecture Distributed Systems,Middle,Какие trade-off есть у exactly-once semantics?
7454,Backend,Backend / Architecture Distributed Systems,Middle,Как спроектировать систему с at-least-once delivery?
7455,Backend,Backend / Architecture Distributed Systems,Middle,Как протестировать distributed locks?
7456,Backend,Backend / Architecture Distributed Systems,Middle,Как leader election помогает масштабированию?
7457,Backend,Backend / Architecture Distributed Systems,Middle,Как обеспечить отказоустойчивость при использовании consistent hashing?
7458,Backend,Backend / Architecture Distributed Systems,Middle,Какие ошибки часто встречаются в load balancing?
7459,Backend,Backend / Architecture Distributed Systems,Middle,Как мониторить horizontal scaling?
7460,Backend,Backend / Architecture Distributed Systems,Middle,"Приведите пример инцидента, связанного с vertical scaling."
7461,Backend,Backend / Architecture Distributed Systems,Middle,Что такое stateless services?
7462,Backend,Backend / Architecture Distributed Systems,Middle,Когда применять 12-factor app?
7463,Backend,Backend / Architecture Distributed Systems,Middle,Какие trade-off есть у domain-driven design?
7464,Backend,Backend / Architecture Distributed Systems,Middle,Как спроектировать систему с bounded contexts?
7465,Backend,Backend / Architecture Distributed Systems,Middle,Как протестировать CQRS?
7466,Backend,Backend / Architecture Distributed Systems,Middle,Как event sourcing помогает масштабированию?
7467,Backend,Backend / Architecture Distributed Systems,Middle,Как обеспечить отказоустойчивость при использовании feature flags?
7468,Backend,Backend / Architecture Distributed Systems,Middle,Какие ошибки часто встречаются в blue-green deployment?
7469,Backend,Backend / Architecture Distributed Systems,Middle,Как мониторить canary deployment?
7470,Backend,Backend / Architecture Distributed Systems,Middle,"Приведите пример инцидента, связанного с zero downtime."
7471,Backend,Backend / Architecture Distributed Systems,Middle,Что такое failure domains?
7472,Backend,Backend / Architecture Distributed Systems,Middle,Когда применять backpressure?
7473,Backend,Backend / Architecture Distributed Systems,Middle,Какие trade-off есть у bulkheads?
7474,Backend,Backend / Architecture Distributed Systems,Middle,Как спроектировать систему с circuit breakers?
7475,Backend,Backend / Architecture Distributed Systems,Middle,Как протестировать eventual consistency?
7476,Backend,Backend / Architecture Distributed Systems,Middle,Как distributed transactions помогает масштабированию?
7477,Backend,Backend / Architecture Distributed Systems,Middle,Как обеспечить отказоустойчивость при использовании clock skew?
7478,Backend,Backend / Architecture Distributed Systems,Middle,Какие ошибки часто встречаются в consensus?
7479,Backend,Backend / Architecture Distributed Systems,Middle,Как мониторить system boundaries?
7480,Backend,Backend / Architecture Distributed Systems,Middle,"Приведите пример инцидента, связанного с capacity planning."
7481,Backend,Backend / Architecture Distributed Systems,Middle,Что такое monolith?
7482,Backend,Backend / Architecture Distributed Systems,Middle,Когда применять modular monolith?
7483,Backend,Backend / Architecture Distributed Systems,Middle,Какие trade-off есть у microservices?
7484,Backend,Backend / Architecture Distributed Systems,Middle,Как спроектировать систему с service discovery?
7485,Backend,Backend / Architecture Distributed Systems,Middle,Как протестировать API gateway?
7486,Backend,Backend / Architecture Distributed Systems,Middle,Как message queues помогает масштабированию?
7487,Backend,Backend / Architecture Distributed Systems,Middle,Как обеспечить отказоустойчивость при использовании Kafka?
7488,Backend,Backend / Architecture Distributed Systems,Middle,Какие ошибки часто встречаются в RabbitMQ?
7489,Backend,Backend / Architecture Distributed Systems,Middle,Как мониторить outbox pattern?
7490,Backend,Backend / Architecture Distributed Systems,Middle,"Приведите пример инцидента, связанного с saga pattern."
7491,Backend,Backend / Architecture Distributed Systems,Middle,Что такое idempotent consumers?
7492,Backend,Backend / Architecture Distributed Systems,Middle,Когда применять dead-letter queue?
7493,Backend,Backend / Architecture Distributed Systems,Middle,Какие trade-off есть у exactly-once semantics?
7494,Backend,Backend / Architecture Distributed Systems,Middle,Как спроектировать систему с at-least-once delivery?
7495,Backend,Backend / Architecture Distributed Systems,Middle,Как протестировать distributed locks?
7496,Backend,Backend / Architecture Distributed Systems,Middle,Как leader election помогает масштабированию?
7497,Backend,Backend / Architecture Distributed Systems,Middle,Как обеспечить отказоустойчивость при использовании consistent hashing?
7498,Backend,Backend / Architecture Distributed Systems,Middle,Какие ошибки часто встречаются в load balancing?
7499,Backend,Backend / Architecture Distributed Systems,Middle,Как мониторить horizontal scaling?
7500,Backend,Backend / Architecture Distributed Systems,Middle,"Приведите пример инцидента, связанного с vertical scaling."
7501,Backend,Backend / Architecture Distributed Systems,Middle,Что такое stateless services?
7502,Backend,Backend / Architecture Distributed Systems,Middle,Когда применять 12-factor app?
7503,Backend,Backend / Architecture Distributed Systems,Middle,Какие trade-off есть у domain-driven design?
7504,Backend,Backend / Architecture Distributed Systems,Middle,Как спроектировать систему с bounded contexts?
7505,Backend,Backend / Architecture Distributed Systems,Middle,Как протестировать CQRS?
7506,Backend,Backend / Architecture Distributed Systems,Middle,Как event sourcing помогает масштабированию?
7507,Backend,Backend / Architecture Distributed Systems,Middle,Как обеспечить отказоустойчивость при использовании feature flags?
7508,Backend,Backend / Architecture Distributed Systems,Middle,Какие ошибки часто встречаются в blue-green deployment?
7509,Backend,Backend / Architecture Distributed Systems,Middle,Как мониторить canary deployment?
7510,Backend,Backend / Architecture Distributed Systems,Middle,"Приведите пример инцидента, связанного с zero downtime."
7511,Backend,Backend / Architecture Distributed Systems,Middle,Что такое failure domains?
7512,Backend,Backend / Architecture Distributed Systems,Middle,Когда применять backpressure?
7513,Backend,Backend / Architecture Distributed Systems,Middle,Какие trade-off есть у bulkheads?
7514,Backend,Backend / Architecture Distributed Systems,Middle,Как спроектировать систему с circuit breakers?
7515,Backend,Backend / Architecture Distributed Systems,Middle,Как протестировать eventual consistency?
7516,Backend,Backend / Architecture Distributed Systems,Middle,Как distributed transactions помогает масштабированию?
7517,Backend,Backend / Architecture Distributed Systems,Middle,Как обеспечить отказоустойчивость при использовании clock skew?
7518,Backend,Backend / Architecture Distributed Systems,Middle,Какие ошибки часто встречаются в consensus?
7519,Backend,Backend / Architecture Distributed Systems,Middle,Как мониторить system boundaries?
7520,Backend,Backend / Architecture Distributed Systems,Middle,"Приведите пример инцидента, связанного с capacity planning."
7521,Backend,Backend / Architecture Distributed Systems,Middle,Что такое monolith?
7522,Backend,Backend / Architecture Distributed Systems,Middle,Когда применять modular monolith?
7523,Backend,Backend / Architecture Distributed Systems,Middle,Какие trade-off есть у microservices?
7524,Backend,Backend / Architecture Distributed Systems,Middle,Как спроектировать систему с service discovery?
7525,Backend,Backend / Architecture Distributed Systems,Middle,Как протестировать API gateway?
7526,Backend,Backend / Architecture Distributed Systems,Middle,Как message queues помогает масштабированию?
7527,Backend,Backend / Architecture Distributed Systems,Middle,Как обеспечить отказоустойчивость при использовании Kafka?
7528,Backend,Backend / Architecture Distributed Systems,Middle,Какие ошибки часто встречаются в RabbitMQ?
7529,Backend,Backend / Architecture Distributed Systems,Middle,Как мониторить outbox pattern?
7530,Backend,Backend / Architecture Distributed Systems,Middle,"Приведите пример инцидента, связанного с saga pattern."
7531,Backend,Backend / Architecture Distributed Systems,Middle,Что такое idempotent consumers?
7532,Backend,Backend / Architecture Distributed Systems,Middle,Когда применять dead-letter queue?
7533,Backend,Backend / Architecture Distributed Systems,Middle,Какие trade-off есть у exactly-once semantics?
7534,Backend,Backend / Architecture Distributed Systems,Middle,Как спроектировать систему с at-least-once delivery?
7535,Backend,Backend / Architecture Distributed Systems,Middle,Как протестировать distributed locks?
7536,Backend,Backend / Architecture Distributed Systems,Middle,Как leader election помогает масштабированию?
7537,Backend,Backend / Architecture Distributed Systems,Middle,Как обеспечить отказоустойчивость при использовании consistent hashing?
7538,Backend,Backend / Architecture Distributed Systems,Middle,Какие ошибки часто встречаются в load balancing?
7539,Backend,Backend / Architecture Distributed Systems,Middle,Как мониторить horizontal scaling?
7540,Backend,Backend / Architecture Distributed Systems,Middle,"Приведите пример инцидента, связанного с vertical scaling."
7541,Backend,Backend / Architecture Distributed Systems,Middle,Что такое stateless services?
7542,Backend,Backend / Architecture Distributed Systems,Middle,Когда применять 12-factor app?
7543,Backend,Backend / Architecture Distributed Systems,Middle,Какие trade-off есть у domain-driven design?
7544,Backend,Backend / Architecture Distributed Systems,Middle,Как спроектировать систему с bounded contexts?
7545,Backend,Backend / Architecture Distributed Systems,Middle,Как протестировать CQRS?
7546,Backend,Backend / Architecture Distributed Systems,Middle,Как event sourcing помогает масштабированию?
7547,Backend,Backend / Architecture Distributed Systems,Middle,Как обеспечить отказоустойчивость при использовании feature flags?
7548,Backend,Backend / Architecture Distributed Systems,Middle,Какие ошибки часто встречаются в blue-green deployment?
7549,Backend,Backend / Architecture Distributed Systems,Middle,Как мониторить canary deployment?
7550,Backend,Backend / Architecture Distributed Systems,Middle,"Приведите пример инцидента, связанного с zero downtime."
7551,Backend,Backend / Architecture Distributed Systems,Middle,Что такое failure domains?
7552,Backend,Backend / Architecture Distributed Systems,Middle,Когда применять backpressure?
7553,Backend,Backend / Architecture Distributed Systems,Middle,Какие trade-off есть у bulkheads?
7554,Backend,Backend / Architecture Distributed Systems,Middle,Как спроектировать систему с circuit breakers?
7555,Backend,Backend / Architecture Distributed Systems,Middle,Как протестировать eventual consistency?
7556,Backend,Backend / Architecture Distributed Systems,Middle,Как distributed transactions помогает масштабированию?
7557,Backend,Backend / Architecture Distributed Systems,Middle,Как обеспечить отказоустойчивость при использовании clock skew?
7558,Backend,Backend / Architecture Distributed Systems,Middle,Какие ошибки часто встречаются в consensus?
7559,Backend,Backend / Architecture Distributed Systems,Middle,Как мониторить system boundaries?
7560,Backend,Backend / Architecture Distributed Systems,Middle,"Приведите пример инцидента, связанного с capacity planning."
7561,Backend,Backend / Architecture Distributed Systems,Middle,Что такое monolith?
7562,Backend,Backend / Architecture Distributed Systems,Middle,Когда применять modular monolith?
7563,Backend,Backend / Architecture Distributed Systems,Middle,Какие trade-off есть у microservices?
7564,Backend,Backend / Architecture Distributed Systems,Middle,Как спроектировать систему с service discovery?
7565,Backend,Backend / Architecture Distributed Systems,Middle,Как протестировать API gateway?
7566,Backend,Backend / Architecture Distributed Systems,Middle,Как message queues помогает масштабированию?
7567,Backend,Backend / Architecture Distributed Systems,Middle,Как обеспечить отказоустойчивость при использовании Kafka?
7568,Backend,Backend / Architecture Distributed Systems,Middle,Какие ошибки часто встречаются в RabbitMQ?
7569,Backend,Backend / Architecture Distributed Systems,Middle,Как мониторить outbox pattern?
7570,Backend,Backend / Architecture Distributed Systems,Middle,"Приведите пример инцидента, связанного с saga pattern."
7571,Backend,Backend / Architecture Distributed Systems,Middle,Что такое idempotent consumers?
7572,Backend,Backend / Architecture Distributed Systems,Middle,Когда применять dead-letter queue?
7573,Backend,Backend / Architecture Distributed Systems,Middle,Какие trade-off есть у exactly-once semantics?
7574,Backend,Backend / Architecture Distributed Systems,Middle,Как спроектировать систему с at-least-once delivery?
7575,Backend,Backend / Architecture Distributed Systems,Middle,Как протестировать distributed locks?
7576,Backend,Backend / Architecture Distributed Systems,Middle,Как leader election помогает масштабированию?
7577,Backend,Backend / Architecture Distributed Systems,Middle,Как обеспечить отказоустойчивость при использовании consistent hashing?
7578,Backend,Backend / Architecture Distributed Systems,Middle,Какие ошибки часто встречаются в load balancing?
7579,Backend,Backend / Architecture Distributed Systems,Middle,Как мониторить horizontal scaling?
7580,Backend,Backend / Architecture Distributed Systems,Middle,"Приведите пример инцидента, связанного с vertical scaling."
7581,Backend,Backend / Architecture Distributed Systems,Middle,Что такое stateless services?
7582,Backend,Backend / Architecture Distributed Systems,Middle,Когда применять 12-factor app?
7583,Backend,Backend / Architecture Distributed Systems,Middle,Какие trade-off есть у domain-driven design?
7584,Backend,Backend / Architecture Distributed Systems,Middle,Как спроектировать систему с bounded contexts?
7585,Backend,Backend / Architecture Distributed Systems,Middle,Как протестировать CQRS?
7586,Backend,Backend / Architecture Distributed Systems,Middle,Как event sourcing помогает масштабированию?
7587,Backend,Backend / Architecture Distributed Systems,Middle,Как обеспечить отказоустойчивость при использовании feature flags?
7588,Backend,Backend / Architecture Distributed Systems,Middle,Какие ошибки часто встречаются в blue-green deployment?
7589,Backend,Backend / Architecture Distributed Systems,Middle,Как мониторить canary deployment?
7590,Backend,Backend / Architecture Distributed Systems,Middle,"Приведите пример инцидента, связанного с zero downtime."
7591,Backend,Backend / Architecture Distributed Systems,Middle,Что такое failure domains?
7592,Backend,Backend / Architecture Distributed Systems,Middle,Когда применять backpressure?
7593,Backend,Backend / Architecture Distributed Systems,Middle,Какие trade-off есть у bulkheads?
7594,Backend,Backend / Architecture Distributed Systems,Middle,Как спроектировать систему с circuit breakers?
7595,Backend,Backend / Architecture Distributed Systems,Middle,Как протестировать eventual consistency?
7596,Backend,Backend / Architecture Distributed Systems,Middle,Как distributed transactions помогает масштабированию?
7597,Backend,Backend / Architecture Distributed Systems,Middle,Как обеспечить отказоустойчивость при использовании clock skew?
7598,Backend,Backend / Architecture Distributed Systems,Middle,Какие ошибки часто встречаются в consensus?
7599,Backend,Backend / Architecture Distributed Systems,Middle,Как мониторить system boundaries?
7600,Backend,Backend / Architecture Distributed Systems,Middle,"Приведите пример инцидента, связанного с capacity planning."
7601,Backend,Backend / Architecture Distributed Systems,Middle,Что такое monolith?
7602,Backend,Backend / Architecture Distributed Systems,Middle,Когда применять modular monolith?
7603,Backend,Backend / Architecture Distributed Systems,Middle,Какие trade-off есть у microservices?
7604,Backend,Backend / Architecture Distributed Systems,Middle,Как спроектировать систему с service discovery?
7605,Backend,Backend / Architecture Distributed Systems,Middle,Как протестировать API gateway?
7606,Backend,Backend / Architecture Distributed Systems,Middle,Как message queues помогает масштабированию?
7607,Backend,Backend / Architecture Distributed Systems,Middle,Как обеспечить отказоустойчивость при использовании Kafka?
7608,Backend,Backend / Architecture Distributed Systems,Middle,Какие ошибки часто встречаются в RabbitMQ?
7609,Backend,Backend / Architecture Distributed Systems,Middle,Как мониторить outbox pattern?
7610,Backend,Backend / Architecture Distributed Systems,Middle,"Приведите пример инцидента, связанного с saga pattern."
7611,Backend,Backend / Architecture Distributed Systems,Middle,Что такое idempotent consumers?
7612,Backend,Backend / Architecture Distributed Systems,Middle,Когда применять dead-letter queue?
7613,Backend,Backend / Architecture Distributed Systems,Middle,Какие trade-off есть у exactly-once semantics?
7614,Backend,Backend / Architecture Distributed Systems,Middle,Как спроектировать систему с at-least-once delivery?
7615,Backend,Backend / Architecture Distributed Systems,Middle,Как протестировать distributed locks?
7616,Backend,Backend / Architecture Distributed Systems,Middle,Как leader election помогает масштабированию?
7617,Backend,Backend / Architecture Distributed Systems,Middle,Как обеспечить отказоустойчивость при использовании consistent hashing?
7618,Backend,Backend / Architecture Distributed Systems,Middle,Какие ошибки часто встречаются в load balancing?
7619,Backend,Backend / Architecture Distributed Systems,Middle,Как мониторить horizontal scaling?
7620,Backend,Backend / Architecture Distributed Systems,Middle,"Приведите пример инцидента, связанного с vertical scaling."
7621,Backend,Backend / Architecture Distributed Systems,Middle,Что такое stateless services?
7622,Backend,Backend / Architecture Distributed Systems,Middle,Когда применять 12-factor app?
7623,Backend,Backend / Architecture Distributed Systems,Middle,Какие trade-off есть у domain-driven design?
7624,Backend,Backend / Architecture Distributed Systems,Middle,Как спроектировать систему с bounded contexts?
7625,Backend,Backend / Architecture Distributed Systems,Middle,Как протестировать CQRS?
7626,Backend,Backend / Architecture Distributed Systems,Middle,Как event sourcing помогает масштабированию?
7627,Backend,Backend / Architecture Distributed Systems,Middle,Как обеспечить отказоустойчивость при использовании feature flags?
7628,Backend,Backend / Architecture Distributed Systems,Middle,Какие ошибки часто встречаются в blue-green deployment?
7629,Backend,Backend / Architecture Distributed Systems,Middle,Как мониторить canary deployment?
7630,Backend,Backend / Architecture Distributed Systems,Middle,"Приведите пример инцидента, связанного с zero downtime."
7631,Backend,Backend / Architecture Distributed Systems,Middle,Что такое failure domains?
7632,Backend,Backend / Architecture Distributed Systems,Middle,Когда применять backpressure?
7633,Backend,Backend / Architecture Distributed Systems,Middle,Какие trade-off есть у bulkheads?
7634,Backend,Backend / Architecture Distributed Systems,Middle,Как спроектировать систему с circuit breakers?
7635,Backend,Backend / Architecture Distributed Systems,Middle,Как протестировать eventual consistency?
7636,Backend,Backend / Architecture Distributed Systems,Middle,Как distributed transactions помогает масштабированию?
7637,Backend,Backend / Architecture Distributed Systems,Middle,Как обеспечить отказоустойчивость при использовании clock skew?
7638,Backend,Backend / Architecture Distributed Systems,Middle,Какие ошибки часто встречаются в consensus?
7639,Backend,Backend / Architecture Distributed Systems,Middle,Как мониторить system boundaries?
7640,Backend,Backend / Architecture Distributed Systems,Middle,"Приведите пример инцидента, связанного с capacity planning."
7641,Backend,Backend / Architecture Distributed Systems,Middle,Что такое monolith?
7642,Backend,Backend / Architecture Distributed Systems,Middle,Когда применять modular monolith?
7643,Backend,Backend / Architecture Distributed Systems,Middle,Какие trade-off есть у microservices?
7644,Backend,Backend / Architecture Distributed Systems,Middle,Как спроектировать систему с service discovery?
7645,Backend,Backend / Architecture Distributed Systems,Middle,Как протестировать API gateway?
7646,Backend,Backend / Architecture Distributed Systems,Middle,Как message queues помогает масштабированию?
7647,Backend,Backend / Architecture Distributed Systems,Middle,Как обеспечить отказоустойчивость при использовании Kafka?
7648,Backend,Backend / Architecture Distributed Systems,Middle,Какие ошибки часто встречаются в RabbitMQ?
7649,Backend,Backend / Architecture Distributed Systems,Middle,Как мониторить outbox pattern?
7650,Backend,Backend / Architecture Distributed Systems,Middle,"Приведите пример инцидента, связанного с saga pattern."
7651,Backend,Backend / Architecture Distributed Systems,Middle,Что такое idempotent consumers?
7652,Backend,Backend / Architecture Distributed Systems,Middle,Когда применять dead-letter queue?
7653,Backend,Backend / Architecture Distributed Systems,Middle,Какие trade-off есть у exactly-once semantics?
7654,Backend,Backend / Architecture Distributed Systems,Middle,Как спроектировать систему с at-least-once delivery?
7655,Backend,Backend / Architecture Distributed Systems,Middle,Как протестировать distributed locks?
7656,Backend,Backend / Architecture Distributed Systems,Middle,Как leader election помогает масштабированию?
7657,Backend,Backend / Architecture Distributed Systems,Middle,Как обеспечить отказоустойчивость при использовании consistent hashing?
7658,Backend,Backend / Architecture Distributed Systems,Middle,Какие ошибки часто встречаются в load balancing?
7659,Backend,Backend / Architecture Distributed Systems,Middle,Как мониторить horizontal scaling?
7660,Backend,Backend / Architecture Distributed Systems,Middle,"Приведите пример инцидента, связанного с vertical scaling."
7661,Backend,Backend / Architecture Distributed Systems,Middle,Что такое stateless services?
7662,Backend,Backend / Architecture Distributed Systems,Middle,Когда применять 12-factor app?
7663,Backend,Backend / Architecture Distributed Systems,Middle,Какие trade-off есть у domain-driven design?
7664,Backend,Backend / Architecture Distributed Systems,Middle,Как спроектировать систему с bounded contexts?
7665,Backend,Backend / Architecture Distributed Systems,Middle,Как протестировать CQRS?
7666,Backend,Backend / Architecture Distributed Systems,Middle,Как event sourcing помогает масштабированию?
7667,Backend,Backend / Architecture Distributed Systems,Middle,Как обеспечить отказоустойчивость при использовании feature flags?
7668,Backend,Backend / Architecture Distributed Systems,Middle,Какие ошибки часто встречаются в blue-green deployment?
7669,Backend,Backend / Architecture Distributed Systems,Middle,Как мониторить canary deployment?
7670,Backend,Backend / Architecture Distributed Systems,Middle,"Приведите пример инцидента, связанного с zero downtime."
7671,Backend,Backend / Architecture Distributed Systems,Middle,Что такое failure domains?
7672,Backend,Backend / Architecture Distributed Systems,Middle,Когда применять backpressure?
7673,Backend,Backend / Architecture Distributed Systems,Middle,Какие trade-off есть у bulkheads?
7674,Backend,Backend / Architecture Distributed Systems,Middle,Как спроектировать систему с circuit breakers?
7675,Backend,Backend / Architecture Distributed Systems,Middle,Как протестировать eventual consistency?
7676,Backend,Backend / Architecture Distributed Systems,Middle,Как distributed transactions помогает масштабированию?
7677,Backend,Backend / Architecture Distributed Systems,Middle,Как обеспечить отказоустойчивость при использовании clock skew?
7678,Backend,Backend / Architecture Distributed Systems,Middle,Какие ошибки часто встречаются в consensus?
7679,Backend,Backend / Architecture Distributed Systems,Middle,Как мониторить system boundaries?
7680,Backend,Backend / Architecture Distributed Systems,Middle,"Приведите пример инцидента, связанного с capacity planning."
7681,Backend,Backend / Architecture Distributed Systems,Middle,Что такое monolith?
7682,Backend,Backend / Architecture Distributed Systems,Middle,Когда применять modular monolith?
7683,Backend,Backend / Architecture Distributed Systems,Middle,Какие trade-off есть у microservices?
7684,Backend,Backend / Architecture Distributed Systems,Middle,Как спроектировать систему с service discovery?
7685,Backend,Backend / Architecture Distributed Systems,Middle,Как протестировать API gateway?
7686,Backend,Backend / Architecture Distributed Systems,Middle,Как message queues помогает масштабированию?
7687,Backend,Backend / Architecture Distributed Systems,Middle,Как обеспечить отказоустойчивость при использовании Kafka?
7688,Backend,Backend / Architecture Distributed Systems,Middle,Какие ошибки часто встречаются в RabbitMQ?
7689,Backend,Backend / Architecture Distributed Systems,Middle,Как мониторить outbox pattern?
7690,Backend,Backend / Architecture Distributed Systems,Middle,"Приведите пример инцидента, связанного с saga pattern."
7691,Backend,Backend / Architecture Distributed Systems,Middle,Что такое idempotent consumers?
7692,Backend,Backend / Architecture Distributed Systems,Middle,Когда применять dead-letter queue?
7693,Backend,Backend / Architecture Distributed Systems,Middle,Какие trade-off есть у exactly-once semantics?
7694,Backend,Backend / Architecture Distributed Systems,Middle,Как спроектировать систему с at-least-once delivery?
7695,Backend,Backend / Architecture Distributed Systems,Middle,Как протестировать distributed locks?
7696,Backend,Backend / Architecture Distributed Systems,Middle,Как leader election помогает масштабированию?
7697,Backend,Backend / Architecture Distributed Systems,Middle,Как обеспечить отказоустойчивость при использовании consistent hashing?
7698,Backend,Backend / Architecture Distributed Systems,Middle,Какие ошибки часто встречаются в load balancing?
7699,Backend,Backend / Architecture Distributed Systems,Middle,Как мониторить horizontal scaling?
7700,Backend,Backend / Architecture Distributed Systems,Middle,"Приведите пример инцидента, связанного с vertical scaling."
7701,Backend,Backend / Architecture Distributed Systems,Middle,Что такое stateless services?
7702,Backend,Backend / Architecture Distributed Systems,Middle,Когда применять 12-factor app?
7703,Backend,Backend / Architecture Distributed Systems,Middle,Какие trade-off есть у domain-driven design?
7704,Backend,Backend / Architecture Distributed Systems,Middle,Как спроектировать систему с bounded contexts?
7705,Backend,Backend / Architecture Distributed Systems,Middle,Как протестировать CQRS?
7706,Backend,Backend / Architecture Distributed Systems,Middle,Как event sourcing помогает масштабированию?
7707,Backend,Backend / Architecture Distributed Systems,Middle,Как обеспечить отказоустойчивость при использовании feature flags?
7708,Backend,Backend / Architecture Distributed Systems,Middle,Какие ошибки часто встречаются в blue-green deployment?
7709,Backend,Backend / Architecture Distributed Systems,Middle,Как мониторить canary deployment?
7710,Backend,Backend / Architecture Distributed Systems,Middle,"Приведите пример инцидента, связанного с zero downtime."
7711,Backend,Backend / Architecture Distributed Systems,Middle,Что такое failure domains?
7712,Backend,Backend / Architecture Distributed Systems,Middle,Когда применять backpressure?
7713,Backend,Backend / Architecture Distributed Systems,Middle,Какие trade-off есть у bulkheads?
7714,Backend,Backend / Architecture Distributed Systems,Middle,Как спроектировать систему с circuit breakers?
7715,Backend,Backend / Architecture Distributed Systems,Middle,Как протестировать eventual consistency?
7716,Backend,Backend / Architecture Distributed Systems,Middle,Как distributed transactions помогает масштабированию?
7717,Backend,Backend / Architecture Distributed Systems,Middle,Как обеспечить отказоустойчивость при использовании clock skew?
7718,Backend,Backend / Architecture Distributed Systems,Middle,Какие ошибки часто встречаются в consensus?
7719,Backend,Backend / Architecture Distributed Systems,Middle,Как мониторить system boundaries?
7720,Backend,Backend / Architecture Distributed Systems,Middle,"Приведите пример инцидента, связанного с capacity planning."
7721,Backend,Backend / Architecture Distributed Systems,Middle,Что такое monolith?
7722,Backend,Backend / Architecture Distributed Systems,Middle,Когда применять modular monolith?
7723,Backend,Backend / Architecture Distributed Systems,Middle,Какие trade-off есть у microservices?
7724,Backend,Backend / Architecture Distributed Systems,Middle,Как спроектировать систему с service discovery?
7725,Backend,Backend / Architecture Distributed Systems,Middle,Как протестировать API gateway?
7726,Backend,Backend / Architecture Distributed Systems,Middle,Как message queues помогает масштабированию?
7727,Backend,Backend / Architecture Distributed Systems,Middle,Как обеспечить отказоустойчивость при использовании Kafka?
7728,Backend,Backend / Architecture Distributed Systems,Middle,Какие ошибки часто встречаются в RabbitMQ?
7729,Backend,Backend / Architecture Distributed Systems,Middle,Как мониторить outbox pattern?
7730,Backend,Backend / Architecture Distributed Systems,Middle,"Приведите пример инцидента, связанного с saga pattern."
7731,Backend,Backend / Architecture Distributed Systems,Middle,Что такое idempotent consumers?
7732,Backend,Backend / Architecture Distributed Systems,Middle,Когда применять dead-letter queue?
7733,Backend,Backend / Architecture Distributed Systems,Middle,Какие trade-off есть у exactly-once semantics?
7734,Backend,Backend / Architecture Distributed Systems,Middle,Как спроектировать систему с at-least-once delivery?
7735,Backend,Backend / Architecture Distributed Systems,Middle,Как протестировать distributed locks?
7736,Backend,Backend / Architecture Distributed Systems,Middle,Как leader election помогает масштабированию?
7737,Backend,Backend / Architecture Distributed Systems,Middle,Как обеспечить отказоустойчивость при использовании consistent hashing?
7738,Backend,Backend / Architecture Distributed Systems,Middle,Какие ошибки часто встречаются в load balancing?
7739,Backend,Backend / Architecture Distributed Systems,Middle,Как мониторить horizontal scaling?
7740,Backend,Backend / Architecture Distributed Systems,Middle,"Приведите пример инцидента, связанного с vertical scaling."
7741,Backend,Backend / Architecture Distributed Systems,Middle,Что такое stateless services?
7742,Backend,Backend / Architecture Distributed Systems,Middle,Когда применять 12-factor app?
7743,Backend,Backend / Architecture Distributed Systems,Middle,Какие trade-off есть у domain-driven design?
7744,Backend,Backend / Architecture Distributed Systems,Middle,Как спроектировать систему с bounded contexts?
7745,Backend,Backend / Architecture Distributed Systems,Middle,Как протестировать CQRS?
7746,Backend,Backend / Architecture Distributed Systems,Middle,Как event sourcing помогает масштабированию?
7747,Backend,Backend / Architecture Distributed Systems,Middle,Как обеспечить отказоустойчивость при использовании feature flags?
7748,Backend,Backend / Architecture Distributed Systems,Middle,Какие ошибки часто встречаются в blue-green deployment?
7749,Backend,Backend / Architecture Distributed Systems,Middle,Как мониторить canary deployment?
7750,Backend,Backend / Architecture Distributed Systems,Middle,"Приведите пример инцидента, связанного с zero downtime."
7751,Backend,Backend / Architecture Distributed Systems,Senior,Что такое failure domains?
7752,Backend,Backend / Architecture Distributed Systems,Senior,Когда применять backpressure?
7753,Backend,Backend / Architecture Distributed Systems,Senior,Какие trade-off есть у bulkheads?
7754,Backend,Backend / Architecture Distributed Systems,Senior,Как спроектировать систему с circuit breakers?
7755,Backend,Backend / Architecture Distributed Systems,Senior,Как протестировать eventual consistency?
7756,Backend,Backend / Architecture Distributed Systems,Senior,Как distributed transactions помогает масштабированию?
7757,Backend,Backend / Architecture Distributed Systems,Senior,Как обеспечить отказоустойчивость при использовании clock skew?
7758,Backend,Backend / Architecture Distributed Systems,Senior,Какие ошибки часто встречаются в consensus?
7759,Backend,Backend / Architecture Distributed Systems,Senior,Как мониторить system boundaries?
7760,Backend,Backend / Architecture Distributed Systems,Senior,"Приведите пример инцидента, связанного с capacity planning."
7761,Backend,Backend / Architecture Distributed Systems,Senior,Что такое monolith?
7762,Backend,Backend / Architecture Distributed Systems,Senior,Когда применять modular monolith?
7763,Backend,Backend / Architecture Distributed Systems,Senior,Какие trade-off есть у microservices?
7764,Backend,Backend / Architecture Distributed Systems,Senior,Как спроектировать систему с service discovery?
7765,Backend,Backend / Architecture Distributed Systems,Senior,Как протестировать API gateway?
7766,Backend,Backend / Architecture Distributed Systems,Senior,Как message queues помогает масштабированию?
7767,Backend,Backend / Architecture Distributed Systems,Senior,Как обеспечить отказоустойчивость при использовании Kafka?
7768,Backend,Backend / Architecture Distributed Systems,Senior,Какие ошибки часто встречаются в RabbitMQ?
7769,Backend,Backend / Architecture Distributed Systems,Senior,Как мониторить outbox pattern?
7770,Backend,Backend / Architecture Distributed Systems,Senior,"Приведите пример инцидента, связанного с saga pattern."
7771,Backend,Backend / Architecture Distributed Systems,Senior,Что такое idempotent consumers?
7772,Backend,Backend / Architecture Distributed Systems,Senior,Когда применять dead-letter queue?
7773,Backend,Backend / Architecture Distributed Systems,Senior,Какие trade-off есть у exactly-once semantics?
7774,Backend,Backend / Architecture Distributed Systems,Senior,Как спроектировать систему с at-least-once delivery?
7775,Backend,Backend / Architecture Distributed Systems,Senior,Как протестировать distributed locks?
7776,Backend,Backend / Architecture Distributed Systems,Senior,Как leader election помогает масштабированию?
7777,Backend,Backend / Architecture Distributed Systems,Senior,Как обеспечить отказоустойчивость при использовании consistent hashing?
7778,Backend,Backend / Architecture Distributed Systems,Senior,Какие ошибки часто встречаются в load balancing?
7779,Backend,Backend / Architecture Distributed Systems,Senior,Как мониторить horizontal scaling?
7780,Backend,Backend / Architecture Distributed Systems,Senior,"Приведите пример инцидента, связанного с vertical scaling."
7781,Backend,Backend / Architecture Distributed Systems,Senior,Что такое stateless services?
7782,Backend,Backend / Architecture Distributed Systems,Senior,Когда применять 12-factor app?
7783,Backend,Backend / Architecture Distributed Systems,Senior,Какие trade-off есть у domain-driven design?
7784,Backend,Backend / Architecture Distributed Systems,Senior,Как спроектировать систему с bounded contexts?
7785,Backend,Backend / Architecture Distributed Systems,Senior,Как протестировать CQRS?
7786,Backend,Backend / Architecture Distributed Systems,Senior,Как event sourcing помогает масштабированию?
7787,Backend,Backend / Architecture Distributed Systems,Senior,Как обеспечить отказоустойчивость при использовании feature flags?
7788,Backend,Backend / Architecture Distributed Systems,Senior,Какие ошибки часто встречаются в blue-green deployment?
7789,Backend,Backend / Architecture Distributed Systems,Senior,Как мониторить canary deployment?
7790,Backend,Backend / Architecture Distributed Systems,Senior,"Приведите пример инцидента, связанного с zero downtime."
7791,Backend,Backend / Architecture Distributed Systems,Senior,Что такое failure domains?
7792,Backend,Backend / Architecture Distributed Systems,Senior,Когда применять backpressure?
7793,Backend,Backend / Architecture Distributed Systems,Senior,Какие trade-off есть у bulkheads?
7794,Backend,Backend / Architecture Distributed Systems,Senior,Как спроектировать систему с circuit breakers?
7795,Backend,Backend / Architecture Distributed Systems,Senior,Как протестировать eventual consistency?
7796,Backend,Backend / Architecture Distributed Systems,Senior,Как distributed transactions помогает масштабированию?
7797,Backend,Backend / Architecture Distributed Systems,Senior,Как обеспечить отказоустойчивость при использовании clock skew?
7798,Backend,Backend / Architecture Distributed Systems,Senior,Какие ошибки часто встречаются в consensus?
7799,Backend,Backend / Architecture Distributed Systems,Senior,Как мониторить system boundaries?
7800,Backend,Backend / Architecture Distributed Systems,Senior,"Приведите пример инцидента, связанного с capacity planning."
7801,Backend,Backend / Architecture Distributed Systems,Senior,Что такое monolith?
7802,Backend,Backend / Architecture Distributed Systems,Senior,Когда применять modular monolith?
7803,Backend,Backend / Architecture Distributed Systems,Senior,Какие trade-off есть у microservices?
7804,Backend,Backend / Architecture Distributed Systems,Senior,Как спроектировать систему с service discovery?
7805,Backend,Backend / Architecture Distributed Systems,Senior,Как протестировать API gateway?
7806,Backend,Backend / Architecture Distributed Systems,Senior,Как message queues помогает масштабированию?
7807,Backend,Backend / Architecture Distributed Systems,Senior,Как обеспечить отказоустойчивость при использовании Kafka?
7808,Backend,Backend / Architecture Distributed Systems,Senior,Какие ошибки часто встречаются в RabbitMQ?
7809,Backend,Backend / Architecture Distributed Systems,Senior,Как мониторить outbox pattern?
7810,Backend,Backend / Architecture Distributed Systems,Senior,"Приведите пример инцидента, связанного с saga pattern."
7811,Backend,Backend / Architecture Distributed Systems,Senior,Что такое idempotent consumers?
7812,Backend,Backend / Architecture Distributed Systems,Senior,Когда применять dead-letter queue?
7813,Backend,Backend / Architecture Distributed Systems,Senior,Какие trade-off есть у exactly-once semantics?
7814,Backend,Backend / Architecture Distributed Systems,Senior,Как спроектировать систему с at-least-once delivery?
7815,Backend,Backend / Architecture Distributed Systems,Senior,Как протестировать distributed locks?
7816,Backend,Backend / Architecture Distributed Systems,Senior,Как leader election помогает масштабированию?
7817,Backend,Backend / Architecture Distributed Systems,Senior,Как обеспечить отказоустойчивость при использовании consistent hashing?
7818,Backend,Backend / Architecture Distributed Systems,Senior,Какие ошибки часто встречаются в load balancing?
7819,Backend,Backend / Architecture Distributed Systems,Senior,Как мониторить horizontal scaling?
7820,Backend,Backend / Architecture Distributed Systems,Senior,"Приведите пример инцидента, связанного с vertical scaling."
7821,Backend,Backend / Architecture Distributed Systems,Senior,Что такое stateless services?
7822,Backend,Backend / Architecture Distributed Systems,Senior,Когда применять 12-factor app?
7823,Backend,Backend / Architecture Distributed Systems,Senior,Какие trade-off есть у domain-driven design?
7824,Backend,Backend / Architecture Distributed Systems,Senior,Как спроектировать систему с bounded contexts?
7825,Backend,Backend / Architecture Distributed Systems,Senior,Как протестировать CQRS?
7826,Backend,Backend / Architecture Distributed Systems,Senior,Как event sourcing помогает масштабированию?
7827,Backend,Backend / Architecture Distributed Systems,Senior,Как обеспечить отказоустойчивость при использовании feature flags?
7828,Backend,Backend / Architecture Distributed Systems,Senior,Какие ошибки часто встречаются в blue-green deployment?
7829,Backend,Backend / Architecture Distributed Systems,Senior,Как мониторить canary deployment?
7830,Backend,Backend / Architecture Distributed Systems,Senior,"Приведите пример инцидента, связанного с zero downtime."
7831,Backend,Backend / Architecture Distributed Systems,Senior,Что такое failure domains?
7832,Backend,Backend / Architecture Distributed Systems,Senior,Когда применять backpressure?
7833,Backend,Backend / Architecture Distributed Systems,Senior,Какие trade-off есть у bulkheads?
7834,Backend,Backend / Architecture Distributed Systems,Senior,Как спроектировать систему с circuit breakers?
7835,Backend,Backend / Architecture Distributed Systems,Senior,Как протестировать eventual consistency?
7836,Backend,Backend / Architecture Distributed Systems,Senior,Как distributed transactions помогает масштабированию?
7837,Backend,Backend / Architecture Distributed Systems,Senior,Как обеспечить отказоустойчивость при использовании clock skew?
7838,Backend,Backend / Architecture Distributed Systems,Senior,Какие ошибки часто встречаются в consensus?
7839,Backend,Backend / Architecture Distributed Systems,Senior,Как мониторить system boundaries?
7840,Backend,Backend / Architecture Distributed Systems,Senior,"Приведите пример инцидента, связанного с capacity planning."
7841,Backend,Backend / Architecture Distributed Systems,Senior,Что такое monolith?
7842,Backend,Backend / Architecture Distributed Systems,Senior,Когда применять modular monolith?
7843,Backend,Backend / Architecture Distributed Systems,Senior,Какие trade-off есть у microservices?
7844,Backend,Backend / Architecture Distributed Systems,Senior,Как спроектировать систему с service discovery?
7845,Backend,Backend / Architecture Distributed Systems,Senior,Как протестировать API gateway?
7846,Backend,Backend / Architecture Distributed Systems,Senior,Как message queues помогает масштабированию?
7847,Backend,Backend / Architecture Distributed Systems,Senior,Как обеспечить отказоустойчивость при использовании Kafka?
7848,Backend,Backend / Architecture Distributed Systems,Senior,Какие ошибки часто встречаются в RabbitMQ?
7849,Backend,Backend / Architecture Distributed Systems,Senior,Как мониторить outbox pattern?
7850,Backend,Backend / Architecture Distributed Systems,Senior,"Приведите пример инцидента, связанного с saga pattern."
7851,Backend,Backend / Architecture Distributed Systems,Senior,Что такое idempotent consumers?
7852,Backend,Backend / Architecture Distributed Systems,Senior,Когда применять dead-letter queue?
7853,Backend,Backend / Architecture Distributed Systems,Senior,Какие trade-off есть у exactly-once semantics?
7854,Backend,Backend / Architecture Distributed Systems,Senior,Как спроектировать систему с at-least-once delivery?
7855,Backend,Backend / Architecture Distributed Systems,Senior,Как протестировать distributed locks?
7856,Backend,Backend / Architecture Distributed Systems,Senior,Как leader election помогает масштабированию?
7857,Backend,Backend / Architecture Distributed Systems,Senior,Как обеспечить отказоустойчивость при использовании consistent hashing?
7858,Backend,Backend / Architecture Distributed Systems,Senior,Какие ошибки часто встречаются в load balancing?
7859,Backend,Backend / Architecture Distributed Systems,Senior,Как мониторить horizontal scaling?
7860,Backend,Backend / Architecture Distributed Systems,Senior,"Приведите пример инцидента, связанного с vertical scaling."
7861,Backend,Backend / Architecture Distributed Systems,Senior,Что такое stateless services?
7862,Backend,Backend / Architecture Distributed Systems,Senior,Когда применять 12-factor app?
7863,Backend,Backend / Architecture Distributed Systems,Senior,Какие trade-off есть у domain-driven design?
7864,Backend,Backend / Architecture Distributed Systems,Senior,Как спроектировать систему с bounded contexts?
7865,Backend,Backend / Architecture Distributed Systems,Senior,Как протестировать CQRS?
7866,Backend,Backend / Architecture Distributed Systems,Senior,Как event sourcing помогает масштабированию?
7867,Backend,Backend / Architecture Distributed Systems,Senior,Как обеспечить отказоустойчивость при использовании feature flags?
7868,Backend,Backend / Architecture Distributed Systems,Senior,Какие ошибки часто встречаются в blue-green deployment?
7869,Backend,Backend / Architecture Distributed Systems,Senior,Как мониторить canary deployment?
7870,Backend,Backend / Architecture Distributed Systems,Senior,"Приведите пример инцидента, связанного с zero downtime."
7871,Backend,Backend / Architecture Distributed Systems,Senior,Что такое failure domains?
7872,Backend,Backend / Architecture Distributed Systems,Senior,Когда применять backpressure?
7873,Backend,Backend / Architecture Distributed Systems,Senior,Какие trade-off есть у bulkheads?
7874,Backend,Backend / Architecture Distributed Systems,Senior,Как спроектировать систему с circuit breakers?
7875,Backend,Backend / Architecture Distributed Systems,Senior,Как протестировать eventual consistency?
7876,Backend,Backend / Architecture Distributed Systems,Senior,Как distributed transactions помогает масштабированию?
7877,Backend,Backend / Architecture Distributed Systems,Senior,Как обеспечить отказоустойчивость при использовании clock skew?
7878,Backend,Backend / Architecture Distributed Systems,Senior,Какие ошибки часто встречаются в consensus?
7879,Backend,Backend / Architecture Distributed Systems,Senior,Как мониторить system boundaries?
7880,Backend,Backend / Architecture Distributed Systems,Senior,"Приведите пример инцидента, связанного с capacity planning."
7881,Backend,Backend / Architecture Distributed Systems,Senior,Что такое monolith?
7882,Backend,Backend / Architecture Distributed Systems,Senior,Когда применять modular monolith?
7883,Backend,Backend / Architecture Distributed Systems,Senior,Какие trade-off есть у microservices?
7884,Backend,Backend / Architecture Distributed Systems,Senior,Как спроектировать систему с service discovery?
7885,Backend,Backend / Architecture Distributed Systems,Senior,Как протестировать API gateway?
7886,Backend,Backend / Architecture Distributed Systems,Senior,Как message queues помогает масштабированию?
7887,Backend,Backend / Architecture Distributed Systems,Senior,Как обеспечить отказоустойчивость при использовании Kafka?
7888,Backend,Backend / Architecture Distributed Systems,Senior,Какие ошибки часто встречаются в RabbitMQ?
7889,Backend,Backend / Architecture Distributed Systems,Senior,Как мониторить outbox pattern?
7890,Backend,Backend / Architecture Distributed Systems,Senior,"Приведите пример инцидента, связанного с saga pattern."
7891,Backend,Backend / Architecture Distributed Systems,Senior,Что такое idempotent consumers?
7892,Backend,Backend / Architecture Distributed Systems,Senior,Когда применять dead-letter queue?
7893,Backend,Backend / Architecture Distributed Systems,Senior,Какие trade-off есть у exactly-once semantics?
7894,Backend,Backend / Architecture Distributed Systems,Senior,Как спроектировать систему с at-least-once delivery?
7895,Backend,Backend / Architecture Distributed Systems,Senior,Как протестировать distributed locks?
7896,Backend,Backend / Architecture Distributed Systems,Senior,Как leader election помогает масштабированию?
7897,Backend,Backend / Architecture Distributed Systems,Senior,Как обеспечить отказоустойчивость при использовании consistent hashing?
7898,Backend,Backend / Architecture Distributed Systems,Senior,Какие ошибки часто встречаются в load balancing?
7899,Backend,Backend / Architecture Distributed Systems,Senior,Как мониторить horizontal scaling?
7900,Backend,Backend / Architecture Distributed Systems,Senior,"Приведите пример инцидента, связанного с vertical scaling."
7901,Backend,Backend / Architecture Distributed Systems,Senior,Что такое stateless services?
7902,Backend,Backend / Architecture Distributed Systems,Senior,Когда применять 12-factor app?
7903,Backend,Backend / Architecture Distributed Systems,Senior,Какие trade-off есть у domain-driven design?
7904,Backend,Backend / Architecture Distributed Systems,Senior,Как спроектировать систему с bounded contexts?
7905,Backend,Backend / Architecture Distributed Systems,Senior,Как протестировать CQRS?
7906,Backend,Backend / Architecture Distributed Systems,Senior,Как event sourcing помогает масштабированию?
7907,Backend,Backend / Architecture Distributed Systems,Senior,Как обеспечить отказоустойчивость при использовании feature flags?
7908,Backend,Backend / Architecture Distributed Systems,Senior,Какие ошибки часто встречаются в blue-green deployment?
7909,Backend,Backend / Architecture Distributed Systems,Senior,Как мониторить canary deployment?
7910,Backend,Backend / Architecture Distributed Systems,Senior,"Приведите пример инцидента, связанного с zero downtime."
7911,Backend,Backend / Architecture Distributed Systems,Senior,Что такое failure domains?
7912,Backend,Backend / Architecture Distributed Systems,Senior,Когда применять backpressure?
7913,Backend,Backend / Architecture Distributed Systems,Senior,Какие trade-off есть у bulkheads?
7914,Backend,Backend / Architecture Distributed Systems,Senior,Как спроектировать систему с circuit breakers?
7915,Backend,Backend / Architecture Distributed Systems,Senior,Как протестировать eventual consistency?
7916,Backend,Backend / Architecture Distributed Systems,Senior,Как distributed transactions помогает масштабированию?
7917,Backend,Backend / Architecture Distributed Systems,Senior,Как обеспечить отказоустойчивость при использовании clock skew?
7918,Backend,Backend / Architecture Distributed Systems,Senior,Какие ошибки часто встречаются в consensus?
7919,Backend,Backend / Architecture Distributed Systems,Senior,Как мониторить system boundaries?
7920,Backend,Backend / Architecture Distributed Systems,Senior,"Приведите пример инцидента, связанного с capacity planning."
7921,Backend,Backend / Architecture Distributed Systems,Senior,Что такое monolith?
7922,Backend,Backend / Architecture Distributed Systems,Senior,Когда применять modular monolith?
7923,Backend,Backend / Architecture Distributed Systems,Senior,Какие trade-off есть у microservices?
7924,Backend,Backend / Architecture Distributed Systems,Senior,Как спроектировать систему с service discovery?
7925,Backend,Backend / Architecture Distributed Systems,Senior,Как протестировать API gateway?
7926,Backend,Backend / Architecture Distributed Systems,Senior,Как message queues помогает масштабированию?
7927,Backend,Backend / Architecture Distributed Systems,Senior,Как обеспечить отказоустойчивость при использовании Kafka?
7928,Backend,Backend / Architecture Distributed Systems,Senior,Какие ошибки часто встречаются в RabbitMQ?
7929,Backend,Backend / Architecture Distributed Systems,Senior,Как мониторить outbox pattern?
7930,Backend,Backend / Architecture Distributed Systems,Senior,"Приведите пример инцидента, связанного с saga pattern."
7931,Backend,Backend / Architecture Distributed Systems,Senior,Что такое idempotent consumers?
7932,Backend,Backend / Architecture Distributed Systems,Senior,Когда применять dead-letter queue?
7933,Backend,Backend / Architecture Distributed Systems,Senior,Какие trade-off есть у exactly-once semantics?
7934,Backend,Backend / Architecture Distributed Systems,Senior,Как спроектировать систему с at-least-once delivery?
7935,Backend,Backend / Architecture Distributed Systems,Senior,Как протестировать distributed locks?
7936,Backend,Backend / Architecture Distributed Systems,Senior,Как leader election помогает масштабированию?
7937,Backend,Backend / Architecture Distributed Systems,Senior,Как обеспечить отказоустойчивость при использовании consistent hashing?
7938,Backend,Backend / Architecture Distributed Systems,Senior,Какие ошибки часто встречаются в load balancing?
7939,Backend,Backend / Architecture Distributed Systems,Senior,Как мониторить horizontal scaling?
7940,Backend,Backend / Architecture Distributed Systems,Senior,"Приведите пример инцидента, связанного с vertical scaling."
7941,Backend,Backend / Architecture Distributed Systems,Senior,Что такое stateless services?
7942,Backend,Backend / Architecture Distributed Systems,Senior,Когда применять 12-factor app?
7943,Backend,Backend / Architecture Distributed Systems,Senior,Какие trade-off есть у domain-driven design?
7944,Backend,Backend / Architecture Distributed Systems,Senior,Как спроектировать систему с bounded contexts?
7945,Backend,Backend / Architecture Distributed Systems,Senior,Как протестировать CQRS?
7946,Backend,Backend / Architecture Distributed Systems,Senior,Как event sourcing помогает масштабированию?
7947,Backend,Backend / Architecture Distributed Systems,Senior,Как обеспечить отказоустойчивость при использовании feature flags?
7948,Backend,Backend / Architecture Distributed Systems,Senior,Какие ошибки часто встречаются в blue-green deployment?
7949,Backend,Backend / Architecture Distributed Systems,Senior,Как мониторить canary deployment?
7950,Backend,Backend / Architecture Distributed Systems,Senior,"Приведите пример инцидента, связанного с zero downtime."
7951,Backend,Backend / Architecture Distributed Systems,Senior,Что такое failure domains?
7952,Backend,Backend / Architecture Distributed Systems,Senior,Когда применять backpressure?
7953,Backend,Backend / Architecture Distributed Systems,Senior,Какие trade-off есть у bulkheads?
7954,Backend,Backend / Architecture Distributed Systems,Senior,Как спроектировать систему с circuit breakers?
7955,Backend,Backend / Architecture Distributed Systems,Senior,Как протестировать eventual consistency?
7956,Backend,Backend / Architecture Distributed Systems,Senior,Как distributed transactions помогает масштабированию?
7957,Backend,Backend / Architecture Distributed Systems,Senior,Как обеспечить отказоустойчивость при использовании clock skew?
7958,Backend,Backend / Architecture Distributed Systems,Senior,Какие ошибки часто встречаются в consensus?
7959,Backend,Backend / Architecture Distributed Systems,Senior,Как мониторить system boundaries?
7960,Backend,Backend / Architecture Distributed Systems,Senior,"Приведите пример инцидента, связанного с capacity planning."
7961,Backend,Backend / Architecture Distributed Systems,Senior,Что такое monolith?
7962,Backend,Backend / Architecture Distributed Systems,Senior,Когда применять modular monolith?
7963,Backend,Backend / Architecture Distributed Systems,Senior,Какие trade-off есть у microservices?
7964,Backend,Backend / Architecture Distributed Systems,Senior,Как спроектировать систему с service discovery?
7965,Backend,Backend / Architecture Distributed Systems,Senior,Как протестировать API gateway?
7966,Backend,Backend / Architecture Distributed Systems,Senior,Как message queues помогает масштабированию?
7967,Backend,Backend / Architecture Distributed Systems,Senior,Как обеспечить отказоустойчивость при использовании Kafka?
7968,Backend,Backend / Architecture Distributed Systems,Senior,Какие ошибки часто встречаются в RabbitMQ?
7969,Backend,Backend / Architecture Distributed Systems,Senior,Как мониторить outbox pattern?
7970,Backend,Backend / Architecture Distributed Systems,Senior,"Приведите пример инцидента, связанного с saga pattern."
7971,Backend,Backend / Architecture Distributed Systems,Senior,Что такое idempotent consumers?
7972,Backend,Backend / Architecture Distributed Systems,Senior,Когда применять dead-letter queue?
7973,Backend,Backend / Architecture Distributed Systems,Senior,Какие trade-off есть у exactly-once semantics?
7974,Backend,Backend / Architecture Distributed Systems,Senior,Как спроектировать систему с at-least-once delivery?
7975,Backend,Backend / Architecture Distributed Systems,Senior,Как протестировать distributed locks?
7976,Backend,Backend / Architecture Distributed Systems,Senior,Как leader election помогает масштабированию?
7977,Backend,Backend / Architecture Distributed Systems,Senior,Как обеспечить отказоустойчивость при использовании consistent hashing?
7978,Backend,Backend / Architecture Distributed Systems,Senior,Какие ошибки часто встречаются в load balancing?
7979,Backend,Backend / Architecture Distributed Systems,Senior,Как мониторить horizontal scaling?
7980,Backend,Backend / Architecture Distributed Systems,Senior,"Приведите пример инцидента, связанного с vertical scaling."
7981,Backend,Backend / Architecture Distributed Systems,Senior,Что такое stateless services?
7982,Backend,Backend / Architecture Distributed Systems,Senior,Когда применять 12-factor app?
7983,Backend,Backend / Architecture Distributed Systems,Senior,Какие trade-off есть у domain-driven design?
7984,Backend,Backend / Architecture Distributed Systems,Senior,Как спроектировать систему с bounded contexts?
7985,Backend,Backend / Architecture Distributed Systems,Senior,Как протестировать CQRS?
7986,Backend,Backend / Architecture Distributed Systems,Senior,Как event sourcing помогает масштабированию?
7987,Backend,Backend / Architecture Distributed Systems,Senior,Как обеспечить отказоустойчивость при использовании feature flags?
7988,Backend,Backend / Architecture Distributed Systems,Senior,Какие ошибки часто встречаются в blue-green deployment?
7989,Backend,Backend / Architecture Distributed Systems,Senior,Как мониторить canary deployment?
7990,Backend,Backend / Architecture Distributed Systems,Senior,"Приведите пример инцидента, связанного с zero downtime."
7991,Backend,Backend / Architecture Distributed Systems,Senior,Что такое failure domains?
7992,Backend,Backend / Architecture Distributed Systems,Senior,Когда применять backpressure?
7993,Backend,Backend / Architecture Distributed Systems,Senior,Какие trade-off есть у bulkheads?
7994,Backend,Backend / Architecture Distributed Systems,Senior,Как спроектировать систему с circuit breakers?
7995,Backend,Backend / Architecture Distributed Systems,Senior,Как протестировать eventual consistency?
7996,Backend,Backend / Architecture Distributed Systems,Senior,Как distributed transactions помогает масштабированию?
7997,Backend,Backend / Architecture Distributed Systems,Senior,Как обеспечить отказоустойчивость при использовании clock skew?
7998,Backend,Backend / Architecture Distributed Systems,Senior,Какие ошибки часто встречаются в consensus?
7999,Backend,Backend / Architecture Distributed Systems,Senior,Как мониторить system boundaries?
8000,Backend,Backend / Architecture Distributed Systems,Senior,"Приведите пример инцидента, связанного с capacity planning."
8001,Backend,Backend / Security DevOps System Design,Junior,Что такое password hashing?
8002,Backend,Backend / Security DevOps System Design,Junior,Как безопасно настроить Argon2?
8003,Backend,Backend / Security DevOps System Design,Junior,Как проверить bcrypt?
8004,Backend,Backend / Security DevOps System Design,Junior,Какие уязвимости связаны с JWT?
8005,Backend,Backend / Security DevOps System Design,Junior,Как sessions используется в CI/CD?
8006,Backend,Backend / Security DevOps System Design,Junior,Как мониторить refresh tokens?
8007,Backend,Backend / Security DevOps System Design,Junior,Как отлаживать OAuth2 в production?
8008,Backend,Backend / Security DevOps System Design,Junior,Сравните OIDC с альтернативой.
8009,Backend,Backend / Security DevOps System Design,Junior,Как применить RBAC в высоконагруженной системе?
8010,Backend,Backend / Security DevOps System Design,Junior,Спроектируйте сервис с использованием ABAC.
8011,Backend,Backend / Security DevOps System Design,Junior,Что такое CSRF?
8012,Backend,Backend / Security DevOps System Design,Junior,Как безопасно настроить XSS?
8013,Backend,Backend / Security DevOps System Design,Junior,Как проверить SSRF?
8014,Backend,Backend / Security DevOps System Design,Junior,Какие уязвимости связаны с SQL injection?
8015,Backend,Backend / Security DevOps System Design,Junior,Как TLS используется в CI/CD?
8016,Backend,Backend / Security DevOps System Design,Junior,Как мониторить CORS?
8017,Backend,Backend / Security DevOps System Design,Junior,Как отлаживать CSP в production?
8018,Backend,Backend / Security DevOps System Design,Junior,Сравните secrets management с альтернативой.
8019,Backend,Backend / Security DevOps System Design,Junior,Как применить least privilege в высоконагруженной системе?
8020,Backend,Backend / Security DevOps System Design,Junior,Спроектируйте сервис с использованием audit logs.
8021,Backend,Backend / Security DevOps System Design,Junior,Что такое Docker?
8022,Backend,Backend / Security DevOps System Design,Junior,Как безопасно настроить multi-stage builds?
8023,Backend,Backend / Security DevOps System Design,Junior,Как проверить Kubernetes?
8024,Backend,Backend / Security DevOps System Design,Junior,Какие уязвимости связаны с CI/CD?
8025,Backend,Backend / Security DevOps System Design,Junior,Как GitHub Actions используется в CI/CD?
8026,Backend,Backend / Security DevOps System Design,Junior,Как мониторить Azure DevOps?
8027,Backend,Backend / Security DevOps System Design,Junior,Как отлаживать Terraform в production?
8028,Backend,Backend / Security DevOps System Design,Junior,Сравните Nginx с альтернативой.
8029,Backend,Backend / Security DevOps System Design,Junior,Как применить reverse proxy в высоконагруженной системе?
8030,Backend,Backend / Security DevOps System Design,Junior,Спроектируйте сервис с использованием blue-green release.
8031,Backend,Backend / Security DevOps System Design,Junior,Что такое canary release?
8032,Backend,Backend / Security DevOps System Design,Junior,Как безопасно настроить logs?
8033,Backend,Backend / Security DevOps System Design,Junior,Как проверить metrics?
8034,Backend,Backend / Security DevOps System Design,Junior,Какие уязвимости связаны с traces?
8035,Backend,Backend / Security DevOps System Design,Junior,Как OpenTelemetry используется в CI/CD?
8036,Backend,Backend / Security DevOps System Design,Junior,Как мониторить SLI?
8037,Backend,Backend / Security DevOps System Design,Junior,Как отлаживать SLO в production?
8038,Backend,Backend / Security DevOps System Design,Junior,Сравните SLA с альтернативой.
8039,Backend,Backend / Security DevOps System Design,Junior,Как применить incident response в высоконагруженной системе?
8040,Backend,Backend / Security DevOps System Design,Junior,Спроектируйте сервис с использованием disaster recovery.
8041,Backend,Backend / Security DevOps System Design,Junior,Что такое RPO?
8042,Backend,Backend / Security DevOps System Design,Junior,Как безопасно настроить RTO?
8043,Backend,Backend / Security DevOps System Design,Junior,Как проверить URL shortener design?
8044,Backend,Backend / Security DevOps System Design,Junior,Какие уязвимости связаны с chat system design?
8045,Backend,Backend / Security DevOps System Design,Junior,Как notification system design используется в CI/CD?
8046,Backend,Backend / Security DevOps System Design,Junior,Как мониторить search system design?
8047,Backend,Backend / Security DevOps System Design,Junior,Как отлаживать feed system design в production?
8048,Backend,Backend / Security DevOps System Design,Junior,Сравните file storage design с альтернативой.
8049,Backend,Backend / Security DevOps System Design,Junior,Как применить password hashing в высоконагруженной системе?
8050,Backend,Backend / Security DevOps System Design,Junior,Спроектируйте сервис с использованием Argon2.
8051,Backend,Backend / Security DevOps System Design,Junior,Что такое bcrypt?
8052,Backend,Backend / Security DevOps System Design,Junior,Как безопасно настроить JWT?
8053,Backend,Backend / Security DevOps System Design,Junior,Как проверить sessions?
8054,Backend,Backend / Security DevOps System Design,Junior,Какие уязвимости связаны с refresh tokens?
8055,Backend,Backend / Security DevOps System Design,Junior,Как OAuth2 используется в CI/CD?
8056,Backend,Backend / Security DevOps System Design,Junior,Как мониторить OIDC?
8057,Backend,Backend / Security DevOps System Design,Junior,Как отлаживать RBAC в production?
8058,Backend,Backend / Security DevOps System Design,Junior,Сравните ABAC с альтернативой.
8059,Backend,Backend / Security DevOps System Design,Junior,Как применить CSRF в высоконагруженной системе?
8060,Backend,Backend / Security DevOps System Design,Junior,Спроектируйте сервис с использованием XSS.
8061,Backend,Backend / Security DevOps System Design,Junior,Что такое SSRF?
8062,Backend,Backend / Security DevOps System Design,Junior,Как безопасно настроить SQL injection?
8063,Backend,Backend / Security DevOps System Design,Junior,Как проверить TLS?
8064,Backend,Backend / Security DevOps System Design,Junior,Какие уязвимости связаны с CORS?
8065,Backend,Backend / Security DevOps System Design,Junior,Как CSP используется в CI/CD?
8066,Backend,Backend / Security DevOps System Design,Junior,Как мониторить secrets management?
8067,Backend,Backend / Security DevOps System Design,Junior,Как отлаживать least privilege в production?
8068,Backend,Backend / Security DevOps System Design,Junior,Сравните audit logs с альтернативой.
8069,Backend,Backend / Security DevOps System Design,Junior,Как применить Docker в высоконагруженной системе?
8070,Backend,Backend / Security DevOps System Design,Junior,Спроектируйте сервис с использованием multi-stage builds.
8071,Backend,Backend / Security DevOps System Design,Junior,Что такое Kubernetes?
8072,Backend,Backend / Security DevOps System Design,Junior,Как безопасно настроить CI/CD?
8073,Backend,Backend / Security DevOps System Design,Junior,Как проверить GitHub Actions?
8074,Backend,Backend / Security DevOps System Design,Junior,Какие уязвимости связаны с Azure DevOps?
8075,Backend,Backend / Security DevOps System Design,Junior,Как Terraform используется в CI/CD?
8076,Backend,Backend / Security DevOps System Design,Junior,Как мониторить Nginx?
8077,Backend,Backend / Security DevOps System Design,Junior,Как отлаживать reverse proxy в production?
8078,Backend,Backend / Security DevOps System Design,Junior,Сравните blue-green release с альтернативой.
8079,Backend,Backend / Security DevOps System Design,Junior,Как применить canary release в высоконагруженной системе?
8080,Backend,Backend / Security DevOps System Design,Junior,Спроектируйте сервис с использованием logs.
8081,Backend,Backend / Security DevOps System Design,Junior,Что такое metrics?
8082,Backend,Backend / Security DevOps System Design,Junior,Как безопасно настроить traces?
8083,Backend,Backend / Security DevOps System Design,Junior,Как проверить OpenTelemetry?
8084,Backend,Backend / Security DevOps System Design,Junior,Какие уязвимости связаны с SLI?
8085,Backend,Backend / Security DevOps System Design,Junior,Как SLO используется в CI/CD?
8086,Backend,Backend / Security DevOps System Design,Junior,Как мониторить SLA?
8087,Backend,Backend / Security DevOps System Design,Junior,Как отлаживать incident response в production?
8088,Backend,Backend / Security DevOps System Design,Junior,Сравните disaster recovery с альтернативой.
8089,Backend,Backend / Security DevOps System Design,Junior,Как применить RPO в высоконагруженной системе?
8090,Backend,Backend / Security DevOps System Design,Junior,Спроектируйте сервис с использованием RTO.
8091,Backend,Backend / Security DevOps System Design,Junior,Что такое URL shortener design?
8092,Backend,Backend / Security DevOps System Design,Junior,Как безопасно настроить chat system design?
8093,Backend,Backend / Security DevOps System Design,Junior,Как проверить notification system design?
8094,Backend,Backend / Security DevOps System Design,Junior,Какие уязвимости связаны с search system design?
8095,Backend,Backend / Security DevOps System Design,Junior,Как feed system design используется в CI/CD?
8096,Backend,Backend / Security DevOps System Design,Junior,Как мониторить file storage design?
8097,Backend,Backend / Security DevOps System Design,Junior,Как отлаживать password hashing в production?
8098,Backend,Backend / Security DevOps System Design,Junior,Сравните Argon2 с альтернативой.
8099,Backend,Backend / Security DevOps System Design,Junior,Как применить bcrypt в высоконагруженной системе?
8100,Backend,Backend / Security DevOps System Design,Junior,Спроектируйте сервис с использованием JWT.
8101,Backend,Backend / Security DevOps System Design,Junior,Что такое sessions?
8102,Backend,Backend / Security DevOps System Design,Junior,Как безопасно настроить refresh tokens?
8103,Backend,Backend / Security DevOps System Design,Junior,Как проверить OAuth2?
8104,Backend,Backend / Security DevOps System Design,Junior,Какие уязвимости связаны с OIDC?
8105,Backend,Backend / Security DevOps System Design,Junior,Как RBAC используется в CI/CD?
8106,Backend,Backend / Security DevOps System Design,Junior,Как мониторить ABAC?
8107,Backend,Backend / Security DevOps System Design,Junior,Как отлаживать CSRF в production?
8108,Backend,Backend / Security DevOps System Design,Junior,Сравните XSS с альтернативой.
8109,Backend,Backend / Security DevOps System Design,Junior,Как применить SSRF в высоконагруженной системе?
8110,Backend,Backend / Security DevOps System Design,Junior,Спроектируйте сервис с использованием SQL injection.
8111,Backend,Backend / Security DevOps System Design,Junior,Что такое TLS?
8112,Backend,Backend / Security DevOps System Design,Junior,Как безопасно настроить CORS?
8113,Backend,Backend / Security DevOps System Design,Junior,Как проверить CSP?
8114,Backend,Backend / Security DevOps System Design,Junior,Какие уязвимости связаны с secrets management?
8115,Backend,Backend / Security DevOps System Design,Junior,Как least privilege используется в CI/CD?
8116,Backend,Backend / Security DevOps System Design,Junior,Как мониторить audit logs?
8117,Backend,Backend / Security DevOps System Design,Junior,Как отлаживать Docker в production?
8118,Backend,Backend / Security DevOps System Design,Junior,Сравните multi-stage builds с альтернативой.
8119,Backend,Backend / Security DevOps System Design,Junior,Как применить Kubernetes в высоконагруженной системе?
8120,Backend,Backend / Security DevOps System Design,Junior,Спроектируйте сервис с использованием CI/CD.
8121,Backend,Backend / Security DevOps System Design,Junior,Что такое GitHub Actions?
8122,Backend,Backend / Security DevOps System Design,Junior,Как безопасно настроить Azure DevOps?
8123,Backend,Backend / Security DevOps System Design,Junior,Как проверить Terraform?
8124,Backend,Backend / Security DevOps System Design,Junior,Какие уязвимости связаны с Nginx?
8125,Backend,Backend / Security DevOps System Design,Junior,Как reverse proxy используется в CI/CD?
8126,Backend,Backend / Security DevOps System Design,Junior,Как мониторить blue-green release?
8127,Backend,Backend / Security DevOps System Design,Junior,Как отлаживать canary release в production?
8128,Backend,Backend / Security DevOps System Design,Junior,Сравните logs с альтернативой.
8129,Backend,Backend / Security DevOps System Design,Junior,Как применить metrics в высоконагруженной системе?
8130,Backend,Backend / Security DevOps System Design,Junior,Спроектируйте сервис с использованием traces.
8131,Backend,Backend / Security DevOps System Design,Junior,Что такое OpenTelemetry?
8132,Backend,Backend / Security DevOps System Design,Junior,Как безопасно настроить SLI?
8133,Backend,Backend / Security DevOps System Design,Junior,Как проверить SLO?
8134,Backend,Backend / Security DevOps System Design,Junior,Какие уязвимости связаны с SLA?
8135,Backend,Backend / Security DevOps System Design,Junior,Как incident response используется в CI/CD?
8136,Backend,Backend / Security DevOps System Design,Junior,Как мониторить disaster recovery?
8137,Backend,Backend / Security DevOps System Design,Junior,Как отлаживать RPO в production?
8138,Backend,Backend / Security DevOps System Design,Junior,Сравните RTO с альтернативой.
8139,Backend,Backend / Security DevOps System Design,Junior,Как применить URL shortener design в высоконагруженной системе?
8140,Backend,Backend / Security DevOps System Design,Junior,Спроектируйте сервис с использованием chat system design.
8141,Backend,Backend / Security DevOps System Design,Junior,Что такое notification system design?
8142,Backend,Backend / Security DevOps System Design,Junior,Как безопасно настроить search system design?
8143,Backend,Backend / Security DevOps System Design,Junior,Как проверить feed system design?
8144,Backend,Backend / Security DevOps System Design,Junior,Какие уязвимости связаны с file storage design?
8145,Backend,Backend / Security DevOps System Design,Junior,Как password hashing используется в CI/CD?
8146,Backend,Backend / Security DevOps System Design,Junior,Как мониторить Argon2?
8147,Backend,Backend / Security DevOps System Design,Junior,Как отлаживать bcrypt в production?
8148,Backend,Backend / Security DevOps System Design,Junior,Сравните JWT с альтернативой.
8149,Backend,Backend / Security DevOps System Design,Junior,Как применить sessions в высоконагруженной системе?
8150,Backend,Backend / Security DevOps System Design,Junior,Спроектируйте сервис с использованием refresh tokens.
8151,Backend,Backend / Security DevOps System Design,Junior,Что такое OAuth2?
8152,Backend,Backend / Security DevOps System Design,Junior,Как безопасно настроить OIDC?
8153,Backend,Backend / Security DevOps System Design,Junior,Как проверить RBAC?
8154,Backend,Backend / Security DevOps System Design,Junior,Какие уязвимости связаны с ABAC?
8155,Backend,Backend / Security DevOps System Design,Junior,Как CSRF используется в CI/CD?
8156,Backend,Backend / Security DevOps System Design,Junior,Как мониторить XSS?
8157,Backend,Backend / Security DevOps System Design,Junior,Как отлаживать SSRF в production?
8158,Backend,Backend / Security DevOps System Design,Junior,Сравните SQL injection с альтернативой.
8159,Backend,Backend / Security DevOps System Design,Junior,Как применить TLS в высоконагруженной системе?
8160,Backend,Backend / Security DevOps System Design,Junior,Спроектируйте сервис с использованием CORS.
8161,Backend,Backend / Security DevOps System Design,Junior,Что такое CSP?
8162,Backend,Backend / Security DevOps System Design,Junior,Как безопасно настроить secrets management?
8163,Backend,Backend / Security DevOps System Design,Junior,Как проверить least privilege?
8164,Backend,Backend / Security DevOps System Design,Junior,Какие уязвимости связаны с audit logs?
8165,Backend,Backend / Security DevOps System Design,Junior,Как Docker используется в CI/CD?
8166,Backend,Backend / Security DevOps System Design,Junior,Как мониторить multi-stage builds?
8167,Backend,Backend / Security DevOps System Design,Junior,Как отлаживать Kubernetes в production?
8168,Backend,Backend / Security DevOps System Design,Junior,Сравните CI/CD с альтернативой.
8169,Backend,Backend / Security DevOps System Design,Junior,Как применить GitHub Actions в высоконагруженной системе?
8170,Backend,Backend / Security DevOps System Design,Junior,Спроектируйте сервис с использованием Azure DevOps.
8171,Backend,Backend / Security DevOps System Design,Junior,Что такое Terraform?
8172,Backend,Backend / Security DevOps System Design,Junior,Как безопасно настроить Nginx?
8173,Backend,Backend / Security DevOps System Design,Junior,Как проверить reverse proxy?
8174,Backend,Backend / Security DevOps System Design,Junior,Какие уязвимости связаны с blue-green release?
8175,Backend,Backend / Security DevOps System Design,Junior,Как canary release используется в CI/CD?
8176,Backend,Backend / Security DevOps System Design,Junior,Как мониторить logs?
8177,Backend,Backend / Security DevOps System Design,Junior,Как отлаживать metrics в production?
8178,Backend,Backend / Security DevOps System Design,Junior,Сравните traces с альтернативой.
8179,Backend,Backend / Security DevOps System Design,Junior,Как применить OpenTelemetry в высоконагруженной системе?
8180,Backend,Backend / Security DevOps System Design,Junior,Спроектируйте сервис с использованием SLI.
8181,Backend,Backend / Security DevOps System Design,Junior,Что такое SLO?
8182,Backend,Backend / Security DevOps System Design,Junior,Как безопасно настроить SLA?
8183,Backend,Backend / Security DevOps System Design,Junior,Как проверить incident response?
8184,Backend,Backend / Security DevOps System Design,Junior,Какие уязвимости связаны с disaster recovery?
8185,Backend,Backend / Security DevOps System Design,Junior,Как RPO используется в CI/CD?
8186,Backend,Backend / Security DevOps System Design,Junior,Как мониторить RTO?
8187,Backend,Backend / Security DevOps System Design,Junior,Как отлаживать URL shortener design в production?
8188,Backend,Backend / Security DevOps System Design,Junior,Сравните chat system design с альтернативой.
8189,Backend,Backend / Security DevOps System Design,Junior,Как применить notification system design в высоконагруженной системе?
8190,Backend,Backend / Security DevOps System Design,Junior,Спроектируйте сервис с использованием search system design.
8191,Backend,Backend / Security DevOps System Design,Junior,Что такое feed system design?
8192,Backend,Backend / Security DevOps System Design,Junior,Как безопасно настроить file storage design?
8193,Backend,Backend / Security DevOps System Design,Junior,Как проверить password hashing?
8194,Backend,Backend / Security DevOps System Design,Junior,Какие уязвимости связаны с Argon2?
8195,Backend,Backend / Security DevOps System Design,Junior,Как bcrypt используется в CI/CD?
8196,Backend,Backend / Security DevOps System Design,Junior,Как мониторить JWT?
8197,Backend,Backend / Security DevOps System Design,Junior,Как отлаживать sessions в production?
8198,Backend,Backend / Security DevOps System Design,Junior,Сравните refresh tokens с альтернативой.
8199,Backend,Backend / Security DevOps System Design,Junior,Как применить OAuth2 в высоконагруженной системе?
8200,Backend,Backend / Security DevOps System Design,Junior,Спроектируйте сервис с использованием OIDC.
8201,Backend,Backend / Security DevOps System Design,Junior,Что такое RBAC?
8202,Backend,Backend / Security DevOps System Design,Junior,Как безопасно настроить ABAC?
8203,Backend,Backend / Security DevOps System Design,Junior,Как проверить CSRF?
8204,Backend,Backend / Security DevOps System Design,Junior,Какие уязвимости связаны с XSS?
8205,Backend,Backend / Security DevOps System Design,Junior,Как SSRF используется в CI/CD?
8206,Backend,Backend / Security DevOps System Design,Junior,Как мониторить SQL injection?
8207,Backend,Backend / Security DevOps System Design,Junior,Как отлаживать TLS в production?
8208,Backend,Backend / Security DevOps System Design,Junior,Сравните CORS с альтернативой.
8209,Backend,Backend / Security DevOps System Design,Junior,Как применить CSP в высоконагруженной системе?
8210,Backend,Backend / Security DevOps System Design,Junior,Спроектируйте сервис с использованием secrets management.
8211,Backend,Backend / Security DevOps System Design,Junior,Что такое least privilege?
8212,Backend,Backend / Security DevOps System Design,Junior,Как безопасно настроить audit logs?
8213,Backend,Backend / Security DevOps System Design,Junior,Как проверить Docker?
8214,Backend,Backend / Security DevOps System Design,Junior,Какие уязвимости связаны с multi-stage builds?
8215,Backend,Backend / Security DevOps System Design,Junior,Как Kubernetes используется в CI/CD?
8216,Backend,Backend / Security DevOps System Design,Junior,Как мониторить CI/CD?
8217,Backend,Backend / Security DevOps System Design,Junior,Как отлаживать GitHub Actions в production?
8218,Backend,Backend / Security DevOps System Design,Junior,Сравните Azure DevOps с альтернативой.
8219,Backend,Backend / Security DevOps System Design,Junior,Как применить Terraform в высоконагруженной системе?
8220,Backend,Backend / Security DevOps System Design,Junior,Спроектируйте сервис с использованием Nginx.
8221,Backend,Backend / Security DevOps System Design,Junior,Что такое reverse proxy?
8222,Backend,Backend / Security DevOps System Design,Junior,Как безопасно настроить blue-green release?
8223,Backend,Backend / Security DevOps System Design,Junior,Как проверить canary release?
8224,Backend,Backend / Security DevOps System Design,Junior,Какие уязвимости связаны с logs?
8225,Backend,Backend / Security DevOps System Design,Junior,Как metrics используется в CI/CD?
8226,Backend,Backend / Security DevOps System Design,Junior,Как мониторить traces?
8227,Backend,Backend / Security DevOps System Design,Junior,Как отлаживать OpenTelemetry в production?
8228,Backend,Backend / Security DevOps System Design,Junior,Сравните SLI с альтернативой.
8229,Backend,Backend / Security DevOps System Design,Junior,Как применить SLO в высоконагруженной системе?
8230,Backend,Backend / Security DevOps System Design,Junior,Спроектируйте сервис с использованием SLA.
8231,Backend,Backend / Security DevOps System Design,Junior,Что такое incident response?
8232,Backend,Backend / Security DevOps System Design,Junior,Как безопасно настроить disaster recovery?
8233,Backend,Backend / Security DevOps System Design,Junior,Как проверить RPO?
8234,Backend,Backend / Security DevOps System Design,Junior,Какие уязвимости связаны с RTO?
8235,Backend,Backend / Security DevOps System Design,Junior,Как URL shortener design используется в CI/CD?
8236,Backend,Backend / Security DevOps System Design,Junior,Как мониторить chat system design?
8237,Backend,Backend / Security DevOps System Design,Junior,Как отлаживать notification system design в production?
8238,Backend,Backend / Security DevOps System Design,Junior,Сравните search system design с альтернативой.
8239,Backend,Backend / Security DevOps System Design,Junior,Как применить feed system design в высоконагруженной системе?
8240,Backend,Backend / Security DevOps System Design,Junior,Спроектируйте сервис с использованием file storage design.
8241,Backend,Backend / Security DevOps System Design,Junior,Что такое password hashing?
8242,Backend,Backend / Security DevOps System Design,Junior,Как безопасно настроить Argon2?
8243,Backend,Backend / Security DevOps System Design,Junior,Как проверить bcrypt?
8244,Backend,Backend / Security DevOps System Design,Junior,Какие уязвимости связаны с JWT?
8245,Backend,Backend / Security DevOps System Design,Junior,Как sessions используется в CI/CD?
8246,Backend,Backend / Security DevOps System Design,Junior,Как мониторить refresh tokens?
8247,Backend,Backend / Security DevOps System Design,Junior,Как отлаживать OAuth2 в production?
8248,Backend,Backend / Security DevOps System Design,Junior,Сравните OIDC с альтернативой.
8249,Backend,Backend / Security DevOps System Design,Junior,Как применить RBAC в высоконагруженной системе?
8250,Backend,Backend / Security DevOps System Design,Junior,Спроектируйте сервис с использованием ABAC.
8251,Backend,Backend / Security DevOps System Design,Junior,Что такое CSRF?
8252,Backend,Backend / Security DevOps System Design,Junior,Как безопасно настроить XSS?
8253,Backend,Backend / Security DevOps System Design,Junior,Как проверить SSRF?
8254,Backend,Backend / Security DevOps System Design,Junior,Какие уязвимости связаны с SQL injection?
8255,Backend,Backend / Security DevOps System Design,Junior,Как TLS используется в CI/CD?
8256,Backend,Backend / Security DevOps System Design,Junior,Как мониторить CORS?
8257,Backend,Backend / Security DevOps System Design,Junior,Как отлаживать CSP в production?
8258,Backend,Backend / Security DevOps System Design,Junior,Сравните secrets management с альтернативой.
8259,Backend,Backend / Security DevOps System Design,Junior,Как применить least privilege в высоконагруженной системе?
8260,Backend,Backend / Security DevOps System Design,Junior,Спроектируйте сервис с использованием audit logs.
8261,Backend,Backend / Security DevOps System Design,Junior,Что такое Docker?
8262,Backend,Backend / Security DevOps System Design,Junior,Как безопасно настроить multi-stage builds?
8263,Backend,Backend / Security DevOps System Design,Junior,Как проверить Kubernetes?
8264,Backend,Backend / Security DevOps System Design,Junior,Какие уязвимости связаны с CI/CD?
8265,Backend,Backend / Security DevOps System Design,Junior,Как GitHub Actions используется в CI/CD?
8266,Backend,Backend / Security DevOps System Design,Junior,Как мониторить Azure DevOps?
8267,Backend,Backend / Security DevOps System Design,Junior,Как отлаживать Terraform в production?
8268,Backend,Backend / Security DevOps System Design,Junior,Сравните Nginx с альтернативой.
8269,Backend,Backend / Security DevOps System Design,Junior,Как применить reverse proxy в высоконагруженной системе?
8270,Backend,Backend / Security DevOps System Design,Junior,Спроектируйте сервис с использованием blue-green release.
8271,Backend,Backend / Security DevOps System Design,Junior,Что такое canary release?
8272,Backend,Backend / Security DevOps System Design,Junior,Как безопасно настроить logs?
8273,Backend,Backend / Security DevOps System Design,Junior,Как проверить metrics?
8274,Backend,Backend / Security DevOps System Design,Junior,Какие уязвимости связаны с traces?
8275,Backend,Backend / Security DevOps System Design,Junior,Как OpenTelemetry используется в CI/CD?
8276,Backend,Backend / Security DevOps System Design,Junior,Как мониторить SLI?
8277,Backend,Backend / Security DevOps System Design,Junior,Как отлаживать SLO в production?
8278,Backend,Backend / Security DevOps System Design,Junior,Сравните SLA с альтернативой.
8279,Backend,Backend / Security DevOps System Design,Junior,Как применить incident response в высоконагруженной системе?
8280,Backend,Backend / Security DevOps System Design,Junior,Спроектируйте сервис с использованием disaster recovery.
8281,Backend,Backend / Security DevOps System Design,Junior,Что такое RPO?
8282,Backend,Backend / Security DevOps System Design,Junior,Как безопасно настроить RTO?
8283,Backend,Backend / Security DevOps System Design,Junior,Как проверить URL shortener design?
8284,Backend,Backend / Security DevOps System Design,Junior,Какие уязвимости связаны с chat system design?
8285,Backend,Backend / Security DevOps System Design,Junior,Как notification system design используется в CI/CD?
8286,Backend,Backend / Security DevOps System Design,Junior,Как мониторить search system design?
8287,Backend,Backend / Security DevOps System Design,Junior,Как отлаживать feed system design в production?
8288,Backend,Backend / Security DevOps System Design,Junior,Сравните file storage design с альтернативой.
8289,Backend,Backend / Security DevOps System Design,Junior,Как применить password hashing в высоконагруженной системе?
8290,Backend,Backend / Security DevOps System Design,Junior,Спроектируйте сервис с использованием Argon2.
8291,Backend,Backend / Security DevOps System Design,Junior,Что такое bcrypt?
8292,Backend,Backend / Security DevOps System Design,Junior,Как безопасно настроить JWT?
8293,Backend,Backend / Security DevOps System Design,Junior,Как проверить sessions?
8294,Backend,Backend / Security DevOps System Design,Junior,Какие уязвимости связаны с refresh tokens?
8295,Backend,Backend / Security DevOps System Design,Junior,Как OAuth2 используется в CI/CD?
8296,Backend,Backend / Security DevOps System Design,Junior,Как мониторить OIDC?
8297,Backend,Backend / Security DevOps System Design,Junior,Как отлаживать RBAC в production?
8298,Backend,Backend / Security DevOps System Design,Junior,Сравните ABAC с альтернативой.
8299,Backend,Backend / Security DevOps System Design,Junior,Как применить CSRF в высоконагруженной системе?
8300,Backend,Backend / Security DevOps System Design,Junior,Спроектируйте сервис с использованием XSS.
8301,Backend,Backend / Security DevOps System Design,Middle,Что такое SSRF?
8302,Backend,Backend / Security DevOps System Design,Middle,Как безопасно настроить SQL injection?
8303,Backend,Backend / Security DevOps System Design,Middle,Как проверить TLS?
8304,Backend,Backend / Security DevOps System Design,Middle,Какие уязвимости связаны с CORS?
8305,Backend,Backend / Security DevOps System Design,Middle,Как CSP используется в CI/CD?
8306,Backend,Backend / Security DevOps System Design,Middle,Как мониторить secrets management?
8307,Backend,Backend / Security DevOps System Design,Middle,Как отлаживать least privilege в production?
8308,Backend,Backend / Security DevOps System Design,Middle,Сравните audit logs с альтернативой.
8309,Backend,Backend / Security DevOps System Design,Middle,Как применить Docker в высоконагруженной системе?
8310,Backend,Backend / Security DevOps System Design,Middle,Спроектируйте сервис с использованием multi-stage builds.
8311,Backend,Backend / Security DevOps System Design,Middle,Что такое Kubernetes?
8312,Backend,Backend / Security DevOps System Design,Middle,Как безопасно настроить CI/CD?
8313,Backend,Backend / Security DevOps System Design,Middle,Как проверить GitHub Actions?
8314,Backend,Backend / Security DevOps System Design,Middle,Какие уязвимости связаны с Azure DevOps?
8315,Backend,Backend / Security DevOps System Design,Middle,Как Terraform используется в CI/CD?
8316,Backend,Backend / Security DevOps System Design,Middle,Как мониторить Nginx?
8317,Backend,Backend / Security DevOps System Design,Middle,Как отлаживать reverse proxy в production?
8318,Backend,Backend / Security DevOps System Design,Middle,Сравните blue-green release с альтернативой.
8319,Backend,Backend / Security DevOps System Design,Middle,Как применить canary release в высоконагруженной системе?
8320,Backend,Backend / Security DevOps System Design,Middle,Спроектируйте сервис с использованием logs.
8321,Backend,Backend / Security DevOps System Design,Middle,Что такое metrics?
8322,Backend,Backend / Security DevOps System Design,Middle,Как безопасно настроить traces?
8323,Backend,Backend / Security DevOps System Design,Middle,Как проверить OpenTelemetry?
8324,Backend,Backend / Security DevOps System Design,Middle,Какие уязвимости связаны с SLI?
8325,Backend,Backend / Security DevOps System Design,Middle,Как SLO используется в CI/CD?
8326,Backend,Backend / Security DevOps System Design,Middle,Как мониторить SLA?
8327,Backend,Backend / Security DevOps System Design,Middle,Как отлаживать incident response в production?
8328,Backend,Backend / Security DevOps System Design,Middle,Сравните disaster recovery с альтернативой.
8329,Backend,Backend / Security DevOps System Design,Middle,Как применить RPO в высоконагруженной системе?
8330,Backend,Backend / Security DevOps System Design,Middle,Спроектируйте сервис с использованием RTO.
8331,Backend,Backend / Security DevOps System Design,Middle,Что такое URL shortener design?
8332,Backend,Backend / Security DevOps System Design,Middle,Как безопасно настроить chat system design?
8333,Backend,Backend / Security DevOps System Design,Middle,Как проверить notification system design?
8334,Backend,Backend / Security DevOps System Design,Middle,Какие уязвимости связаны с search system design?
8335,Backend,Backend / Security DevOps System Design,Middle,Как feed system design используется в CI/CD?
8336,Backend,Backend / Security DevOps System Design,Middle,Как мониторить file storage design?
8337,Backend,Backend / Security DevOps System Design,Middle,Как отлаживать password hashing в production?
8338,Backend,Backend / Security DevOps System Design,Middle,Сравните Argon2 с альтернативой.
8339,Backend,Backend / Security DevOps System Design,Middle,Как применить bcrypt в высоконагруженной системе?
8340,Backend,Backend / Security DevOps System Design,Middle,Спроектируйте сервис с использованием JWT.
8341,Backend,Backend / Security DevOps System Design,Middle,Что такое sessions?
8342,Backend,Backend / Security DevOps System Design,Middle,Как безопасно настроить refresh tokens?
8343,Backend,Backend / Security DevOps System Design,Middle,Как проверить OAuth2?
8344,Backend,Backend / Security DevOps System Design,Middle,Какие уязвимости связаны с OIDC?
8345,Backend,Backend / Security DevOps System Design,Middle,Как RBAC используется в CI/CD?
8346,Backend,Backend / Security DevOps System Design,Middle,Как мониторить ABAC?
8347,Backend,Backend / Security DevOps System Design,Middle,Как отлаживать CSRF в production?
8348,Backend,Backend / Security DevOps System Design,Middle,Сравните XSS с альтернативой.
8349,Backend,Backend / Security DevOps System Design,Middle,Как применить SSRF в высоконагруженной системе?
8350,Backend,Backend / Security DevOps System Design,Middle,Спроектируйте сервис с использованием SQL injection.
8351,Backend,Backend / Security DevOps System Design,Middle,Что такое TLS?
8352,Backend,Backend / Security DevOps System Design,Middle,Как безопасно настроить CORS?
8353,Backend,Backend / Security DevOps System Design,Middle,Как проверить CSP?
8354,Backend,Backend / Security DevOps System Design,Middle,Какие уязвимости связаны с secrets management?
8355,Backend,Backend / Security DevOps System Design,Middle,Как least privilege используется в CI/CD?
8356,Backend,Backend / Security DevOps System Design,Middle,Как мониторить audit logs?
8357,Backend,Backend / Security DevOps System Design,Middle,Как отлаживать Docker в production?
8358,Backend,Backend / Security DevOps System Design,Middle,Сравните multi-stage builds с альтернативой.
8359,Backend,Backend / Security DevOps System Design,Middle,Как применить Kubernetes в высоконагруженной системе?
8360,Backend,Backend / Security DevOps System Design,Middle,Спроектируйте сервис с использованием CI/CD.
8361,Backend,Backend / Security DevOps System Design,Middle,Что такое GitHub Actions?
8362,Backend,Backend / Security DevOps System Design,Middle,Как безопасно настроить Azure DevOps?
8363,Backend,Backend / Security DevOps System Design,Middle,Как проверить Terraform?
8364,Backend,Backend / Security DevOps System Design,Middle,Какие уязвимости связаны с Nginx?
8365,Backend,Backend / Security DevOps System Design,Middle,Как reverse proxy используется в CI/CD?
8366,Backend,Backend / Security DevOps System Design,Middle,Как мониторить blue-green release?
8367,Backend,Backend / Security DevOps System Design,Middle,Как отлаживать canary release в production?
8368,Backend,Backend / Security DevOps System Design,Middle,Сравните logs с альтернативой.
8369,Backend,Backend / Security DevOps System Design,Middle,Как применить metrics в высоконагруженной системе?
8370,Backend,Backend / Security DevOps System Design,Middle,Спроектируйте сервис с использованием traces.
8371,Backend,Backend / Security DevOps System Design,Middle,Что такое OpenTelemetry?
8372,Backend,Backend / Security DevOps System Design,Middle,Как безопасно настроить SLI?
8373,Backend,Backend / Security DevOps System Design,Middle,Как проверить SLO?
8374,Backend,Backend / Security DevOps System Design,Middle,Какие уязвимости связаны с SLA?
8375,Backend,Backend / Security DevOps System Design,Middle,Как incident response используется в CI/CD?
8376,Backend,Backend / Security DevOps System Design,Middle,Как мониторить disaster recovery?
8377,Backend,Backend / Security DevOps System Design,Middle,Как отлаживать RPO в production?
8378,Backend,Backend / Security DevOps System Design,Middle,Сравните RTO с альтернативой.
8379,Backend,Backend / Security DevOps System Design,Middle,Как применить URL shortener design в высоконагруженной системе?
8380,Backend,Backend / Security DevOps System Design,Middle,Спроектируйте сервис с использованием chat system design.
8381,Backend,Backend / Security DevOps System Design,Middle,Что такое notification system design?
8382,Backend,Backend / Security DevOps System Design,Middle,Как безопасно настроить search system design?
8383,Backend,Backend / Security DevOps System Design,Middle,Как проверить feed system design?
8384,Backend,Backend / Security DevOps System Design,Middle,Какие уязвимости связаны с file storage design?
8385,Backend,Backend / Security DevOps System Design,Middle,Как password hashing используется в CI/CD?
8386,Backend,Backend / Security DevOps System Design,Middle,Как мониторить Argon2?
8387,Backend,Backend / Security DevOps System Design,Middle,Как отлаживать bcrypt в production?
8388,Backend,Backend / Security DevOps System Design,Middle,Сравните JWT с альтернативой.
8389,Backend,Backend / Security DevOps System Design,Middle,Как применить sessions в высоконагруженной системе?
8390,Backend,Backend / Security DevOps System Design,Middle,Спроектируйте сервис с использованием refresh tokens.
8391,Backend,Backend / Security DevOps System Design,Middle,Что такое OAuth2?
8392,Backend,Backend / Security DevOps System Design,Middle,Как безопасно настроить OIDC?
8393,Backend,Backend / Security DevOps System Design,Middle,Как проверить RBAC?
8394,Backend,Backend / Security DevOps System Design,Middle,Какие уязвимости связаны с ABAC?
8395,Backend,Backend / Security DevOps System Design,Middle,Как CSRF используется в CI/CD?
8396,Backend,Backend / Security DevOps System Design,Middle,Как мониторить XSS?
8397,Backend,Backend / Security DevOps System Design,Middle,Как отлаживать SSRF в production?
8398,Backend,Backend / Security DevOps System Design,Middle,Сравните SQL injection с альтернативой.
8399,Backend,Backend / Security DevOps System Design,Middle,Как применить TLS в высоконагруженной системе?
8400,Backend,Backend / Security DevOps System Design,Middle,Спроектируйте сервис с использованием CORS.
8401,Backend,Backend / Security DevOps System Design,Middle,Что такое CSP?
8402,Backend,Backend / Security DevOps System Design,Middle,Как безопасно настроить secrets management?
8403,Backend,Backend / Security DevOps System Design,Middle,Как проверить least privilege?
8404,Backend,Backend / Security DevOps System Design,Middle,Какие уязвимости связаны с audit logs?
8405,Backend,Backend / Security DevOps System Design,Middle,Как Docker используется в CI/CD?
8406,Backend,Backend / Security DevOps System Design,Middle,Как мониторить multi-stage builds?
8407,Backend,Backend / Security DevOps System Design,Middle,Как отлаживать Kubernetes в production?
8408,Backend,Backend / Security DevOps System Design,Middle,Сравните CI/CD с альтернативой.
8409,Backend,Backend / Security DevOps System Design,Middle,Как применить GitHub Actions в высоконагруженной системе?
8410,Backend,Backend / Security DevOps System Design,Middle,Спроектируйте сервис с использованием Azure DevOps.
8411,Backend,Backend / Security DevOps System Design,Middle,Что такое Terraform?
8412,Backend,Backend / Security DevOps System Design,Middle,Как безопасно настроить Nginx?
8413,Backend,Backend / Security DevOps System Design,Middle,Как проверить reverse proxy?
8414,Backend,Backend / Security DevOps System Design,Middle,Какие уязвимости связаны с blue-green release?
8415,Backend,Backend / Security DevOps System Design,Middle,Как canary release используется в CI/CD?
8416,Backend,Backend / Security DevOps System Design,Middle,Как мониторить logs?
8417,Backend,Backend / Security DevOps System Design,Middle,Как отлаживать metrics в production?
8418,Backend,Backend / Security DevOps System Design,Middle,Сравните traces с альтернативой.
8419,Backend,Backend / Security DevOps System Design,Middle,Как применить OpenTelemetry в высоконагруженной системе?
8420,Backend,Backend / Security DevOps System Design,Middle,Спроектируйте сервис с использованием SLI.
8421,Backend,Backend / Security DevOps System Design,Middle,Что такое SLO?
8422,Backend,Backend / Security DevOps System Design,Middle,Как безопасно настроить SLA?
8423,Backend,Backend / Security DevOps System Design,Middle,Как проверить incident response?
8424,Backend,Backend / Security DevOps System Design,Middle,Какие уязвимости связаны с disaster recovery?
8425,Backend,Backend / Security DevOps System Design,Middle,Как RPO используется в CI/CD?
8426,Backend,Backend / Security DevOps System Design,Middle,Как мониторить RTO?
8427,Backend,Backend / Security DevOps System Design,Middle,Как отлаживать URL shortener design в production?
8428,Backend,Backend / Security DevOps System Design,Middle,Сравните chat system design с альтернативой.
8429,Backend,Backend / Security DevOps System Design,Middle,Как применить notification system design в высоконагруженной системе?
8430,Backend,Backend / Security DevOps System Design,Middle,Спроектируйте сервис с использованием search system design.
8431,Backend,Backend / Security DevOps System Design,Middle,Что такое feed system design?
8432,Backend,Backend / Security DevOps System Design,Middle,Как безопасно настроить file storage design?
8433,Backend,Backend / Security DevOps System Design,Middle,Как проверить password hashing?
8434,Backend,Backend / Security DevOps System Design,Middle,Какие уязвимости связаны с Argon2?
8435,Backend,Backend / Security DevOps System Design,Middle,Как bcrypt используется в CI/CD?
8436,Backend,Backend / Security DevOps System Design,Middle,Как мониторить JWT?
8437,Backend,Backend / Security DevOps System Design,Middle,Как отлаживать sessions в production?
8438,Backend,Backend / Security DevOps System Design,Middle,Сравните refresh tokens с альтернативой.
8439,Backend,Backend / Security DevOps System Design,Middle,Как применить OAuth2 в высоконагруженной системе?
8440,Backend,Backend / Security DevOps System Design,Middle,Спроектируйте сервис с использованием OIDC.
8441,Backend,Backend / Security DevOps System Design,Middle,Что такое RBAC?
8442,Backend,Backend / Security DevOps System Design,Middle,Как безопасно настроить ABAC?
8443,Backend,Backend / Security DevOps System Design,Middle,Как проверить CSRF?
8444,Backend,Backend / Security DevOps System Design,Middle,Какие уязвимости связаны с XSS?
8445,Backend,Backend / Security DevOps System Design,Middle,Как SSRF используется в CI/CD?
8446,Backend,Backend / Security DevOps System Design,Middle,Как мониторить SQL injection?
8447,Backend,Backend / Security DevOps System Design,Middle,Как отлаживать TLS в production?
8448,Backend,Backend / Security DevOps System Design,Middle,Сравните CORS с альтернативой.
8449,Backend,Backend / Security DevOps System Design,Middle,Как применить CSP в высоконагруженной системе?
8450,Backend,Backend / Security DevOps System Design,Middle,Спроектируйте сервис с использованием secrets management.
8451,Backend,Backend / Security DevOps System Design,Middle,Что такое least privilege?
8452,Backend,Backend / Security DevOps System Design,Middle,Как безопасно настроить audit logs?
8453,Backend,Backend / Security DevOps System Design,Middle,Как проверить Docker?
8454,Backend,Backend / Security DevOps System Design,Middle,Какие уязвимости связаны с multi-stage builds?
8455,Backend,Backend / Security DevOps System Design,Middle,Как Kubernetes используется в CI/CD?
8456,Backend,Backend / Security DevOps System Design,Middle,Как мониторить CI/CD?
8457,Backend,Backend / Security DevOps System Design,Middle,Как отлаживать GitHub Actions в production?
8458,Backend,Backend / Security DevOps System Design,Middle,Сравните Azure DevOps с альтернативой.
8459,Backend,Backend / Security DevOps System Design,Middle,Как применить Terraform в высоконагруженной системе?
8460,Backend,Backend / Security DevOps System Design,Middle,Спроектируйте сервис с использованием Nginx.
8461,Backend,Backend / Security DevOps System Design,Middle,Что такое reverse proxy?
8462,Backend,Backend / Security DevOps System Design,Middle,Как безопасно настроить blue-green release?
8463,Backend,Backend / Security DevOps System Design,Middle,Как проверить canary release?
8464,Backend,Backend / Security DevOps System Design,Middle,Какие уязвимости связаны с logs?
8465,Backend,Backend / Security DevOps System Design,Middle,Как metrics используется в CI/CD?
8466,Backend,Backend / Security DevOps System Design,Middle,Как мониторить traces?
8467,Backend,Backend / Security DevOps System Design,Middle,Как отлаживать OpenTelemetry в production?
8468,Backend,Backend / Security DevOps System Design,Middle,Сравните SLI с альтернативой.
8469,Backend,Backend / Security DevOps System Design,Middle,Как применить SLO в высоконагруженной системе?
8470,Backend,Backend / Security DevOps System Design,Middle,Спроектируйте сервис с использованием SLA.
8471,Backend,Backend / Security DevOps System Design,Middle,Что такое incident response?
8472,Backend,Backend / Security DevOps System Design,Middle,Как безопасно настроить disaster recovery?
8473,Backend,Backend / Security DevOps System Design,Middle,Как проверить RPO?
8474,Backend,Backend / Security DevOps System Design,Middle,Какие уязвимости связаны с RTO?
8475,Backend,Backend / Security DevOps System Design,Middle,Как URL shortener design используется в CI/CD?
8476,Backend,Backend / Security DevOps System Design,Middle,Как мониторить chat system design?
8477,Backend,Backend / Security DevOps System Design,Middle,Как отлаживать notification system design в production?
8478,Backend,Backend / Security DevOps System Design,Middle,Сравните search system design с альтернативой.
8479,Backend,Backend / Security DevOps System Design,Middle,Как применить feed system design в высоконагруженной системе?
8480,Backend,Backend / Security DevOps System Design,Middle,Спроектируйте сервис с использованием file storage design.
8481,Backend,Backend / Security DevOps System Design,Middle,Что такое password hashing?
8482,Backend,Backend / Security DevOps System Design,Middle,Как безопасно настроить Argon2?
8483,Backend,Backend / Security DevOps System Design,Middle,Как проверить bcrypt?
8484,Backend,Backend / Security DevOps System Design,Middle,Какие уязвимости связаны с JWT?
8485,Backend,Backend / Security DevOps System Design,Middle,Как sessions используется в CI/CD?
8486,Backend,Backend / Security DevOps System Design,Middle,Как мониторить refresh tokens?
8487,Backend,Backend / Security DevOps System Design,Middle,Как отлаживать OAuth2 в production?
8488,Backend,Backend / Security DevOps System Design,Middle,Сравните OIDC с альтернативой.
8489,Backend,Backend / Security DevOps System Design,Middle,Как применить RBAC в высоконагруженной системе?
8490,Backend,Backend / Security DevOps System Design,Middle,Спроектируйте сервис с использованием ABAC.
8491,Backend,Backend / Security DevOps System Design,Middle,Что такое CSRF?
8492,Backend,Backend / Security DevOps System Design,Middle,Как безопасно настроить XSS?
8493,Backend,Backend / Security DevOps System Design,Middle,Как проверить SSRF?
8494,Backend,Backend / Security DevOps System Design,Middle,Какие уязвимости связаны с SQL injection?
8495,Backend,Backend / Security DevOps System Design,Middle,Как TLS используется в CI/CD?
8496,Backend,Backend / Security DevOps System Design,Middle,Как мониторить CORS?
8497,Backend,Backend / Security DevOps System Design,Middle,Как отлаживать CSP в production?
8498,Backend,Backend / Security DevOps System Design,Middle,Сравните secrets management с альтернативой.
8499,Backend,Backend / Security DevOps System Design,Middle,Как применить least privilege в высоконагруженной системе?
8500,Backend,Backend / Security DevOps System Design,Middle,Спроектируйте сервис с использованием audit logs.
8501,Backend,Backend / Security DevOps System Design,Middle,Что такое Docker?
8502,Backend,Backend / Security DevOps System Design,Middle,Как безопасно настроить multi-stage builds?
8503,Backend,Backend / Security DevOps System Design,Middle,Как проверить Kubernetes?
8504,Backend,Backend / Security DevOps System Design,Middle,Какие уязвимости связаны с CI/CD?
8505,Backend,Backend / Security DevOps System Design,Middle,Как GitHub Actions используется в CI/CD?
8506,Backend,Backend / Security DevOps System Design,Middle,Как мониторить Azure DevOps?
8507,Backend,Backend / Security DevOps System Design,Middle,Как отлаживать Terraform в production?
8508,Backend,Backend / Security DevOps System Design,Middle,Сравните Nginx с альтернативой.
8509,Backend,Backend / Security DevOps System Design,Middle,Как применить reverse proxy в высоконагруженной системе?
8510,Backend,Backend / Security DevOps System Design,Middle,Спроектируйте сервис с использованием blue-green release.
8511,Backend,Backend / Security DevOps System Design,Middle,Что такое canary release?
8512,Backend,Backend / Security DevOps System Design,Middle,Как безопасно настроить logs?
8513,Backend,Backend / Security DevOps System Design,Middle,Как проверить metrics?
8514,Backend,Backend / Security DevOps System Design,Middle,Какие уязвимости связаны с traces?
8515,Backend,Backend / Security DevOps System Design,Middle,Как OpenTelemetry используется в CI/CD?
8516,Backend,Backend / Security DevOps System Design,Middle,Как мониторить SLI?
8517,Backend,Backend / Security DevOps System Design,Middle,Как отлаживать SLO в production?
8518,Backend,Backend / Security DevOps System Design,Middle,Сравните SLA с альтернативой.
8519,Backend,Backend / Security DevOps System Design,Middle,Как применить incident response в высоконагруженной системе?
8520,Backend,Backend / Security DevOps System Design,Middle,Спроектируйте сервис с использованием disaster recovery.
8521,Backend,Backend / Security DevOps System Design,Middle,Что такое RPO?
8522,Backend,Backend / Security DevOps System Design,Middle,Как безопасно настроить RTO?
8523,Backend,Backend / Security DevOps System Design,Middle,Как проверить URL shortener design?
8524,Backend,Backend / Security DevOps System Design,Middle,Какие уязвимости связаны с chat system design?
8525,Backend,Backend / Security DevOps System Design,Middle,Как notification system design используется в CI/CD?
8526,Backend,Backend / Security DevOps System Design,Middle,Как мониторить search system design?
8527,Backend,Backend / Security DevOps System Design,Middle,Как отлаживать feed system design в production?
8528,Backend,Backend / Security DevOps System Design,Middle,Сравните file storage design с альтернативой.
8529,Backend,Backend / Security DevOps System Design,Middle,Как применить password hashing в высоконагруженной системе?
8530,Backend,Backend / Security DevOps System Design,Middle,Спроектируйте сервис с использованием Argon2.
8531,Backend,Backend / Security DevOps System Design,Middle,Что такое bcrypt?
8532,Backend,Backend / Security DevOps System Design,Middle,Как безопасно настроить JWT?
8533,Backend,Backend / Security DevOps System Design,Middle,Как проверить sessions?
8534,Backend,Backend / Security DevOps System Design,Middle,Какие уязвимости связаны с refresh tokens?
8535,Backend,Backend / Security DevOps System Design,Middle,Как OAuth2 используется в CI/CD?
8536,Backend,Backend / Security DevOps System Design,Middle,Как мониторить OIDC?
8537,Backend,Backend / Security DevOps System Design,Middle,Как отлаживать RBAC в production?
8538,Backend,Backend / Security DevOps System Design,Middle,Сравните ABAC с альтернативой.
8539,Backend,Backend / Security DevOps System Design,Middle,Как применить CSRF в высоконагруженной системе?
8540,Backend,Backend / Security DevOps System Design,Middle,Спроектируйте сервис с использованием XSS.
8541,Backend,Backend / Security DevOps System Design,Middle,Что такое SSRF?
8542,Backend,Backend / Security DevOps System Design,Middle,Как безопасно настроить SQL injection?
8543,Backend,Backend / Security DevOps System Design,Middle,Как проверить TLS?
8544,Backend,Backend / Security DevOps System Design,Middle,Какие уязвимости связаны с CORS?
8545,Backend,Backend / Security DevOps System Design,Middle,Как CSP используется в CI/CD?
8546,Backend,Backend / Security DevOps System Design,Middle,Как мониторить secrets management?
8547,Backend,Backend / Security DevOps System Design,Middle,Как отлаживать least privilege в production?
8548,Backend,Backend / Security DevOps System Design,Middle,Сравните audit logs с альтернативой.
8549,Backend,Backend / Security DevOps System Design,Middle,Как применить Docker в высоконагруженной системе?
8550,Backend,Backend / Security DevOps System Design,Middle,Спроектируйте сервис с использованием multi-stage builds.
8551,Backend,Backend / Security DevOps System Design,Middle,Что такое Kubernetes?
8552,Backend,Backend / Security DevOps System Design,Middle,Как безопасно настроить CI/CD?
8553,Backend,Backend / Security DevOps System Design,Middle,Как проверить GitHub Actions?
8554,Backend,Backend / Security DevOps System Design,Middle,Какие уязвимости связаны с Azure DevOps?
8555,Backend,Backend / Security DevOps System Design,Middle,Как Terraform используется в CI/CD?
8556,Backend,Backend / Security DevOps System Design,Middle,Как мониторить Nginx?
8557,Backend,Backend / Security DevOps System Design,Middle,Как отлаживать reverse proxy в production?
8558,Backend,Backend / Security DevOps System Design,Middle,Сравните blue-green release с альтернативой.
8559,Backend,Backend / Security DevOps System Design,Middle,Как применить canary release в высоконагруженной системе?
8560,Backend,Backend / Security DevOps System Design,Middle,Спроектируйте сервис с использованием logs.
8561,Backend,Backend / Security DevOps System Design,Middle,Что такое metrics?
8562,Backend,Backend / Security DevOps System Design,Middle,Как безопасно настроить traces?
8563,Backend,Backend / Security DevOps System Design,Middle,Как проверить OpenTelemetry?
8564,Backend,Backend / Security DevOps System Design,Middle,Какие уязвимости связаны с SLI?
8565,Backend,Backend / Security DevOps System Design,Middle,Как SLO используется в CI/CD?
8566,Backend,Backend / Security DevOps System Design,Middle,Как мониторить SLA?
8567,Backend,Backend / Security DevOps System Design,Middle,Как отлаживать incident response в production?
8568,Backend,Backend / Security DevOps System Design,Middle,Сравните disaster recovery с альтернативой.
8569,Backend,Backend / Security DevOps System Design,Middle,Как применить RPO в высоконагруженной системе?
8570,Backend,Backend / Security DevOps System Design,Middle,Спроектируйте сервис с использованием RTO.
8571,Backend,Backend / Security DevOps System Design,Middle,Что такое URL shortener design?
8572,Backend,Backend / Security DevOps System Design,Middle,Как безопасно настроить chat system design?
8573,Backend,Backend / Security DevOps System Design,Middle,Как проверить notification system design?
8574,Backend,Backend / Security DevOps System Design,Middle,Какие уязвимости связаны с search system design?
8575,Backend,Backend / Security DevOps System Design,Middle,Как feed system design используется в CI/CD?
8576,Backend,Backend / Security DevOps System Design,Middle,Как мониторить file storage design?
8577,Backend,Backend / Security DevOps System Design,Middle,Как отлаживать password hashing в production?
8578,Backend,Backend / Security DevOps System Design,Middle,Сравните Argon2 с альтернативой.
8579,Backend,Backend / Security DevOps System Design,Middle,Как применить bcrypt в высоконагруженной системе?
8580,Backend,Backend / Security DevOps System Design,Middle,Спроектируйте сервис с использованием JWT.
8581,Backend,Backend / Security DevOps System Design,Middle,Что такое sessions?
8582,Backend,Backend / Security DevOps System Design,Middle,Как безопасно настроить refresh tokens?
8583,Backend,Backend / Security DevOps System Design,Middle,Как проверить OAuth2?
8584,Backend,Backend / Security DevOps System Design,Middle,Какие уязвимости связаны с OIDC?
8585,Backend,Backend / Security DevOps System Design,Middle,Как RBAC используется в CI/CD?
8586,Backend,Backend / Security DevOps System Design,Middle,Как мониторить ABAC?
8587,Backend,Backend / Security DevOps System Design,Middle,Как отлаживать CSRF в production?
8588,Backend,Backend / Security DevOps System Design,Middle,Сравните XSS с альтернативой.
8589,Backend,Backend / Security DevOps System Design,Middle,Как применить SSRF в высоконагруженной системе?
8590,Backend,Backend / Security DevOps System Design,Middle,Спроектируйте сервис с использованием SQL injection.
8591,Backend,Backend / Security DevOps System Design,Middle,Что такое TLS?
8592,Backend,Backend / Security DevOps System Design,Middle,Как безопасно настроить CORS?
8593,Backend,Backend / Security DevOps System Design,Middle,Как проверить CSP?
8594,Backend,Backend / Security DevOps System Design,Middle,Какие уязвимости связаны с secrets management?
8595,Backend,Backend / Security DevOps System Design,Middle,Как least privilege используется в CI/CD?
8596,Backend,Backend / Security DevOps System Design,Middle,Как мониторить audit logs?
8597,Backend,Backend / Security DevOps System Design,Middle,Как отлаживать Docker в production?
8598,Backend,Backend / Security DevOps System Design,Middle,Сравните multi-stage builds с альтернативой.
8599,Backend,Backend / Security DevOps System Design,Middle,Как применить Kubernetes в высоконагруженной системе?
8600,Backend,Backend / Security DevOps System Design,Middle,Спроектируйте сервис с использованием CI/CD.
8601,Backend,Backend / Security DevOps System Design,Middle,Что такое GitHub Actions?
8602,Backend,Backend / Security DevOps System Design,Middle,Как безопасно настроить Azure DevOps?
8603,Backend,Backend / Security DevOps System Design,Middle,Как проверить Terraform?
8604,Backend,Backend / Security DevOps System Design,Middle,Какие уязвимости связаны с Nginx?
8605,Backend,Backend / Security DevOps System Design,Middle,Как reverse proxy используется в CI/CD?
8606,Backend,Backend / Security DevOps System Design,Middle,Как мониторить blue-green release?
8607,Backend,Backend / Security DevOps System Design,Middle,Как отлаживать canary release в production?
8608,Backend,Backend / Security DevOps System Design,Middle,Сравните logs с альтернативой.
8609,Backend,Backend / Security DevOps System Design,Middle,Как применить metrics в высоконагруженной системе?
8610,Backend,Backend / Security DevOps System Design,Middle,Спроектируйте сервис с использованием traces.
8611,Backend,Backend / Security DevOps System Design,Middle,Что такое OpenTelemetry?
8612,Backend,Backend / Security DevOps System Design,Middle,Как безопасно настроить SLI?
8613,Backend,Backend / Security DevOps System Design,Middle,Как проверить SLO?
8614,Backend,Backend / Security DevOps System Design,Middle,Какие уязвимости связаны с SLA?
8615,Backend,Backend / Security DevOps System Design,Middle,Как incident response используется в CI/CD?
8616,Backend,Backend / Security DevOps System Design,Middle,Как мониторить disaster recovery?
8617,Backend,Backend / Security DevOps System Design,Middle,Как отлаживать RPO в production?
8618,Backend,Backend / Security DevOps System Design,Middle,Сравните RTO с альтернативой.
8619,Backend,Backend / Security DevOps System Design,Middle,Как применить URL shortener design в высоконагруженной системе?
8620,Backend,Backend / Security DevOps System Design,Middle,Спроектируйте сервис с использованием chat system design.
8621,Backend,Backend / Security DevOps System Design,Middle,Что такое notification system design?
8622,Backend,Backend / Security DevOps System Design,Middle,Как безопасно настроить search system design?
8623,Backend,Backend / Security DevOps System Design,Middle,Как проверить feed system design?
8624,Backend,Backend / Security DevOps System Design,Middle,Какие уязвимости связаны с file storage design?
8625,Backend,Backend / Security DevOps System Design,Middle,Как password hashing используется в CI/CD?
8626,Backend,Backend / Security DevOps System Design,Middle,Как мониторить Argon2?
8627,Backend,Backend / Security DevOps System Design,Middle,Как отлаживать bcrypt в production?
8628,Backend,Backend / Security DevOps System Design,Middle,Сравните JWT с альтернативой.
8629,Backend,Backend / Security DevOps System Design,Middle,Как применить sessions в высоконагруженной системе?
8630,Backend,Backend / Security DevOps System Design,Middle,Спроектируйте сервис с использованием refresh tokens.
8631,Backend,Backend / Security DevOps System Design,Middle,Что такое OAuth2?
8632,Backend,Backend / Security DevOps System Design,Middle,Как безопасно настроить OIDC?
8633,Backend,Backend / Security DevOps System Design,Middle,Как проверить RBAC?
8634,Backend,Backend / Security DevOps System Design,Middle,Какие уязвимости связаны с ABAC?
8635,Backend,Backend / Security DevOps System Design,Middle,Как CSRF используется в CI/CD?
8636,Backend,Backend / Security DevOps System Design,Middle,Как мониторить XSS?
8637,Backend,Backend / Security DevOps System Design,Middle,Как отлаживать SSRF в production?
8638,Backend,Backend / Security DevOps System Design,Middle,Сравните SQL injection с альтернативой.
8639,Backend,Backend / Security DevOps System Design,Middle,Как применить TLS в высоконагруженной системе?
8640,Backend,Backend / Security DevOps System Design,Middle,Спроектируйте сервис с использованием CORS.
8641,Backend,Backend / Security DevOps System Design,Middle,Что такое CSP?
8642,Backend,Backend / Security DevOps System Design,Middle,Как безопасно настроить secrets management?
8643,Backend,Backend / Security DevOps System Design,Middle,Как проверить least privilege?
8644,Backend,Backend / Security DevOps System Design,Middle,Какие уязвимости связаны с audit logs?
8645,Backend,Backend / Security DevOps System Design,Middle,Как Docker используется в CI/CD?
8646,Backend,Backend / Security DevOps System Design,Middle,Как мониторить multi-stage builds?
8647,Backend,Backend / Security DevOps System Design,Middle,Как отлаживать Kubernetes в production?
8648,Backend,Backend / Security DevOps System Design,Middle,Сравните CI/CD с альтернативой.
8649,Backend,Backend / Security DevOps System Design,Middle,Как применить GitHub Actions в высоконагруженной системе?
8650,Backend,Backend / Security DevOps System Design,Middle,Спроектируйте сервис с использованием Azure DevOps.
8651,Backend,Backend / Security DevOps System Design,Middle,Что такое Terraform?
8652,Backend,Backend / Security DevOps System Design,Middle,Как безопасно настроить Nginx?
8653,Backend,Backend / Security DevOps System Design,Middle,Как проверить reverse proxy?
8654,Backend,Backend / Security DevOps System Design,Middle,Какие уязвимости связаны с blue-green release?
8655,Backend,Backend / Security DevOps System Design,Middle,Как canary release используется в CI/CD?
8656,Backend,Backend / Security DevOps System Design,Middle,Как мониторить logs?
8657,Backend,Backend / Security DevOps System Design,Middle,Как отлаживать metrics в production?
8658,Backend,Backend / Security DevOps System Design,Middle,Сравните traces с альтернативой.
8659,Backend,Backend / Security DevOps System Design,Middle,Как применить OpenTelemetry в высоконагруженной системе?
8660,Backend,Backend / Security DevOps System Design,Middle,Спроектируйте сервис с использованием SLI.
8661,Backend,Backend / Security DevOps System Design,Middle,Что такое SLO?
8662,Backend,Backend / Security DevOps System Design,Middle,Как безопасно настроить SLA?
8663,Backend,Backend / Security DevOps System Design,Middle,Как проверить incident response?
8664,Backend,Backend / Security DevOps System Design,Middle,Какие уязвимости связаны с disaster recovery?
8665,Backend,Backend / Security DevOps System Design,Middle,Как RPO используется в CI/CD?
8666,Backend,Backend / Security DevOps System Design,Middle,Как мониторить RTO?
8667,Backend,Backend / Security DevOps System Design,Middle,Как отлаживать URL shortener design в production?
8668,Backend,Backend / Security DevOps System Design,Middle,Сравните chat system design с альтернативой.
8669,Backend,Backend / Security DevOps System Design,Middle,Как применить notification system design в высоконагруженной системе?
8670,Backend,Backend / Security DevOps System Design,Middle,Спроектируйте сервис с использованием search system design.
8671,Backend,Backend / Security DevOps System Design,Middle,Что такое feed system design?
8672,Backend,Backend / Security DevOps System Design,Middle,Как безопасно настроить file storage design?
8673,Backend,Backend / Security DevOps System Design,Middle,Как проверить password hashing?
8674,Backend,Backend / Security DevOps System Design,Middle,Какие уязвимости связаны с Argon2?
8675,Backend,Backend / Security DevOps System Design,Middle,Как bcrypt используется в CI/CD?
8676,Backend,Backend / Security DevOps System Design,Middle,Как мониторить JWT?
8677,Backend,Backend / Security DevOps System Design,Middle,Как отлаживать sessions в production?
8678,Backend,Backend / Security DevOps System Design,Middle,Сравните refresh tokens с альтернативой.
8679,Backend,Backend / Security DevOps System Design,Middle,Как применить OAuth2 в высоконагруженной системе?
8680,Backend,Backend / Security DevOps System Design,Middle,Спроектируйте сервис с использованием OIDC.
8681,Backend,Backend / Security DevOps System Design,Middle,Что такое RBAC?
8682,Backend,Backend / Security DevOps System Design,Middle,Как безопасно настроить ABAC?
8683,Backend,Backend / Security DevOps System Design,Middle,Как проверить CSRF?
8684,Backend,Backend / Security DevOps System Design,Middle,Какие уязвимости связаны с XSS?
8685,Backend,Backend / Security DevOps System Design,Middle,Как SSRF используется в CI/CD?
8686,Backend,Backend / Security DevOps System Design,Middle,Как мониторить SQL injection?
8687,Backend,Backend / Security DevOps System Design,Middle,Как отлаживать TLS в production?
8688,Backend,Backend / Security DevOps System Design,Middle,Сравните CORS с альтернативой.
8689,Backend,Backend / Security DevOps System Design,Middle,Как применить CSP в высоконагруженной системе?
8690,Backend,Backend / Security DevOps System Design,Middle,Спроектируйте сервис с использованием secrets management.
8691,Backend,Backend / Security DevOps System Design,Middle,Что такое least privilege?
8692,Backend,Backend / Security DevOps System Design,Middle,Как безопасно настроить audit logs?
8693,Backend,Backend / Security DevOps System Design,Middle,Как проверить Docker?
8694,Backend,Backend / Security DevOps System Design,Middle,Какие уязвимости связаны с multi-stage builds?
8695,Backend,Backend / Security DevOps System Design,Middle,Как Kubernetes используется в CI/CD?
8696,Backend,Backend / Security DevOps System Design,Middle,Как мониторить CI/CD?
8697,Backend,Backend / Security DevOps System Design,Middle,Как отлаживать GitHub Actions в production?
8698,Backend,Backend / Security DevOps System Design,Middle,Сравните Azure DevOps с альтернативой.
8699,Backend,Backend / Security DevOps System Design,Middle,Как применить Terraform в высоконагруженной системе?
8700,Backend,Backend / Security DevOps System Design,Middle,Спроектируйте сервис с использованием Nginx.
8701,Backend,Backend / Security DevOps System Design,Middle,Что такое reverse proxy?
8702,Backend,Backend / Security DevOps System Design,Middle,Как безопасно настроить blue-green release?
8703,Backend,Backend / Security DevOps System Design,Middle,Как проверить canary release?
8704,Backend,Backend / Security DevOps System Design,Middle,Какие уязвимости связаны с logs?
8705,Backend,Backend / Security DevOps System Design,Middle,Как metrics используется в CI/CD?
8706,Backend,Backend / Security DevOps System Design,Middle,Как мониторить traces?
8707,Backend,Backend / Security DevOps System Design,Middle,Как отлаживать OpenTelemetry в production?
8708,Backend,Backend / Security DevOps System Design,Middle,Сравните SLI с альтернативой.
8709,Backend,Backend / Security DevOps System Design,Middle,Как применить SLO в высоконагруженной системе?
8710,Backend,Backend / Security DevOps System Design,Middle,Спроектируйте сервис с использованием SLA.
8711,Backend,Backend / Security DevOps System Design,Middle,Что такое incident response?
8712,Backend,Backend / Security DevOps System Design,Middle,Как безопасно настроить disaster recovery?
8713,Backend,Backend / Security DevOps System Design,Middle,Как проверить RPO?
8714,Backend,Backend / Security DevOps System Design,Middle,Какие уязвимости связаны с RTO?
8715,Backend,Backend / Security DevOps System Design,Middle,Как URL shortener design используется в CI/CD?
8716,Backend,Backend / Security DevOps System Design,Middle,Как мониторить chat system design?
8717,Backend,Backend / Security DevOps System Design,Middle,Как отлаживать notification system design в production?
8718,Backend,Backend / Security DevOps System Design,Middle,Сравните search system design с альтернативой.
8719,Backend,Backend / Security DevOps System Design,Middle,Как применить feed system design в высоконагруженной системе?
8720,Backend,Backend / Security DevOps System Design,Middle,Спроектируйте сервис с использованием file storage design.
8721,Backend,Backend / Security DevOps System Design,Middle,Что такое password hashing?
8722,Backend,Backend / Security DevOps System Design,Middle,Как безопасно настроить Argon2?
8723,Backend,Backend / Security DevOps System Design,Middle,Как проверить bcrypt?
8724,Backend,Backend / Security DevOps System Design,Middle,Какие уязвимости связаны с JWT?
8725,Backend,Backend / Security DevOps System Design,Middle,Как sessions используется в CI/CD?
8726,Backend,Backend / Security DevOps System Design,Middle,Как мониторить refresh tokens?
8727,Backend,Backend / Security DevOps System Design,Middle,Как отлаживать OAuth2 в production?
8728,Backend,Backend / Security DevOps System Design,Middle,Сравните OIDC с альтернативой.
8729,Backend,Backend / Security DevOps System Design,Middle,Как применить RBAC в высоконагруженной системе?
8730,Backend,Backend / Security DevOps System Design,Middle,Спроектируйте сервис с использованием ABAC.
8731,Backend,Backend / Security DevOps System Design,Middle,Что такое CSRF?
8732,Backend,Backend / Security DevOps System Design,Middle,Как безопасно настроить XSS?
8733,Backend,Backend / Security DevOps System Design,Middle,Как проверить SSRF?
8734,Backend,Backend / Security DevOps System Design,Middle,Какие уязвимости связаны с SQL injection?
8735,Backend,Backend / Security DevOps System Design,Middle,Как TLS используется в CI/CD?
8736,Backend,Backend / Security DevOps System Design,Middle,Как мониторить CORS?
8737,Backend,Backend / Security DevOps System Design,Middle,Как отлаживать CSP в production?
8738,Backend,Backend / Security DevOps System Design,Middle,Сравните secrets management с альтернативой.
8739,Backend,Backend / Security DevOps System Design,Middle,Как применить least privilege в высоконагруженной системе?
8740,Backend,Backend / Security DevOps System Design,Middle,Спроектируйте сервис с использованием audit logs.
8741,Backend,Backend / Security DevOps System Design,Middle,Что такое Docker?
8742,Backend,Backend / Security DevOps System Design,Middle,Как безопасно настроить multi-stage builds?
8743,Backend,Backend / Security DevOps System Design,Middle,Как проверить Kubernetes?
8744,Backend,Backend / Security DevOps System Design,Middle,Какие уязвимости связаны с CI/CD?
8745,Backend,Backend / Security DevOps System Design,Middle,Как GitHub Actions используется в CI/CD?
8746,Backend,Backend / Security DevOps System Design,Middle,Как мониторить Azure DevOps?
8747,Backend,Backend / Security DevOps System Design,Middle,Как отлаживать Terraform в production?
8748,Backend,Backend / Security DevOps System Design,Middle,Сравните Nginx с альтернативой.
8749,Backend,Backend / Security DevOps System Design,Middle,Как применить reverse proxy в высоконагруженной системе?
8750,Backend,Backend / Security DevOps System Design,Middle,Спроектируйте сервис с использованием blue-green release.
8751,Backend,Backend / Security DevOps System Design,Senior,Что такое canary release?
8752,Backend,Backend / Security DevOps System Design,Senior,Как безопасно настроить logs?
8753,Backend,Backend / Security DevOps System Design,Senior,Как проверить metrics?
8754,Backend,Backend / Security DevOps System Design,Senior,Какие уязвимости связаны с traces?
8755,Backend,Backend / Security DevOps System Design,Senior,Как OpenTelemetry используется в CI/CD?
8756,Backend,Backend / Security DevOps System Design,Senior,Как мониторить SLI?
8757,Backend,Backend / Security DevOps System Design,Senior,Как отлаживать SLO в production?
8758,Backend,Backend / Security DevOps System Design,Senior,Сравните SLA с альтернативой.
8759,Backend,Backend / Security DevOps System Design,Senior,Как применить incident response в высоконагруженной системе?
8760,Backend,Backend / Security DevOps System Design,Senior,Спроектируйте сервис с использованием disaster recovery.
8761,Backend,Backend / Security DevOps System Design,Senior,Что такое RPO?
8762,Backend,Backend / Security DevOps System Design,Senior,Как безопасно настроить RTO?
8763,Backend,Backend / Security DevOps System Design,Senior,Как проверить URL shortener design?
8764,Backend,Backend / Security DevOps System Design,Senior,Какие уязвимости связаны с chat system design?
8765,Backend,Backend / Security DevOps System Design,Senior,Как notification system design используется в CI/CD?
8766,Backend,Backend / Security DevOps System Design,Senior,Как мониторить search system design?
8767,Backend,Backend / Security DevOps System Design,Senior,Как отлаживать feed system design в production?
8768,Backend,Backend / Security DevOps System Design,Senior,Сравните file storage design с альтернативой.
8769,Backend,Backend / Security DevOps System Design,Senior,Как применить password hashing в высоконагруженной системе?
8770,Backend,Backend / Security DevOps System Design,Senior,Спроектируйте сервис с использованием Argon2.
8771,Backend,Backend / Security DevOps System Design,Senior,Что такое bcrypt?
8772,Backend,Backend / Security DevOps System Design,Senior,Как безопасно настроить JWT?
8773,Backend,Backend / Security DevOps System Design,Senior,Как проверить sessions?
8774,Backend,Backend / Security DevOps System Design,Senior,Какие уязвимости связаны с refresh tokens?
8775,Backend,Backend / Security DevOps System Design,Senior,Как OAuth2 используется в CI/CD?
8776,Backend,Backend / Security DevOps System Design,Senior,Как мониторить OIDC?
8777,Backend,Backend / Security DevOps System Design,Senior,Как отлаживать RBAC в production?
8778,Backend,Backend / Security DevOps System Design,Senior,Сравните ABAC с альтернативой.
8779,Backend,Backend / Security DevOps System Design,Senior,Как применить CSRF в высоконагруженной системе?
8780,Backend,Backend / Security DevOps System Design,Senior,Спроектируйте сервис с использованием XSS.
8781,Backend,Backend / Security DevOps System Design,Senior,Что такое SSRF?
8782,Backend,Backend / Security DevOps System Design,Senior,Как безопасно настроить SQL injection?
8783,Backend,Backend / Security DevOps System Design,Senior,Как проверить TLS?
8784,Backend,Backend / Security DevOps System Design,Senior,Какие уязвимости связаны с CORS?
8785,Backend,Backend / Security DevOps System Design,Senior,Как CSP используется в CI/CD?
8786,Backend,Backend / Security DevOps System Design,Senior,Как мониторить secrets management?
8787,Backend,Backend / Security DevOps System Design,Senior,Как отлаживать least privilege в production?
8788,Backend,Backend / Security DevOps System Design,Senior,Сравните audit logs с альтернативой.
8789,Backend,Backend / Security DevOps System Design,Senior,Как применить Docker в высоконагруженной системе?
8790,Backend,Backend / Security DevOps System Design,Senior,Спроектируйте сервис с использованием multi-stage builds.
8791,Backend,Backend / Security DevOps System Design,Senior,Что такое Kubernetes?
8792,Backend,Backend / Security DevOps System Design,Senior,Как безопасно настроить CI/CD?
8793,Backend,Backend / Security DevOps System Design,Senior,Как проверить GitHub Actions?
8794,Backend,Backend / Security DevOps System Design,Senior,Какие уязвимости связаны с Azure DevOps?
8795,Backend,Backend / Security DevOps System Design,Senior,Как Terraform используется в CI/CD?
8796,Backend,Backend / Security DevOps System Design,Senior,Как мониторить Nginx?
8797,Backend,Backend / Security DevOps System Design,Senior,Как отлаживать reverse proxy в production?
8798,Backend,Backend / Security DevOps System Design,Senior,Сравните blue-green release с альтернативой.
8799,Backend,Backend / Security DevOps System Design,Senior,Как применить canary release в высоконагруженной системе?
8800,Backend,Backend / Security DevOps System Design,Senior,Спроектируйте сервис с использованием logs.
8801,Backend,Backend / Security DevOps System Design,Senior,Что такое metrics?
8802,Backend,Backend / Security DevOps System Design,Senior,Как безопасно настроить traces?
8803,Backend,Backend / Security DevOps System Design,Senior,Как проверить OpenTelemetry?
8804,Backend,Backend / Security DevOps System Design,Senior,Какие уязвимости связаны с SLI?
8805,Backend,Backend / Security DevOps System Design,Senior,Как SLO используется в CI/CD?
8806,Backend,Backend / Security DevOps System Design,Senior,Как мониторить SLA?
8807,Backend,Backend / Security DevOps System Design,Senior,Как отлаживать incident response в production?
8808,Backend,Backend / Security DevOps System Design,Senior,Сравните disaster recovery с альтернативой.
8809,Backend,Backend / Security DevOps System Design,Senior,Как применить RPO в высоконагруженной системе?
8810,Backend,Backend / Security DevOps System Design,Senior,Спроектируйте сервис с использованием RTO.
8811,Backend,Backend / Security DevOps System Design,Senior,Что такое URL shortener design?
8812,Backend,Backend / Security DevOps System Design,Senior,Как безопасно настроить chat system design?
8813,Backend,Backend / Security DevOps System Design,Senior,Как проверить notification system design?
8814,Backend,Backend / Security DevOps System Design,Senior,Какие уязвимости связаны с search system design?
8815,Backend,Backend / Security DevOps System Design,Senior,Как feed system design используется в CI/CD?
8816,Backend,Backend / Security DevOps System Design,Senior,Как мониторить file storage design?
8817,Backend,Backend / Security DevOps System Design,Senior,Как отлаживать password hashing в production?
8818,Backend,Backend / Security DevOps System Design,Senior,Сравните Argon2 с альтернативой.
8819,Backend,Backend / Security DevOps System Design,Senior,Как применить bcrypt в высоконагруженной системе?
8820,Backend,Backend / Security DevOps System Design,Senior,Спроектируйте сервис с использованием JWT.
8821,Backend,Backend / Security DevOps System Design,Senior,Что такое sessions?
8822,Backend,Backend / Security DevOps System Design,Senior,Как безопасно настроить refresh tokens?
8823,Backend,Backend / Security DevOps System Design,Senior,Как проверить OAuth2?
8824,Backend,Backend / Security DevOps System Design,Senior,Какие уязвимости связаны с OIDC?
8825,Backend,Backend / Security DevOps System Design,Senior,Как RBAC используется в CI/CD?
8826,Backend,Backend / Security DevOps System Design,Senior,Как мониторить ABAC?
8827,Backend,Backend / Security DevOps System Design,Senior,Как отлаживать CSRF в production?
8828,Backend,Backend / Security DevOps System Design,Senior,Сравните XSS с альтернативой.
8829,Backend,Backend / Security DevOps System Design,Senior,Как применить SSRF в высоконагруженной системе?
8830,Backend,Backend / Security DevOps System Design,Senior,Спроектируйте сервис с использованием SQL injection.
8831,Backend,Backend / Security DevOps System Design,Senior,Что такое TLS?
8832,Backend,Backend / Security DevOps System Design,Senior,Как безопасно настроить CORS?
8833,Backend,Backend / Security DevOps System Design,Senior,Как проверить CSP?
8834,Backend,Backend / Security DevOps System Design,Senior,Какие уязвимости связаны с secrets management?
8835,Backend,Backend / Security DevOps System Design,Senior,Как least privilege используется в CI/CD?
8836,Backend,Backend / Security DevOps System Design,Senior,Как мониторить audit logs?
8837,Backend,Backend / Security DevOps System Design,Senior,Как отлаживать Docker в production?
8838,Backend,Backend / Security DevOps System Design,Senior,Сравните multi-stage builds с альтернативой.
8839,Backend,Backend / Security DevOps System Design,Senior,Как применить Kubernetes в высоконагруженной системе?
8840,Backend,Backend / Security DevOps System Design,Senior,Спроектируйте сервис с использованием CI/CD.
8841,Backend,Backend / Security DevOps System Design,Senior,Что такое GitHub Actions?
8842,Backend,Backend / Security DevOps System Design,Senior,Как безопасно настроить Azure DevOps?
8843,Backend,Backend / Security DevOps System Design,Senior,Как проверить Terraform?
8844,Backend,Backend / Security DevOps System Design,Senior,Какие уязвимости связаны с Nginx?
8845,Backend,Backend / Security DevOps System Design,Senior,Как reverse proxy используется в CI/CD?
8846,Backend,Backend / Security DevOps System Design,Senior,Как мониторить blue-green release?
8847,Backend,Backend / Security DevOps System Design,Senior,Как отлаживать canary release в production?
8848,Backend,Backend / Security DevOps System Design,Senior,Сравните logs с альтернативой.
8849,Backend,Backend / Security DevOps System Design,Senior,Как применить metrics в высоконагруженной системе?
8850,Backend,Backend / Security DevOps System Design,Senior,Спроектируйте сервис с использованием traces.
8851,Backend,Backend / Security DevOps System Design,Senior,Что такое OpenTelemetry?
8852,Backend,Backend / Security DevOps System Design,Senior,Как безопасно настроить SLI?
8853,Backend,Backend / Security DevOps System Design,Senior,Как проверить SLO?
8854,Backend,Backend / Security DevOps System Design,Senior,Какие уязвимости связаны с SLA?
8855,Backend,Backend / Security DevOps System Design,Senior,Как incident response используется в CI/CD?
8856,Backend,Backend / Security DevOps System Design,Senior,Как мониторить disaster recovery?
8857,Backend,Backend / Security DevOps System Design,Senior,Как отлаживать RPO в production?
8858,Backend,Backend / Security DevOps System Design,Senior,Сравните RTO с альтернативой.
8859,Backend,Backend / Security DevOps System Design,Senior,Как применить URL shortener design в высоконагруженной системе?
8860,Backend,Backend / Security DevOps System Design,Senior,Спроектируйте сервис с использованием chat system design.
8861,Backend,Backend / Security DevOps System Design,Senior,Что такое notification system design?
8862,Backend,Backend / Security DevOps System Design,Senior,Как безопасно настроить search system design?
8863,Backend,Backend / Security DevOps System Design,Senior,Как проверить feed system design?
8864,Backend,Backend / Security DevOps System Design,Senior,Какие уязвимости связаны с file storage design?
8865,Backend,Backend / Security DevOps System Design,Senior,Как password hashing используется в CI/CD?
8866,Backend,Backend / Security DevOps System Design,Senior,Как мониторить Argon2?
8867,Backend,Backend / Security DevOps System Design,Senior,Как отлаживать bcrypt в production?
8868,Backend,Backend / Security DevOps System Design,Senior,Сравните JWT с альтернативой.
8869,Backend,Backend / Security DevOps System Design,Senior,Как применить sessions в высоконагруженной системе?
8870,Backend,Backend / Security DevOps System Design,Senior,Спроектируйте сервис с использованием refresh tokens.
8871,Backend,Backend / Security DevOps System Design,Senior,Что такое OAuth2?
8872,Backend,Backend / Security DevOps System Design,Senior,Как безопасно настроить OIDC?
8873,Backend,Backend / Security DevOps System Design,Senior,Как проверить RBAC?
8874,Backend,Backend / Security DevOps System Design,Senior,Какие уязвимости связаны с ABAC?
8875,Backend,Backend / Security DevOps System Design,Senior,Как CSRF используется в CI/CD?
8876,Backend,Backend / Security DevOps System Design,Senior,Как мониторить XSS?
8877,Backend,Backend / Security DevOps System Design,Senior,Как отлаживать SSRF в production?
8878,Backend,Backend / Security DevOps System Design,Senior,Сравните SQL injection с альтернативой.
8879,Backend,Backend / Security DevOps System Design,Senior,Как применить TLS в высоконагруженной системе?
8880,Backend,Backend / Security DevOps System Design,Senior,Спроектируйте сервис с использованием CORS.
8881,Backend,Backend / Security DevOps System Design,Senior,Что такое CSP?
8882,Backend,Backend / Security DevOps System Design,Senior,Как безопасно настроить secrets management?
8883,Backend,Backend / Security DevOps System Design,Senior,Как проверить least privilege?
8884,Backend,Backend / Security DevOps System Design,Senior,Какие уязвимости связаны с audit logs?
8885,Backend,Backend / Security DevOps System Design,Senior,Как Docker используется в CI/CD?
8886,Backend,Backend / Security DevOps System Design,Senior,Как мониторить multi-stage builds?
8887,Backend,Backend / Security DevOps System Design,Senior,Как отлаживать Kubernetes в production?
8888,Backend,Backend / Security DevOps System Design,Senior,Сравните CI/CD с альтернативой.
8889,Backend,Backend / Security DevOps System Design,Senior,Как применить GitHub Actions в высоконагруженной системе?
8890,Backend,Backend / Security DevOps System Design,Senior,Спроектируйте сервис с использованием Azure DevOps.
8891,Backend,Backend / Security DevOps System Design,Senior,Что такое Terraform?
8892,Backend,Backend / Security DevOps System Design,Senior,Как безопасно настроить Nginx?
8893,Backend,Backend / Security DevOps System Design,Senior,Как проверить reverse proxy?
8894,Backend,Backend / Security DevOps System Design,Senior,Какие уязвимости связаны с blue-green release?
8895,Backend,Backend / Security DevOps System Design,Senior,Как canary release используется в CI/CD?
8896,Backend,Backend / Security DevOps System Design,Senior,Как мониторить logs?
8897,Backend,Backend / Security DevOps System Design,Senior,Как отлаживать metrics в production?
8898,Backend,Backend / Security DevOps System Design,Senior,Сравните traces с альтернативой.
8899,Backend,Backend / Security DevOps System Design,Senior,Как применить OpenTelemetry в высоконагруженной системе?
8900,Backend,Backend / Security DevOps System Design,Senior,Спроектируйте сервис с использованием SLI.
8901,Backend,Backend / Security DevOps System Design,Senior,Что такое SLO?
8902,Backend,Backend / Security DevOps System Design,Senior,Как безопасно настроить SLA?
8903,Backend,Backend / Security DevOps System Design,Senior,Как проверить incident response?
8904,Backend,Backend / Security DevOps System Design,Senior,Какие уязвимости связаны с disaster recovery?
8905,Backend,Backend / Security DevOps System Design,Senior,Как RPO используется в CI/CD?
8906,Backend,Backend / Security DevOps System Design,Senior,Как мониторить RTO?
8907,Backend,Backend / Security DevOps System Design,Senior,Как отлаживать URL shortener design в production?
8908,Backend,Backend / Security DevOps System Design,Senior,Сравните chat system design с альтернативой.
8909,Backend,Backend / Security DevOps System Design,Senior,Как применить notification system design в высоконагруженной системе?
8910,Backend,Backend / Security DevOps System Design,Senior,Спроектируйте сервис с использованием search system design.
8911,Backend,Backend / Security DevOps System Design,Senior,Что такое feed system design?
8912,Backend,Backend / Security DevOps System Design,Senior,Как безопасно настроить file storage design?
8913,Backend,Backend / Security DevOps System Design,Senior,Как проверить password hashing?
8914,Backend,Backend / Security DevOps System Design,Senior,Какие уязвимости связаны с Argon2?
8915,Backend,Backend / Security DevOps System Design,Senior,Как bcrypt используется в CI/CD?
8916,Backend,Backend / Security DevOps System Design,Senior,Как мониторить JWT?
8917,Backend,Backend / Security DevOps System Design,Senior,Как отлаживать sessions в production?
8918,Backend,Backend / Security DevOps System Design,Senior,Сравните refresh tokens с альтернативой.
8919,Backend,Backend / Security DevOps System Design,Senior,Как применить OAuth2 в высоконагруженной системе?
8920,Backend,Backend / Security DevOps System Design,Senior,Спроектируйте сервис с использованием OIDC.
8921,Backend,Backend / Security DevOps System Design,Senior,Что такое RBAC?
8922,Backend,Backend / Security DevOps System Design,Senior,Как безопасно настроить ABAC?
8923,Backend,Backend / Security DevOps System Design,Senior,Как проверить CSRF?
8924,Backend,Backend / Security DevOps System Design,Senior,Какие уязвимости связаны с XSS?
8925,Backend,Backend / Security DevOps System Design,Senior,Как SSRF используется в CI/CD?
8926,Backend,Backend / Security DevOps System Design,Senior,Как мониторить SQL injection?
8927,Backend,Backend / Security DevOps System Design,Senior,Как отлаживать TLS в production?
8928,Backend,Backend / Security DevOps System Design,Senior,Сравните CORS с альтернативой.
8929,Backend,Backend / Security DevOps System Design,Senior,Как применить CSP в высоконагруженной системе?
8930,Backend,Backend / Security DevOps System Design,Senior,Спроектируйте сервис с использованием secrets management.
8931,Backend,Backend / Security DevOps System Design,Senior,Что такое least privilege?
8932,Backend,Backend / Security DevOps System Design,Senior,Как безопасно настроить audit logs?
8933,Backend,Backend / Security DevOps System Design,Senior,Как проверить Docker?
8934,Backend,Backend / Security DevOps System Design,Senior,Какие уязвимости связаны с multi-stage builds?
8935,Backend,Backend / Security DevOps System Design,Senior,Как Kubernetes используется в CI/CD?
8936,Backend,Backend / Security DevOps System Design,Senior,Как мониторить CI/CD?
8937,Backend,Backend / Security DevOps System Design,Senior,Как отлаживать GitHub Actions в production?
8938,Backend,Backend / Security DevOps System Design,Senior,Сравните Azure DevOps с альтернативой.
8939,Backend,Backend / Security DevOps System Design,Senior,Как применить Terraform в высоконагруженной системе?
8940,Backend,Backend / Security DevOps System Design,Senior,Спроектируйте сервис с использованием Nginx.
8941,Backend,Backend / Security DevOps System Design,Senior,Что такое reverse proxy?
8942,Backend,Backend / Security DevOps System Design,Senior,Как безопасно настроить blue-green release?
8943,Backend,Backend / Security DevOps System Design,Senior,Как проверить canary release?
8944,Backend,Backend / Security DevOps System Design,Senior,Какие уязвимости связаны с logs?
8945,Backend,Backend / Security DevOps System Design,Senior,Как metrics используется в CI/CD?
8946,Backend,Backend / Security DevOps System Design,Senior,Как мониторить traces?
8947,Backend,Backend / Security DevOps System Design,Senior,Как отлаживать OpenTelemetry в production?
8948,Backend,Backend / Security DevOps System Design,Senior,Сравните SLI с альтернативой.
8949,Backend,Backend / Security DevOps System Design,Senior,Как применить SLO в высоконагруженной системе?
8950,Backend,Backend / Security DevOps System Design,Senior,Спроектируйте сервис с использованием SLA.
8951,Backend,Backend / Security DevOps System Design,Senior,Что такое incident response?
8952,Backend,Backend / Security DevOps System Design,Senior,Как безопасно настроить disaster recovery?
8953,Backend,Backend / Security DevOps System Design,Senior,Как проверить RPO?
8954,Backend,Backend / Security DevOps System Design,Senior,Какие уязвимости связаны с RTO?
8955,Backend,Backend / Security DevOps System Design,Senior,Как URL shortener design используется в CI/CD?
8956,Backend,Backend / Security DevOps System Design,Senior,Как мониторить chat system design?
8957,Backend,Backend / Security DevOps System Design,Senior,Как отлаживать notification system design в production?
8958,Backend,Backend / Security DevOps System Design,Senior,Сравните search system design с альтернативой.
8959,Backend,Backend / Security DevOps System Design,Senior,Как применить feed system design в высоконагруженной системе?
8960,Backend,Backend / Security DevOps System Design,Senior,Спроектируйте сервис с использованием file storage design.
8961,Backend,Backend / Security DevOps System Design,Senior,Что такое password hashing?
8962,Backend,Backend / Security DevOps System Design,Senior,Как безопасно настроить Argon2?
8963,Backend,Backend / Security DevOps System Design,Senior,Как проверить bcrypt?
8964,Backend,Backend / Security DevOps System Design,Senior,Какие уязвимости связаны с JWT?
8965,Backend,Backend / Security DevOps System Design,Senior,Как sessions используется в CI/CD?
8966,Backend,Backend / Security DevOps System Design,Senior,Как мониторить refresh tokens?
8967,Backend,Backend / Security DevOps System Design,Senior,Как отлаживать OAuth2 в production?
8968,Backend,Backend / Security DevOps System Design,Senior,Сравните OIDC с альтернативой.
8969,Backend,Backend / Security DevOps System Design,Senior,Как применить RBAC в высоконагруженной системе?
8970,Backend,Backend / Security DevOps System Design,Senior,Спроектируйте сервис с использованием ABAC.
8971,Backend,Backend / Security DevOps System Design,Senior,Что такое CSRF?
8972,Backend,Backend / Security DevOps System Design,Senior,Как безопасно настроить XSS?
8973,Backend,Backend / Security DevOps System Design,Senior,Как проверить SSRF?
8974,Backend,Backend / Security DevOps System Design,Senior,Какие уязвимости связаны с SQL injection?
8975,Backend,Backend / Security DevOps System Design,Senior,Как TLS используется в CI/CD?
8976,Backend,Backend / Security DevOps System Design,Senior,Как мониторить CORS?
8977,Backend,Backend / Security DevOps System Design,Senior,Как отлаживать CSP в production?
8978,Backend,Backend / Security DevOps System Design,Senior,Сравните secrets management с альтернативой.
8979,Backend,Backend / Security DevOps System Design,Senior,Как применить least privilege в высоконагруженной системе?
8980,Backend,Backend / Security DevOps System Design,Senior,Спроектируйте сервис с использованием audit logs.
8981,Backend,Backend / Security DevOps System Design,Senior,Что такое Docker?
8982,Backend,Backend / Security DevOps System Design,Senior,Как безопасно настроить multi-stage builds?
8983,Backend,Backend / Security DevOps System Design,Senior,Как проверить Kubernetes?
8984,Backend,Backend / Security DevOps System Design,Senior,Какие уязвимости связаны с CI/CD?
8985,Backend,Backend / Security DevOps System Design,Senior,Как GitHub Actions используется в CI/CD?
8986,Backend,Backend / Security DevOps System Design,Senior,Как мониторить Azure DevOps?
8987,Backend,Backend / Security DevOps System Design,Senior,Как отлаживать Terraform в production?
8988,Backend,Backend / Security DevOps System Design,Senior,Сравните Nginx с альтернативой.
8989,Backend,Backend / Security DevOps System Design,Senior,Как применить reverse proxy в высоконагруженной системе?
8990,Backend,Backend / Security DevOps System Design,Senior,Спроектируйте сервис с использованием blue-green release.
8991,Backend,Backend / Security DevOps System Design,Senior,Что такое canary release?
8992,Backend,Backend / Security DevOps System Design,Senior,Как безопасно настроить logs?
8993,Backend,Backend / Security DevOps System Design,Senior,Как проверить metrics?
8994,Backend,Backend / Security DevOps System Design,Senior,Какие уязвимости связаны с traces?
8995,Backend,Backend / Security DevOps System Design,Senior,Как OpenTelemetry используется в CI/CD?
8996,Backend,Backend / Security DevOps System Design,Senior,Как мониторить SLI?
8997,Backend,Backend / Security DevOps System Design,Senior,Как отлаживать SLO в production?
8998,Backend,Backend / Security DevOps System Design,Senior,Сравните SLA с альтернативой.
8999,Backend,Backend / Security DevOps System Design,Senior,Как применить incident response в высоконагруженной системе?
9000,Backend,Backend / Security DevOps System Design,Senior,Спроектируйте сервис с использованием disaster recovery.
