id,area,section,level,question,question_en
401,Backend,Node.js API,Junior,Что такое accessibility (advanced)?,What is accessibility (advanced)?
402,Backend,Node.js API,Junior,Как работает CSS Grid (advanced)?,How does CSS Grid work (advanced)?
403,Backend,Node.js API,Junior,Когда использовать HTTP caching (advanced)?,When should you use HTTP caching (advanced)?
404,Backend,Node.js API,Junior,Какие проблемы возникают при использовании CORS (advanced)?,What problems can arise when using CORS (advanced)?
405,Backend,Node.js API,Junior,Как протестировать React hooks (advanced)?,How do you test React hooks (advanced)?
406,Backend,Node.js API,Junior,Как оптимизировать state management (advanced)?,How do you optimize state management (advanced)?
407,Backend,Node.js API,Junior,Сравните SSR с альтернативным подходом.,Compare SSR with an alternative approach.
408,Backend,Node.js API,Junior,Какие ошибки часто допускают при работе с testing (advanced)?,What common mistakes are made when working with testing (advanced)?
409,Backend,Node.js API,Junior,Как XSS влияет на производительность (advanced)?,How does XSS affect performance (advanced)?
410,Backend,Node.js API,Junior,Приведите production-пример использования Node.js streams.,Give a production example of using Node.js streams.
411,Backend,Node.js API,Junior,Что такое REST API (advanced)?,What is REST API (advanced)?
412,Backend,Node.js API,Junior,Как работает transactions (advanced)?,How does transactions work (advanced)?
413,Backend,Node.js API,Junior,Когда использовать indexes (advanced)?,When should you use indexes (advanced)?
414,Backend,Node.js API,Junior,Какие проблемы возникают при использовании Redis caching (advanced)?,What problems can arise when using Redis caching (advanced)?
415,Backend,Node.js API,Junior,Как протестировать message queues (advanced)?,How do you test message queues (advanced)?
416,Backend,Node.js API,Junior,Как оптимизировать microservices (advanced)?,How do you optimize microservices (advanced)?
417,Backend,Node.js API,Junior,Сравните JWT с альтернативным подходом.,Compare JWT with an alternative approach.
418,Backend,Node.js API,Junior,Какие ошибки часто допускают при работе с Docker (advanced)?,What common mistakes are made when working with Docker (advanced)?
419,Backend,Node.js API,Junior,Как observability влияет на производительность (advanced)?,How does observability affect performance (advanced)?
420,Backend,Node.js API,Junior,Приведите production-пример использования system design.,Give a production example of using system design.
421,Backend,Node.js API,Junior,Что такое closures (advanced)?,What is closures (advanced)?
422,Backend,Node.js API,Junior,Как работает event loop (advanced)?,How does event loop work (advanced)?
423,Backend,Node.js API,Junior,Когда использовать promises (advanced)?,When should you use promises (advanced)?
424,Backend,Node.js API,Junior,Какие проблемы возникают при использовании async/await (advanced)?,What problems can arise when using async/await (advanced)?
425,Backend,Node.js API,Junior,Как протестировать prototypes (advanced)?,How do you test prototypes (advanced)?
426,Backend,Node.js API,Junior,Как оптимизировать TypeScript generics (advanced)?,How do you optimize TypeScript generics (advanced)?
427,Backend,Node.js API,Junior,Сравните accessibility с альтернативным подходом.,Compare accessibility with an alternative approach.
428,Backend,Node.js API,Junior,Какие ошибки часто допускают при работе с CSS Grid (advanced)?,What common mistakes are made when working with CSS Grid (advanced)?
429,Backend,Node.js API,Junior,Как HTTP caching влияет на производительность (advanced)?,How does HTTP caching affect performance (advanced)?
430,Backend,Node.js API,Junior,Приведите production-пример использования CORS.,Give a production example of using CORS.
431,Backend,Node.js API,Middle,Что такое React hooks (advanced)?,What is React hooks (advanced)?
432,Backend,Node.js API,Middle,Как работает state management (advanced)?,How does state management work (advanced)?
433,Backend,Node.js API,Middle,Когда использовать SSR (advanced)?,When should you use SSR (advanced)?
434,Backend,Node.js API,Middle,Какие проблемы возникают при использовании testing (advanced)?,What problems can arise when using testing (advanced)?
435,Backend,Node.js API,Middle,Как протестировать XSS (advanced)?,How do you test XSS (advanced)?
436,Backend,Node.js API,Middle,Как оптимизировать Node.js streams (advanced)?,How do you optimize Node.js streams (advanced)?
437,Backend,Node.js API,Middle,Сравните REST API с альтернативным подходом.,Compare REST API with an alternative approach.
438,Backend,Node.js API,Middle,Какие ошибки часто допускают при работе с transactions (advanced)?,What common mistakes are made when working with transactions (advanced)?
439,Backend,Node.js API,Middle,Как indexes влияет на производительность (advanced)?,How does indexes affect performance (advanced)?
440,Backend,Node.js API,Middle,Приведите production-пример использования Redis caching.,Give a production example of using Redis caching.
441,Backend,Node.js API,Middle,Что такое message queues (advanced)?,What is message queues (advanced)?
442,Backend,Node.js API,Middle,Как работает microservices (advanced)?,How does microservices work (advanced)?
443,Backend,Node.js API,Middle,Когда использовать JWT (advanced)?,When should you use JWT (advanced)?
444,Backend,Node.js API,Middle,Какие проблемы возникают при использовании Docker (advanced)?,What problems can arise when using Docker (advanced)?
445,Backend,Node.js API,Middle,Как протестировать observability (advanced)?,How do you test observability (advanced)?
446,Backend,Node.js API,Middle,Как оптимизировать system design (advanced)?,How do you optimize system design (advanced)?
447,Backend,Node.js API,Middle,Сравните closures с альтернативным подходом.,Compare closures with an alternative approach.
448,Backend,Node.js API,Middle,Какие ошибки часто допускают при работе с event loop (advanced)?,What common mistakes are made when working with event loop (advanced)?
449,Backend,Node.js API,Middle,Как promises влияет на производительность (advanced)?,How does promises affect performance (advanced)?
450,Backend,Node.js API,Middle,Приведите production-пример использования async/await.,Give a production example of using async/await.
451,Backend,Node.js API,Middle,Что такое prototypes (advanced)?,What is prototypes (advanced)?
452,Backend,Node.js API,Middle,Как работает TypeScript generics (advanced)?,How does TypeScript generics work (advanced)?
453,Backend,Node.js API,Middle,Когда использовать accessibility (advanced)?,When should you use accessibility (advanced)?
454,Backend,Node.js API,Middle,Какие проблемы возникают при использовании CSS Grid (advanced)?,What problems can arise when using CSS Grid (advanced)?
455,Backend,Node.js API,Middle,Как протестировать HTTP caching (advanced)?,How do you test HTTP caching (advanced)?
456,Backend,Node.js API,Middle,Как оптимизировать CORS (advanced)?,How do you optimize CORS (advanced)?
457,Backend,Node.js API,Middle,Сравните React hooks с альтернативным подходом.,Compare React hooks with an alternative approach.
458,Backend,Node.js API,Middle,Какие ошибки часто допускают при работе с state management (advanced)?,What common mistakes are made when working with state management (advanced)?
459,Backend,Node.js API,Middle,Как SSR влияет на производительность (advanced)?,How does SSR affect performance (advanced)?
460,Backend,Node.js API,Middle,Приведите production-пример использования testing.,Give a production example of using testing.
461,Backend,Node.js API,Middle,Что такое XSS (advanced)?,What is XSS (advanced)?
462,Backend,Node.js API,Middle,Как работает Node.js streams (advanced)?,How does Node.js streams work (advanced)?
463,Backend,Node.js API,Middle,Когда использовать REST API (advanced)?,When should you use REST API (advanced)?
464,Backend,Node.js API,Middle,Какие проблемы возникают при использовании transactions (advanced)?,What problems can arise when using transactions (advanced)?
465,Backend,Node.js API,Middle,Как протестировать indexes (advanced)?,How do you test indexes (advanced)?
466,Backend,Node.js API,Middle,Как оптимизировать Redis caching (advanced)?,How do you optimize Redis caching (advanced)?
467,Backend,Node.js API,Middle,Сравните message queues с альтернативным подходом.,Compare message queues with an alternative approach.
468,Backend,Node.js API,Middle,Какие ошибки часто допускают при работе с microservices (advanced)?,What common mistakes are made when working with microservices (advanced)?
469,Backend,Node.js API,Middle,Как JWT влияет на производительность (advanced)?,How does JWT affect performance (advanced)?
470,Backend,Node.js API,Middle,Приведите production-пример использования Docker.,Give a production example of using Docker.
471,Backend,Node.js API,Middle,Что такое observability (advanced)?,What is observability (advanced)?
472,Backend,Node.js API,Middle,Как работает system design (advanced)?,How does system design work (advanced)?
473,Backend,Node.js API,Middle,Когда использовать closures (advanced)?,When should you use closures (advanced)?
474,Backend,Node.js API,Middle,Какие проблемы возникают при использовании event loop (advanced)?,What problems can arise when using event loop (advanced)?
475,Backend,Node.js API,Middle,Как протестировать promises (advanced)?,How do you test promises (advanced)?
476,Backend,Node.js API,Senior,Как оптимизировать async/await (advanced)?,How do you optimize async/await (advanced)?
477,Backend,Node.js API,Senior,Сравните prototypes с альтернативным подходом.,Compare prototypes with an alternative approach.
478,Backend,Node.js API,Senior,Какие ошибки часто допускают при работе с TypeScript generics (advanced)?,What common mistakes are made when working with TypeScript generics (advanced)?
479,Backend,Node.js API,Senior,Как accessibility влияет на производительность (advanced)?,How does accessibility affect performance (advanced)?
480,Backend,Node.js API,Senior,Приведите production-пример использования CSS Grid.,Give a production example of using CSS Grid.
481,Backend,Node.js API,Senior,Что такое HTTP caching (advanced)?,What is HTTP caching (advanced)?
482,Backend,Node.js API,Senior,Как работает CORS (advanced)?,How does CORS work (advanced)?
483,Backend,Node.js API,Senior,Когда использовать React hooks (advanced)?,When should you use React hooks (advanced)?
484,Backend,Node.js API,Senior,Какие проблемы возникают при использовании state management (advanced)?,What problems can arise when using state management (advanced)?
485,Backend,Node.js API,Senior,Как протестировать SSR (advanced)?,How do you test SSR (advanced)?
486,Backend,Node.js API,Senior,Как оптимизировать testing (advanced)?,How do you optimize testing (advanced)?
487,Backend,Node.js API,Senior,Сравните XSS с альтернативным подходом.,Compare XSS with an alternative approach.
488,Backend,Node.js API,Senior,Какие ошибки часто допускают при работе с Node.js streams (advanced)?,What common mistakes are made when working with Node.js streams (advanced)?
489,Backend,Node.js API,Senior,Как REST API влияет на производительность (advanced)?,How does REST API affect performance (advanced)?
490,Backend,Node.js API,Senior,Приведите production-пример использования transactions.,Give a production example of using transactions.
491,Backend,Node.js API,Senior,Что такое indexes (advanced)?,What is indexes (advanced)?
492,Backend,Node.js API,Senior,Как работает Redis caching (advanced)?,How does Redis caching work (advanced)?
493,Backend,Node.js API,Senior,Когда использовать message queues (advanced)?,When should you use message queues (advanced)?
494,Backend,Node.js API,Senior,Какие проблемы возникают при использовании microservices (advanced)?,What problems can arise when using microservices (advanced)?
495,Backend,Node.js API,Senior,Как протестировать JWT (advanced)?,How do you test JWT (advanced)?
496,Backend,Node.js API,Senior,Как оптимизировать Docker (advanced)?,How do you optimize Docker (advanced)?
497,Backend,Node.js API,Senior,Сравните observability с альтернативным подходом.,Compare observability with an alternative approach.
498,Backend,Node.js API,Senior,Какие ошибки часто допускают при работе с system design (advanced)?,What common mistakes are made when working with system design (advanced)?
499,Backend,Node.js API,Senior,Как closures влияет на производительность (advanced)?,How does closures affect performance (advanced)?
500,Backend,Node.js API,Senior,Приведите production-пример использования event loop.,Give a production example of using event loop.
501,Backend,Node.js API,Junior,Что такое accessibility?,What is accessibility?
501,Backend,Databases,Junior,Что такое promises (advanced)?,What is promises (advanced)?
502,Backend,Node.js API,Junior,Как работает CSS Grid?,How does CSS Grid work?
502,Backend,Databases,Junior,Как работает async/await (advanced)?,How does async/await work (advanced)?
503,Backend,Node.js API,Junior,Когда использовать HTTP caching?,When should you use HTTP caching?
503,Backend,Databases,Junior,Когда использовать prototypes (advanced)?,When should you use prototypes (advanced)?
504,Backend,Node.js API,Junior,Какие проблемы возникают при использовании CORS?,What problems can arise when using CORS?
504,Backend,Databases,Junior,Какие проблемы возникают при использовании TypeScript generics (advanced)?,What problems can arise when using TypeScript generics (advanced)?
505,Backend,Node.js API,Junior,Как протестировать React hooks?,How do you test React hooks?
505,Backend,Databases,Junior,Как протестировать accessibility (advanced)?,How do you test accessibility (advanced)?
506,Backend,Node.js API,Junior,Как оптимизировать state management?,How do you optimize state management?
506,Backend,Databases,Junior,Как оптимизировать CSS Grid (advanced)?,How do you optimize CSS Grid (advanced)?
507,Backend,Node.js API,Junior,Сравните SSR с альтернативным подходом.,Compare SSR with an alternative approach.
507,Backend,Databases,Junior,Сравните HTTP caching с альтернативным подходом.,Compare HTTP caching with an alternative approach.
508,Backend,Node.js API,Junior,Какие ошибки часто допускают при работе с testing?,What common mistakes are made when working with testing?
508,Backend,Databases,Junior,Какие ошибки часто допускают при работе с CORS (advanced)?,What common mistakes are made when working with CORS (advanced)?
509,Backend,Node.js API,Junior,Как XSS влияет на производительность?,How does XSS affect performance?
509,Backend,Databases,Junior,Как React hooks влияет на производительность (advanced)?,How does React hooks affect performance (advanced)?
510,Backend,Node.js API,Junior,Приведите production-пример использования Node.js streams.,Give a production example of using Node.js streams.
510,Backend,Databases,Junior,Приведите production-пример использования state management.,Give a production example of using state management.
511,Backend,Node.js API,Junior,Что такое REST API?,What is REST API?
511,Backend,Databases,Junior,Что такое SSR (advanced)?,What is SSR (advanced)?
512,Backend,Node.js API,Junior,Как работает transactions?,How does transactions work?
512,Backend,Databases,Junior,Как работает testing (advanced)?,How does testing work (advanced)?
513,Backend,Node.js API,Junior,Когда использовать indexes?,When should you use indexes?
513,Backend,Databases,Junior,Когда использовать XSS (advanced)?,When should you use XSS (advanced)?
514,Backend,Node.js API,Junior,Какие проблемы возникают при использовании Redis caching?,What problems can arise when using Redis caching?
514,Backend,Databases,Junior,Какие проблемы возникают при использовании Node.js streams (advanced)?,What problems can arise when using Node.js streams (advanced)?
515,Backend,Node.js API,Junior,Как протестировать message queues?,How do you test message queues?
515,Backend,Databases,Junior,Как протестировать REST API (advanced)?,How do you test REST API (advanced)?
516,Backend,Node.js API,Junior,Как оптимизировать microservices?,How do you optimize microservices?
516,Backend,Databases,Junior,Как оптимизировать transactions (advanced)?,How do you optimize transactions (advanced)?
517,Backend,Node.js API,Junior,Сравните JWT с альтернативным подходом.,Compare JWT with an alternative approach.
517,Backend,Databases,Junior,Сравните indexes с альтернативным подходом.,Compare indexes with an alternative approach.
518,Backend,Node.js API,Junior,Какие ошибки часто допускают при работе с Docker?,What common mistakes are made when working with Docker?
518,Backend,Databases,Junior,Какие ошибки часто допускают при работе с Redis caching (advanced)?,What common mistakes are made when working with Redis caching (advanced)?
519,Backend,Node.js API,Junior,Как observability влияет на производительность?,How does observability affect performance?
519,Backend,Databases,Junior,Как message queues влияет на производительность (advanced)?,How does message queues affect performance (advanced)?
520,Backend,Node.js API,Junior,Приведите production-пример использования system design.,Give a production example of using system design.
520,Backend,Databases,Junior,Приведите production-пример использования microservices.,Give a production example of using microservices.
521,Backend,Node.js API,Junior,Что такое closures?,What is closures?
521,Backend,Databases,Junior,Что такое JWT (advanced)?,What is JWT (advanced)?
522,Backend,Node.js API,Junior,Как работает event loop?,How does event loop work?
522,Backend,Databases,Junior,Как работает Docker (advanced)?,How does Docker work (advanced)?
523,Backend,Node.js API,Junior,Когда использовать promises?,When should you use promises?
523,Backend,Databases,Junior,Когда использовать observability (advanced)?,When should you use observability (advanced)?
524,Backend,Node.js API,Junior,Какие проблемы возникают при использовании async/await?,What problems can arise when using async/await?
524,Backend,Databases,Junior,Какие проблемы возникают при использовании system design (advanced)?,What problems can arise when using system design (advanced)?
525,Backend,Node.js API,Junior,Как протестировать prototypes?,How do you test prototypes?
525,Backend,Databases,Junior,Как протестировать closures (advanced)?,How do you test closures (advanced)?
526,Backend,Node.js API,Junior,Как оптимизировать TypeScript generics?,How do you optimize TypeScript generics?
526,Backend,Databases,Junior,Как оптимизировать event loop (advanced)?,How do you optimize event loop (advanced)?
527,Backend,Node.js API,Junior,Сравните accessibility с альтернативным подходом.,Compare accessibility with an alternative approach.
527,Backend,Databases,Junior,Сравните promises с альтернативным подходом.,Compare promises with an alternative approach.
528,Backend,Node.js API,Junior,Какие ошибки часто допускают при работе с CSS Grid?,What common mistakes are made when working with CSS Grid?
528,Backend,Databases,Junior,Какие ошибки часто допускают при работе с async/await (advanced)?,What common mistakes are made when working with async/await (advanced)?
529,Backend,Node.js API,Junior,Как HTTP caching влияет на производительность?,How does HTTP caching affect performance?
529,Backend,Databases,Junior,Как prototypes влияет на производительность (advanced)?,How does prototypes affect performance (advanced)?
530,Backend,Node.js API,Junior,Приведите production-пример использования CORS.,Give a production example of using CORS.
530,Backend,Databases,Junior,Приведите production-пример использования TypeScript generics.,Give a production example of using TypeScript generics.
531,Backend,Node.js API,Middle,Что такое React hooks?,What is React hooks?
531,Backend,Databases,Middle,Что такое accessibility (advanced)?,What is accessibility (advanced)?
532,Backend,Node.js API,Middle,Как работает state management?,How does state management work?
532,Backend,Databases,Middle,Как работает CSS Grid (advanced)?,How does CSS Grid work (advanced)?
533,Backend,Node.js API,Middle,Когда использовать SSR?,When should you use SSR?
533,Backend,Databases,Middle,Когда использовать HTTP caching (advanced)?,When should you use HTTP caching (advanced)?
534,Backend,Node.js API,Middle,Какие проблемы возникают при использовании testing?,What problems can arise when using testing?
534,Backend,Databases,Middle,Какие проблемы возникают при использовании CORS (advanced)?,What problems can arise when using CORS (advanced)?
535,Backend,Node.js API,Middle,Как протестировать XSS?,How do you test XSS?
535,Backend,Databases,Middle,Как протестировать React hooks (advanced)?,How do you test React hooks (advanced)?
536,Backend,Node.js API,Middle,Как оптимизировать Node.js streams?,How do you optimize Node.js streams?
536,Backend,Databases,Middle,Как оптимизировать state management (advanced)?,How do you optimize state management (advanced)?
537,Backend,Node.js API,Middle,Сравните REST API с альтернативным подходом.,Compare REST API with an alternative approach.
537,Backend,Databases,Middle,Сравните SSR с альтернативным подходом.,Compare SSR with an alternative approach.
538,Backend,Node.js API,Middle,Какие ошибки часто допускают при работе с transactions?,What common mistakes are made when working with transactions?
538,Backend,Databases,Middle,Какие ошибки часто допускают при работе с testing (advanced)?,What common mistakes are made when working with testing (advanced)?
539,Backend,Node.js API,Middle,Как indexes влияет на производительность?,How does indexes affect performance?
539,Backend,Databases,Middle,Как XSS влияет на производительность (advanced)?,How does XSS affect performance (advanced)?
540,Backend,Node.js API,Middle,Приведите production-пример использования Redis caching.,Give a production example of using Redis caching.
540,Backend,Databases,Middle,Приведите production-пример использования Node.js streams.,Give a production example of using Node.js streams.
541,Backend,Node.js API,Middle,Что такое message queues?,What is message queues?
541,Backend,Databases,Middle,Что такое REST API (advanced)?,What is REST API (advanced)?
542,Backend,Node.js API,Middle,Как работает microservices?,How does microservices work?
542,Backend,Databases,Middle,Как работает transactions (advanced)?,How does transactions work (advanced)?
543,Backend,Node.js API,Middle,Когда использовать JWT?,When should you use JWT?
543,Backend,Databases,Middle,Когда использовать indexes (advanced)?,When should you use indexes (advanced)?
544,Backend,Node.js API,Middle,Какие проблемы возникают при использовании Docker?,What problems can arise when using Docker?
544,Backend,Databases,Middle,Какие проблемы возникают при использовании Redis caching (advanced)?,What problems can arise when using Redis caching (advanced)?
545,Backend,Node.js API,Middle,Как протестировать observability?,How do you test observability?
545,Backend,Databases,Middle,Как протестировать message queues (advanced)?,How do you test message queues (advanced)?
546,Backend,Node.js API,Middle,Как оптимизировать system design?,How do you optimize system design?
546,Backend,Databases,Middle,Как оптимизировать microservices (advanced)?,How do you optimize microservices (advanced)?
547,Backend,Node.js API,Middle,Сравните closures с альтернативным подходом.,Compare closures with an alternative approach.
547,Backend,Databases,Middle,Сравните JWT с альтернативным подходом.,Compare JWT with an alternative approach.
548,Backend,Node.js API,Middle,Какие ошибки часто допускают при работе с event loop?,What common mistakes are made when working with event loop?
548,Backend,Databases,Middle,Какие ошибки часто допускают при работе с Docker (advanced)?,What common mistakes are made when working with Docker (advanced)?
549,Backend,Node.js API,Middle,Как promises влияет на производительность?,How does promises affect performance?
549,Backend,Databases,Middle,Как observability влияет на производительность (advanced)?,How does observability affect performance (advanced)?
550,Backend,Node.js API,Middle,Приведите production-пример использования async/await.,Give a production example of using async/await.
550,Backend,Databases,Middle,Приведите production-пример использования system design.,Give a production example of using system design.
551,Backend,Node.js API,Middle,Что такое prototypes?,What is prototypes?
551,Backend,Databases,Middle,Что такое closures (advanced)?,What is closures (advanced)?
552,Backend,Node.js API,Middle,Как работает TypeScript generics?,How does TypeScript generics work?
552,Backend,Databases,Middle,Как работает event loop (advanced)?,How does event loop work (advanced)?
553,Backend,Node.js API,Middle,Когда использовать accessibility?,When should you use accessibility?
553,Backend,Databases,Middle,Когда использовать promises (advanced)?,When should you use promises (advanced)?
554,Backend,Node.js API,Middle,Какие проблемы возникают при использовании CSS Grid?,What problems can arise when using CSS Grid?
554,Backend,Databases,Middle,Какие проблемы возникают при использовании async/await (advanced)?,What problems can arise when using async/await (advanced)?
555,Backend,Node.js API,Middle,Как протестировать HTTP caching?,How do you test HTTP caching?
555,Backend,Databases,Middle,Как протестировать prototypes (advanced)?,How do you test prototypes (advanced)?
556,Backend,Node.js API,Middle,Как оптимизировать CORS?,How do you optimize CORS?
556,Backend,Databases,Middle,Как оптимизировать TypeScript generics (advanced)?,How do you optimize TypeScript generics (advanced)?
557,Backend,Node.js API,Middle,Сравните React hooks с альтернативным подходом.,Compare React hooks with an alternative approach.
557,Backend,Databases,Middle,Сравните accessibility с альтернативным подходом.,Compare accessibility with an alternative approach.
558,Backend,Node.js API,Middle,Какие ошибки часто допускают при работе с state management?,What common mistakes are made when working with state management?
558,Backend,Databases,Middle,Какие ошибки часто допускают при работе с CSS Grid (advanced)?,What common mistakes are made when working with CSS Grid (advanced)?
559,Backend,Node.js API,Middle,Как SSR влияет на производительность?,How does SSR affect performance?
559,Backend,Databases,Middle,Как HTTP caching влияет на производительность (advanced)?,How does HTTP caching affect performance (advanced)?
560,Backend,Node.js API,Middle,Приведите production-пример использования testing.,Give a production example of using testing.
560,Backend,Databases,Middle,Приведите production-пример использования CORS.,Give a production example of using CORS.
561,Backend,Node.js API,Middle,Что такое XSS?,What is XSS?
561,Backend,Databases,Middle,Что такое React hooks (advanced)?,What is React hooks (advanced)?
562,Backend,Node.js API,Middle,Как работает Node.js streams?,How does Node.js streams work?
562,Backend,Databases,Middle,Как работает state management (advanced)?,How does state management work (advanced)?
563,Backend,Node.js API,Middle,Когда использовать REST API?,When should you use REST API?
563,Backend,Databases,Middle,Когда использовать SSR (advanced)?,When should you use SSR (advanced)?
564,Backend,Node.js API,Middle,Какие проблемы возникают при использовании transactions?,What problems can arise when using transactions?
564,Backend,Databases,Middle,Какие проблемы возникают при использовании testing (advanced)?,What problems can arise when using testing (advanced)?
565,Backend,Node.js API,Middle,Как протестировать indexes?,How do you test indexes?
565,Backend,Databases,Middle,Как протестировать XSS (advanced)?,How do you test XSS (advanced)?
566,Backend,Node.js API,Middle,Как оптимизировать Redis caching?,How do you optimize Redis caching?
566,Backend,Databases,Middle,Как оптимизировать Node.js streams (advanced)?,How do you optimize Node.js streams (advanced)?
567,Backend,Node.js API,Middle,Сравните message queues с альтернативным подходом.,Compare message queues with an alternative approach.
567,Backend,Databases,Middle,Сравните REST API с альтернативным подходом.,Compare REST API with an alternative approach.
568,Backend,Node.js API,Middle,Какие ошибки часто допускают при работе с microservices?,What common mistakes are made when working with microservices?
568,Backend,Databases,Middle,Какие ошибки часто допускают при работе с transactions (advanced)?,What common mistakes are made when working with transactions (advanced)?
569,Backend,Node.js API,Middle,Как JWT влияет на производительность?,How does JWT affect performance?
569,Backend,Databases,Middle,Как indexes влияет на производительность (advanced)?,How does indexes affect performance (advanced)?
570,Backend,Node.js API,Middle,Приведите production-пример использования Docker.,Give a production example of using Docker.
570,Backend,Databases,Middle,Приведите production-пример использования Redis caching.,Give a production example of using Redis caching.
571,Backend,Node.js API,Middle,Что такое observability?,What is observability?
571,Backend,Databases,Middle,Что такое message queues (advanced)?,What is message queues (advanced)?
572,Backend,Node.js API,Middle,Как работает system design?,How does system design work?
572,Backend,Databases,Middle,Как работает microservices (advanced)?,How does microservices work (advanced)?
573,Backend,Node.js API,Middle,Когда использовать closures?,When should you use closures?
573,Backend,Databases,Middle,Когда использовать JWT (advanced)?,When should you use JWT (advanced)?
574,Backend,Node.js API,Middle,Какие проблемы возникают при использовании event loop?,What problems can arise when using event loop?
574,Backend,Databases,Middle,Какие проблемы возникают при использовании Docker (advanced)?,What problems can arise when using Docker (advanced)?
575,Backend,Node.js API,Middle,Как протестировать promises?,How do you test promises?
575,Backend,Databases,Middle,Как протестировать observability (advanced)?,How do you test observability (advanced)?
576,Backend,Node.js API,Senior,Как оптимизировать async/await?,How do you optimize async/await?
576,Backend,Databases,Senior,Как оптимизировать system design (advanced)?,How do you optimize system design (advanced)?
577,Backend,Node.js API,Senior,Сравните prototypes с альтернативным подходом.,Compare prototypes with an alternative approach.
577,Backend,Databases,Senior,Сравните closures с альтернативным подходом.,Compare closures with an alternative approach.
578,Backend,Node.js API,Senior,Какие ошибки часто допускают при работе с TypeScript generics?,What common mistakes are made when working with TypeScript generics?
578,Backend,Databases,Senior,Какие ошибки часто допускают при работе с event loop (advanced)?,What common mistakes are made when working with event loop (advanced)?
579,Backend,Node.js API,Senior,Как accessibility влияет на производительность?,How does accessibility affect performance?
579,Backend,Databases,Senior,Как promises влияет на производительность (advanced)?,How does promises affect performance (advanced)?
580,Backend,Node.js API,Senior,Приведите production-пример использования CSS Grid.,Give a production example of using CSS Grid.
580,Backend,Databases,Senior,Приведите production-пример использования async/await.,Give a production example of using async/await.
581,Backend,Node.js API,Senior,Что такое HTTP caching?,What is HTTP caching?
581,Backend,Databases,Senior,Что такое prototypes (advanced)?,What is prototypes (advanced)?
582,Backend,Node.js API,Senior,Как работает CORS?,How does CORS work?
582,Backend,Databases,Senior,Как работает TypeScript generics (advanced)?,How does TypeScript generics work (advanced)?
583,Backend,Node.js API,Senior,Когда использовать React hooks?,When should you use React hooks?
583,Backend,Databases,Senior,Когда использовать accessibility (advanced)?,When should you use accessibility (advanced)?
584,Backend,Node.js API,Senior,Какие проблемы возникают при использовании state management?,What problems can arise when using state management?
584,Backend,Databases,Senior,Какие проблемы возникают при использовании CSS Grid (advanced)?,What problems can arise when using CSS Grid (advanced)?
585,Backend,Node.js API,Senior,Как протестировать SSR?,How do you test SSR?
585,Backend,Databases,Senior,Как протестировать HTTP caching (advanced)?,How do you test HTTP caching (advanced)?
586,Backend,Node.js API,Senior,Как оптимизировать testing?,How do you optimize testing?
586,Backend,Databases,Senior,Как оптимизировать CORS (advanced)?,How do you optimize CORS (advanced)?
587,Backend,Node.js API,Senior,Сравните XSS с альтернативным подходом.,Compare XSS with an alternative approach.
587,Backend,Databases,Senior,Сравните React hooks с альтернативным подходом.,Compare React hooks with an alternative approach.
588,Backend,Node.js API,Senior,Какие ошибки часто допускают при работе с Node.js streams?,What common mistakes are made when working with Node.js streams?
588,Backend,Databases,Senior,Какие ошибки часто допускают при работе с state management (advanced)?,What common mistakes are made when working with state management (advanced)?
589,Backend,Node.js API,Senior,Как REST API влияет на производительность?,How does REST API affect performance?
589,Backend,Databases,Senior,Как SSR влияет на производительность (advanced)?,How does SSR affect performance (advanced)?
590,Backend,Node.js API,Senior,Приведите production-пример использования transactions.,Give a production example of using transactions.
590,Backend,Databases,Senior,Приведите production-пример использования testing.,Give a production example of using testing.
591,Backend,Node.js API,Senior,Что такое indexes?,What is indexes?
591,Backend,Databases,Senior,Что такое XSS (advanced)?,What is XSS (advanced)?
592,Backend,Node.js API,Senior,Как работает Redis caching?,How does Redis caching work?
592,Backend,Databases,Senior,Как работает Node.js streams (advanced)?,How does Node.js streams work (advanced)?
593,Backend,Node.js API,Senior,Когда использовать message queues?,When should you use message queues?
593,Backend,Databases,Senior,Когда использовать REST API (advanced)?,When should you use REST API (advanced)?
594,Backend,Node.js API,Senior,Какие проблемы возникают при использовании microservices?,What problems can arise when using microservices?
594,Backend,Databases,Senior,Какие проблемы возникают при использовании transactions (advanced)?,What problems can arise when using transactions (advanced)?
595,Backend,Node.js API,Senior,Как протестировать JWT?,How do you test JWT?
595,Backend,Databases,Senior,Как протестировать indexes (advanced)?,How do you test indexes (advanced)?
596,Backend,Node.js API,Senior,Как оптимизировать Docker?,How do you optimize Docker?
596,Backend,Databases,Senior,Как оптимизировать Redis caching (advanced)?,How do you optimize Redis caching (advanced)?
597,Backend,Node.js API,Senior,Сравните observability с альтернативным подходом.,Compare observability with an alternative approach.
597,Backend,Databases,Senior,Сравните message queues с альтернативным подходом.,Compare message queues with an alternative approach.
598,Backend,Node.js API,Senior,Какие ошибки часто допускают при работе с system design?,What common mistakes are made when working with system design?
598,Backend,Databases,Senior,Какие ошибки часто допускают при работе с microservices (advanced)?,What common mistakes are made when working with microservices (advanced)?
599,Backend,Node.js API,Senior,Как closures влияет на производительность?,How does closures affect performance?
599,Backend,Databases,Senior,Как JWT влияет на производительность (advanced)?,How does JWT affect performance (advanced)?
600,Backend,Node.js API,Senior,Приведите production-пример использования event loop.,Give a production example of using event loop.
600,Backend,Databases,Senior,Приведите production-пример использования Docker.,Give a production example of using Docker.
601,Backend,Databases,Junior,Что такое promises?,What is promises?
601,Backend,Architecture Distributed Systems,Junior,Что такое observability (advanced)?,What is observability (advanced)?
602,Backend,Databases,Junior,Как работает async/await?,How does async/await work?
602,Backend,Architecture Distributed Systems,Junior,Как работает system design (advanced)?,How does system design work (advanced)?
603,Backend,Databases,Junior,Когда использовать prototypes?,When should you use prototypes?
603,Backend,Architecture Distributed Systems,Junior,Когда использовать closures (advanced)?,When should you use closures (advanced)?
604,Backend,Databases,Junior,Какие проблемы возникают при использовании TypeScript generics?,What problems can arise when using TypeScript generics?
604,Backend,Architecture Distributed Systems,Junior,Какие проблемы возникают при использовании event loop (advanced)?,What problems can arise when using event loop (advanced)?
605,Backend,Databases,Junior,Как протестировать accessibility?,How do you test accessibility?
605,Backend,Architecture Distributed Systems,Junior,Как протестировать promises (advanced)?,How do you test promises (advanced)?
606,Backend,Databases,Junior,Как оптимизировать CSS Grid?,How do you optimize CSS Grid?
606,Backend,Architecture Distributed Systems,Junior,Как оптимизировать async/await (advanced)?,How do you optimize async/await (advanced)?
607,Backend,Databases,Junior,Сравните HTTP caching с альтернативным подходом.,Compare HTTP caching with an alternative approach.
607,Backend,Architecture Distributed Systems,Junior,Сравните prototypes с альтернативным подходом.,Compare prototypes with an alternative approach.
608,Backend,Databases,Junior,Какие ошибки часто допускают при работе с CORS?,What common mistakes are made when working with CORS?
608,Backend,Architecture Distributed Systems,Junior,Какие ошибки часто допускают при работе с TypeScript generics (advanced)?,What common mistakes are made when working with TypeScript generics (advanced)?
609,Backend,Databases,Junior,Как React hooks влияет на производительность?,How does React hooks affect performance?
609,Backend,Architecture Distributed Systems,Junior,Как accessibility влияет на производительность (advanced)?,How does accessibility affect performance (advanced)?
610,Backend,Databases,Junior,Приведите production-пример использования state management.,Give a production example of using state management.
610,Backend,Architecture Distributed Systems,Junior,Приведите production-пример использования CSS Grid.,Give a production example of using CSS Grid.
611,Backend,Databases,Junior,Что такое SSR?,What is SSR?
611,Backend,Architecture Distributed Systems,Junior,Что такое HTTP caching (advanced)?,What is HTTP caching (advanced)?
612,Backend,Databases,Junior,Как работает testing?,How does testing work?
612,Backend,Architecture Distributed Systems,Junior,Как работает CORS (advanced)?,How does CORS work (advanced)?
613,Backend,Databases,Junior,Когда использовать XSS?,When should you use XSS?
613,Backend,Architecture Distributed Systems,Junior,Когда использовать React hooks (advanced)?,When should you use React hooks (advanced)?
614,Backend,Databases,Junior,Какие проблемы возникают при использовании Node.js streams?,What problems can arise when using Node.js streams?
614,Backend,Architecture Distributed Systems,Junior,Какие проблемы возникают при использовании state management (advanced)?,What problems can arise when using state management (advanced)?
615,Backend,Databases,Junior,Как протестировать REST API?,How do you test REST API?
615,Backend,Architecture Distributed Systems,Junior,Как протестировать SSR (advanced)?,How do you test SSR (advanced)?
616,Backend,Databases,Junior,Как оптимизировать transactions?,How do you optimize transactions?
616,Backend,Architecture Distributed Systems,Junior,Как оптимизировать testing (advanced)?,How do you optimize testing (advanced)?
617,Backend,Databases,Junior,Сравните indexes с альтернативным подходом.,Compare indexes with an alternative approach.
617,Backend,Architecture Distributed Systems,Junior,Сравните XSS с альтернативным подходом.,Compare XSS with an alternative approach.
618,Backend,Databases,Junior,Какие ошибки часто допускают при работе с Redis caching?,What common mistakes are made when working with Redis caching?
618,Backend,Architecture Distributed Systems,Junior,Какие ошибки часто допускают при работе с Node.js streams (advanced)?,What common mistakes are made when working with Node.js streams (advanced)?
619,Backend,Databases,Junior,Как message queues влияет на производительность?,How does message queues affect performance?
619,Backend,Architecture Distributed Systems,Junior,Как REST API влияет на производительность (advanced)?,How does REST API affect performance (advanced)?
620,Backend,Databases,Junior,Приведите production-пример использования microservices.,Give a production example of using microservices.
620,Backend,Architecture Distributed Systems,Junior,Приведите production-пример использования transactions.,Give a production example of using transactions.
621,Backend,Databases,Junior,Что такое JWT?,What is JWT?
621,Backend,Architecture Distributed Systems,Junior,Что такое indexes (advanced)?,What is indexes (advanced)?
622,Backend,Databases,Junior,Как работает Docker?,How does Docker work?
622,Backend,Architecture Distributed Systems,Junior,Как работает Redis caching (advanced)?,How does Redis caching work (advanced)?
623,Backend,Databases,Junior,Когда использовать observability?,When should you use observability?
623,Backend,Architecture Distributed Systems,Junior,Когда использовать message queues (advanced)?,When should you use message queues (advanced)?
624,Backend,Databases,Junior,Какие проблемы возникают при использовании system design?,What problems can arise when using system design?
624,Backend,Architecture Distributed Systems,Junior,Какие проблемы возникают при использовании microservices (advanced)?,What problems can arise when using microservices (advanced)?
625,Backend,Databases,Junior,Как протестировать closures?,How do you test closures?
625,Backend,Architecture Distributed Systems,Junior,Как протестировать JWT (advanced)?,How do you test JWT (advanced)?
626,Backend,Databases,Junior,Как оптимизировать event loop?,How do you optimize event loop?
626,Backend,Architecture Distributed Systems,Junior,Как оптимизировать Docker (advanced)?,How do you optimize Docker (advanced)?
627,Backend,Databases,Junior,Сравните promises с альтернативным подходом.,Compare promises with an alternative approach.
627,Backend,Architecture Distributed Systems,Junior,Сравните observability с альтернативным подходом.,Compare observability with an alternative approach.
628,Backend,Databases,Junior,Какие ошибки часто допускают при работе с async/await?,What common mistakes are made when working with async/await?
628,Backend,Architecture Distributed Systems,Junior,Какие ошибки часто допускают при работе с system design (advanced)?,What common mistakes are made when working with system design (advanced)?
629,Backend,Databases,Junior,Как prototypes влияет на производительность?,How does prototypes affect performance?
629,Backend,Architecture Distributed Systems,Junior,Как closures влияет на производительность (advanced)?,How does closures affect performance (advanced)?
630,Backend,Databases,Junior,Приведите production-пример использования TypeScript generics.,Give a production example of using TypeScript generics.
630,Backend,Architecture Distributed Systems,Junior,Приведите production-пример использования event loop.,Give a production example of using event loop.
631,Backend,Databases,Middle,Что такое accessibility?,What is accessibility?
631,Backend,Architecture Distributed Systems,Middle,Что такое promises (advanced)?,What is promises (advanced)?
632,Backend,Databases,Middle,Как работает CSS Grid?,How does CSS Grid work?
632,Backend,Architecture Distributed Systems,Middle,Как работает async/await (advanced)?,How does async/await work (advanced)?
633,Backend,Databases,Middle,Когда использовать HTTP caching?,When should you use HTTP caching?
633,Backend,Architecture Distributed Systems,Middle,Когда использовать prototypes (advanced)?,When should you use prototypes (advanced)?
634,Backend,Databases,Middle,Какие проблемы возникают при использовании CORS?,What problems can arise when using CORS?
634,Backend,Architecture Distributed Systems,Middle,Какие проблемы возникают при использовании TypeScript generics (advanced)?,What problems can arise when using TypeScript generics (advanced)?
635,Backend,Databases,Middle,Как протестировать React hooks?,How do you test React hooks?
635,Backend,Architecture Distributed Systems,Middle,Как протестировать accessibility (advanced)?,How do you test accessibility (advanced)?
636,Backend,Databases,Middle,Как оптимизировать state management?,How do you optimize state management?
636,Backend,Architecture Distributed Systems,Middle,Как оптимизировать CSS Grid (advanced)?,How do you optimize CSS Grid (advanced)?
637,Backend,Databases,Middle,Сравните SSR с альтернативным подходом.,Compare SSR with an alternative approach.
637,Backend,Architecture Distributed Systems,Middle,Сравните HTTP caching с альтернативным подходом.,Compare HTTP caching with an alternative approach.
638,Backend,Databases,Middle,Какие ошибки часто допускают при работе с testing?,What common mistakes are made when working with testing?
638,Backend,Architecture Distributed Systems,Middle,Какие ошибки часто допускают при работе с CORS (advanced)?,What common mistakes are made when working with CORS (advanced)?
639,Backend,Databases,Middle,Как XSS влияет на производительность?,How does XSS affect performance?
639,Backend,Architecture Distributed Systems,Middle,Как React hooks влияет на производительность (advanced)?,How does React hooks affect performance (advanced)?
640,Backend,Databases,Middle,Приведите production-пример использования Node.js streams.,Give a production example of using Node.js streams.
640,Backend,Architecture Distributed Systems,Middle,Приведите production-пример использования state management.,Give a production example of using state management.
641,Backend,Databases,Middle,Что такое REST API?,What is REST API?
641,Backend,Architecture Distributed Systems,Middle,Что такое SSR (advanced)?,What is SSR (advanced)?
642,Backend,Databases,Middle,Как работает transactions?,How does transactions work?
642,Backend,Architecture Distributed Systems,Middle,Как работает testing (advanced)?,How does testing work (advanced)?
643,Backend,Databases,Middle,Когда использовать indexes?,When should you use indexes?
643,Backend,Architecture Distributed Systems,Middle,Когда использовать XSS (advanced)?,When should you use XSS (advanced)?
644,Backend,Databases,Middle,Какие проблемы возникают при использовании Redis caching?,What problems can arise when using Redis caching?
644,Backend,Architecture Distributed Systems,Middle,Какие проблемы возникают при использовании Node.js streams (advanced)?,What problems can arise when using Node.js streams (advanced)?
645,Backend,Databases,Middle,Как протестировать message queues?,How do you test message queues?
645,Backend,Architecture Distributed Systems,Middle,Как протестировать REST API (advanced)?,How do you test REST API (advanced)?
646,Backend,Databases,Middle,Как оптимизировать microservices?,How do you optimize microservices?
646,Backend,Architecture Distributed Systems,Middle,Как оптимизировать transactions (advanced)?,How do you optimize transactions (advanced)?
647,Backend,Databases,Middle,Сравните JWT с альтернативным подходом.,Compare JWT with an alternative approach.
647,Backend,Architecture Distributed Systems,Middle,Сравните indexes с альтернативным подходом.,Compare indexes with an alternative approach.
648,Backend,Databases,Middle,Какие ошибки часто допускают при работе с Docker?,What common mistakes are made when working with Docker?
648,Backend,Architecture Distributed Systems,Middle,Какие ошибки часто допускают при работе с Redis caching (advanced)?,What common mistakes are made when working with Redis caching (advanced)?
649,Backend,Databases,Middle,Как observability влияет на производительность?,How does observability affect performance?
649,Backend,Architecture Distributed Systems,Middle,Как message queues влияет на производительность (advanced)?,How does message queues affect performance (advanced)?
650,Backend,Databases,Middle,Приведите production-пример использования system design.,Give a production example of using system design.
650,Backend,Architecture Distributed Systems,Middle,Приведите production-пример использования microservices.,Give a production example of using microservices.
651,Backend,Databases,Middle,Что такое closures?,What is closures?
651,Backend,Architecture Distributed Systems,Middle,Что такое JWT (advanced)?,What is JWT (advanced)?
652,Backend,Databases,Middle,Как работает event loop?,How does event loop work?
652,Backend,Architecture Distributed Systems,Middle,Как работает Docker (advanced)?,How does Docker work (advanced)?
653,Backend,Databases,Middle,Когда использовать promises?,When should you use promises?
653,Backend,Architecture Distributed Systems,Middle,Когда использовать observability (advanced)?,When should you use observability (advanced)?
654,Backend,Databases,Middle,Какие проблемы возникают при использовании async/await?,What problems can arise when using async/await?
654,Backend,Architecture Distributed Systems,Middle,Какие проблемы возникают при использовании system design (advanced)?,What problems can arise when using system design (advanced)?
655,Backend,Databases,Middle,Как протестировать prototypes?,How do you test prototypes?
655,Backend,Architecture Distributed Systems,Middle,Как протестировать closures (advanced)?,How do you test closures (advanced)?
656,Backend,Databases,Middle,Как оптимизировать TypeScript generics?,How do you optimize TypeScript generics?
656,Backend,Architecture Distributed Systems,Middle,Как оптимизировать event loop (advanced)?,How do you optimize event loop (advanced)?
657,Backend,Databases,Middle,Сравните accessibility с альтернативным подходом.,Compare accessibility with an alternative approach.
657,Backend,Architecture Distributed Systems,Middle,Сравните promises с альтернативным подходом.,Compare promises with an alternative approach.
658,Backend,Databases,Middle,Какие ошибки часто допускают при работе с CSS Grid?,What common mistakes are made when working with CSS Grid?
658,Backend,Architecture Distributed Systems,Middle,Какие ошибки часто допускают при работе с async/await (advanced)?,What common mistakes are made when working with async/await (advanced)?
659,Backend,Databases,Middle,Как HTTP caching влияет на производительность?,How does HTTP caching affect performance?
659,Backend,Architecture Distributed Systems,Middle,Как prototypes влияет на производительность (advanced)?,How does prototypes affect performance (advanced)?
660,Backend,Databases,Middle,Приведите production-пример использования CORS.,Give a production example of using CORS.
660,Backend,Architecture Distributed Systems,Middle,Приведите production-пример использования TypeScript generics.,Give a production example of using TypeScript generics.
661,Backend,Databases,Middle,Что такое React hooks?,What is React hooks?
661,Backend,Architecture Distributed Systems,Middle,Что такое accessibility (advanced)?,What is accessibility (advanced)?
662,Backend,Databases,Middle,Как работает state management?,How does state management work?
662,Backend,Architecture Distributed Systems,Middle,Как работает CSS Grid (advanced)?,How does CSS Grid work (advanced)?
663,Backend,Databases,Middle,Когда использовать SSR?,When should you use SSR?
663,Backend,Architecture Distributed Systems,Middle,Когда использовать HTTP caching (advanced)?,When should you use HTTP caching (advanced)?
664,Backend,Databases,Middle,Какие проблемы возникают при использовании testing?,What problems can arise when using testing?
664,Backend,Architecture Distributed Systems,Middle,Какие проблемы возникают при использовании CORS (advanced)?,What problems can arise when using CORS (advanced)?
665,Backend,Databases,Middle,Как протестировать XSS?,How do you test XSS?
665,Backend,Architecture Distributed Systems,Middle,Как протестировать React hooks (advanced)?,How do you test React hooks (advanced)?
666,Backend,Databases,Middle,Как оптимизировать Node.js streams?,How do you optimize Node.js streams?
666,Backend,Architecture Distributed Systems,Middle,Как оптимизировать state management (advanced)?,How do you optimize state management (advanced)?
667,Backend,Databases,Middle,Сравните REST API с альтернативным подходом.,Compare REST API with an alternative approach.
667,Backend,Architecture Distributed Systems,Middle,Сравните SSR с альтернативным подходом.,Compare SSR with an alternative approach.
668,Backend,Databases,Middle,Какие ошибки часто допускают при работе с transactions?,What common mistakes are made when working with transactions?
668,Backend,Architecture Distributed Systems,Middle,Какие ошибки часто допускают при работе с testing (advanced)?,What common mistakes are made when working with testing (advanced)?
669,Backend,Databases,Middle,Как indexes влияет на производительность?,How does indexes affect performance?
669,Backend,Architecture Distributed Systems,Middle,Как XSS влияет на производительность (advanced)?,How does XSS affect performance (advanced)?
670,Backend,Databases,Middle,Приведите production-пример использования Redis caching.,Give a production example of using Redis caching.
670,Backend,Architecture Distributed Systems,Middle,Приведите production-пример использования Node.js streams.,Give a production example of using Node.js streams.
671,Backend,Databases,Middle,Что такое message queues?,What is message queues?
671,Backend,Architecture Distributed Systems,Middle,Что такое REST API (advanced)?,What is REST API (advanced)?
672,Backend,Databases,Middle,Как работает microservices?,How does microservices work?
672,Backend,Architecture Distributed Systems,Middle,Как работает transactions (advanced)?,How does transactions work (advanced)?
673,Backend,Databases,Middle,Когда использовать JWT?,When should you use JWT?
673,Backend,Architecture Distributed Systems,Middle,Когда использовать indexes (advanced)?,When should you use indexes (advanced)?
674,Backend,Databases,Middle,Какие проблемы возникают при использовании Docker?,What problems can arise when using Docker?
674,Backend,Architecture Distributed Systems,Middle,Какие проблемы возникают при использовании Redis caching (advanced)?,What problems can arise when using Redis caching (advanced)?
675,Backend,Databases,Middle,Как протестировать observability?,How do you test observability?
675,Backend,Architecture Distributed Systems,Middle,Как протестировать message queues (advanced)?,How do you test message queues (advanced)?
676,Backend,Databases,Senior,Как оптимизировать system design?,How do you optimize system design?
676,Backend,Architecture Distributed Systems,Senior,Как оптимизировать microservices (advanced)?,How do you optimize microservices (advanced)?
677,Backend,Databases,Senior,Сравните closures с альтернативным подходом.,Compare closures with an alternative approach.
677,Backend,Architecture Distributed Systems,Senior,Сравните JWT с альтернативным подходом.,Compare JWT with an alternative approach.
678,Backend,Databases,Senior,Какие ошибки часто допускают при работе с event loop?,What common mistakes are made when working with event loop?
678,Backend,Architecture Distributed Systems,Senior,Какие ошибки часто допускают при работе с Docker (advanced)?,What common mistakes are made when working with Docker (advanced)?
679,Backend,Databases,Senior,Как promises влияет на производительность?,How does promises affect performance?
679,Backend,Architecture Distributed Systems,Senior,Как observability влияет на производительность (advanced)?,How does observability affect performance (advanced)?
680,Backend,Databases,Senior,Приведите production-пример использования async/await.,Give a production example of using async/await.
680,Backend,Architecture Distributed Systems,Senior,Приведите production-пример использования system design.,Give a production example of using system design.
681,Backend,Databases,Senior,Что такое prototypes?,What is prototypes?
681,Backend,Architecture Distributed Systems,Senior,Что такое closures (advanced)?,What is closures (advanced)?
682,Backend,Databases,Senior,Как работает TypeScript generics?,How does TypeScript generics work?
682,Backend,Architecture Distributed Systems,Senior,Как работает event loop (advanced)?,How does event loop work (advanced)?
683,Backend,Databases,Senior,Когда использовать accessibility?,When should you use accessibility?
683,Backend,Architecture Distributed Systems,Senior,Когда использовать promises (advanced)?,When should you use promises (advanced)?
684,Backend,Databases,Senior,Какие проблемы возникают при использовании CSS Grid?,What problems can arise when using CSS Grid?
684,Backend,Architecture Distributed Systems,Senior,Какие проблемы возникают при использовании async/await (advanced)?,What problems can arise when using async/await (advanced)?
685,Backend,Databases,Senior,Как протестировать HTTP caching?,How do you test HTTP caching?
685,Backend,Architecture Distributed Systems,Senior,Как протестировать prototypes (advanced)?,How do you test prototypes (advanced)?
686,Backend,Databases,Senior,Как оптимизировать CORS?,How do you optimize CORS?
686,Backend,Architecture Distributed Systems,Senior,Как оптимизировать TypeScript generics (advanced)?,How do you optimize TypeScript generics (advanced)?
687,Backend,Databases,Senior,Сравните React hooks с альтернативным подходом.,Compare React hooks with an alternative approach.
687,Backend,Architecture Distributed Systems,Senior,Сравните accessibility с альтернативным подходом.,Compare accessibility with an alternative approach.
688,Backend,Databases,Senior,Какие ошибки часто допускают при работе с state management?,What common mistakes are made when working with state management?
688,Backend,Architecture Distributed Systems,Senior,Какие ошибки часто допускают при работе с CSS Grid (advanced)?,What common mistakes are made when working with CSS Grid (advanced)?
689,Backend,Databases,Senior,Как SSR влияет на производительность?,How does SSR affect performance?
689,Backend,Architecture Distributed Systems,Senior,Как HTTP caching влияет на производительность (advanced)?,How does HTTP caching affect performance (advanced)?
690,Backend,Databases,Senior,Приведите production-пример использования testing.,Give a production example of using testing.
690,Backend,Architecture Distributed Systems,Senior,Приведите production-пример использования CORS.,Give a production example of using CORS.
691,Backend,Databases,Senior,Что такое XSS?,What is XSS?
691,Backend,Architecture Distributed Systems,Senior,Что такое React hooks (advanced)?,What is React hooks (advanced)?
692,Backend,Databases,Senior,Как работает Node.js streams?,How does Node.js streams work?
692,Backend,Architecture Distributed Systems,Senior,Как работает state management (advanced)?,How does state management work (advanced)?
693,Backend,Databases,Senior,Когда использовать REST API?,When should you use REST API?
693,Backend,Architecture Distributed Systems,Senior,Когда использовать SSR (advanced)?,When should you use SSR (advanced)?
694,Backend,Databases,Senior,Какие проблемы возникают при использовании transactions?,What problems can arise when using transactions?
694,Backend,Architecture Distributed Systems,Senior,Какие проблемы возникают при использовании testing (advanced)?,What problems can arise when using testing (advanced)?
695,Backend,Databases,Senior,Как протестировать indexes?,How do you test indexes?
695,Backend,Architecture Distributed Systems,Senior,Как протестировать XSS (advanced)?,How do you test XSS (advanced)?
696,Backend,Databases,Senior,Как оптимизировать Redis caching?,How do you optimize Redis caching?
696,Backend,Architecture Distributed Systems,Senior,Как оптимизировать Node.js streams (advanced)?,How do you optimize Node.js streams (advanced)?
697,Backend,Databases,Senior,Сравните message queues с альтернативным подходом.,Compare message queues with an alternative approach.
697,Backend,Architecture Distributed Systems,Senior,Сравните REST API с альтернативным подходом.,Compare REST API with an alternative approach.
698,Backend,Databases,Senior,Какие ошибки часто допускают при работе с microservices?,What common mistakes are made when working with microservices?
698,Backend,Architecture Distributed Systems,Senior,Какие ошибки часто допускают при работе с transactions (advanced)?,What common mistakes are made when working with transactions (advanced)?
699,Backend,Databases,Senior,Как JWT влияет на производительность?,How does JWT affect performance?
699,Backend,Architecture Distributed Systems,Senior,Как indexes влияет на производительность (advanced)?,How does indexes affect performance (advanced)?
700,Backend,Databases,Senior,Приведите production-пример использования Docker.,Give a production example of using Docker.
700,Backend,Architecture Distributed Systems,Senior,Приведите production-пример использования Redis caching.,Give a production example of using Redis caching.
701,Backend,Architecture Distributed Systems,Junior,Что такое observability?,What is observability?
701,Backend,Security DevOps System Design,Junior,Что такое message queues (advanced)?,What is message queues (advanced)?
702,Backend,Architecture Distributed Systems,Junior,Как работает system design?,How does system design work?
702,Backend,Security DevOps System Design,Junior,Как работает microservices (advanced)?,How does microservices work (advanced)?
703,Backend,Architecture Distributed Systems,Junior,Когда использовать closures?,When should you use closures?
703,Backend,Security DevOps System Design,Junior,Когда использовать JWT (advanced)?,When should you use JWT (advanced)?
704,Backend,Architecture Distributed Systems,Junior,Какие проблемы возникают при использовании event loop?,What problems can arise when using event loop?
704,Backend,Security DevOps System Design,Junior,Какие проблемы возникают при использовании Docker (advanced)?,What problems can arise when using Docker (advanced)?
705,Backend,Architecture Distributed Systems,Junior,Как протестировать promises?,How do you test promises?
705,Backend,Security DevOps System Design,Junior,Как протестировать observability (advanced)?,How do you test observability (advanced)?
706,Backend,Architecture Distributed Systems,Junior,Как оптимизировать async/await?,How do you optimize async/await?
706,Backend,Security DevOps System Design,Junior,Как оптимизировать system design (advanced)?,How do you optimize system design (advanced)?
707,Backend,Architecture Distributed Systems,Junior,Сравните prototypes с альтернативным подходом.,Compare prototypes with an alternative approach.
707,Backend,Security DevOps System Design,Junior,Сравните closures с альтернативным подходом.,Compare closures with an alternative approach.
708,Backend,Architecture Distributed Systems,Junior,Какие ошибки часто допускают при работе с TypeScript generics?,What common mistakes are made when working with TypeScript generics?
708,Backend,Security DevOps System Design,Junior,Какие ошибки часто допускают при работе с event loop (advanced)?,What common mistakes are made when working with event loop (advanced)?
709,Backend,Architecture Distributed Systems,Junior,Как accessibility влияет на производительность?,How does accessibility affect performance?
709,Backend,Security DevOps System Design,Junior,Как promises влияет на производительность (advanced)?,How does promises affect performance (advanced)?
710,Backend,Architecture Distributed Systems,Junior,Приведите production-пример использования CSS Grid.,Give a production example of using CSS Grid.
710,Backend,Security DevOps System Design,Junior,Приведите production-пример использования async/await.,Give a production example of using async/await.
711,Backend,Architecture Distributed Systems,Junior,Что такое HTTP caching?,What is HTTP caching?
711,Backend,Security DevOps System Design,Junior,Что такое prototypes (advanced)?,What is prototypes (advanced)?
712,Backend,Architecture Distributed Systems,Junior,Как работает CORS?,How does CORS work?
712,Backend,Security DevOps System Design,Junior,Как работает TypeScript generics (advanced)?,How does TypeScript generics work (advanced)?
713,Backend,Architecture Distributed Systems,Junior,Когда использовать React hooks?,When should you use React hooks?
713,Backend,Security DevOps System Design,Junior,Когда использовать accessibility (advanced)?,When should you use accessibility (advanced)?
714,Backend,Architecture Distributed Systems,Junior,Какие проблемы возникают при использовании state management?,What problems can arise when using state management?
714,Backend,Security DevOps System Design,Junior,Какие проблемы возникают при использовании CSS Grid (advanced)?,What problems can arise when using CSS Grid (advanced)?
715,Backend,Architecture Distributed Systems,Junior,Как протестировать SSR?,How do you test SSR?
715,Backend,Security DevOps System Design,Junior,Как протестировать HTTP caching (advanced)?,How do you test HTTP caching (advanced)?
716,Backend,Architecture Distributed Systems,Junior,Как оптимизировать testing?,How do you optimize testing?
716,Backend,Security DevOps System Design,Junior,Как оптимизировать CORS (advanced)?,How do you optimize CORS (advanced)?
717,Backend,Architecture Distributed Systems,Junior,Сравните XSS с альтернативным подходом.,Compare XSS with an alternative approach.
717,Backend,Security DevOps System Design,Junior,Сравните React hooks с альтернативным подходом.,Compare React hooks with an alternative approach.
718,Backend,Architecture Distributed Systems,Junior,Какие ошибки часто допускают при работе с Node.js streams?,What common mistakes are made when working with Node.js streams?
718,Backend,Security DevOps System Design,Junior,Какие ошибки часто допускают при работе с state management (advanced)?,What common mistakes are made when working with state management (advanced)?
719,Backend,Architecture Distributed Systems,Junior,Как REST API влияет на производительность?,How does REST API affect performance?
719,Backend,Security DevOps System Design,Junior,Как SSR влияет на производительность (advanced)?,How does SSR affect performance (advanced)?
720,Backend,Architecture Distributed Systems,Junior,Приведите production-пример использования transactions.,Give a production example of using transactions.
720,Backend,Security DevOps System Design,Junior,Приведите production-пример использования testing.,Give a production example of using testing.
721,Backend,Architecture Distributed Systems,Junior,Что такое indexes?,What is indexes?
721,Backend,Security DevOps System Design,Junior,Что такое XSS (advanced)?,What is XSS (advanced)?
722,Backend,Architecture Distributed Systems,Junior,Как работает Redis caching?,How does Redis caching work?
722,Backend,Security DevOps System Design,Junior,Как работает Node.js streams (advanced)?,How does Node.js streams work (advanced)?
723,Backend,Architecture Distributed Systems,Junior,Когда использовать message queues?,When should you use message queues?
723,Backend,Security DevOps System Design,Junior,Когда использовать REST API (advanced)?,When should you use REST API (advanced)?
724,Backend,Architecture Distributed Systems,Junior,Какие проблемы возникают при использовании microservices?,What problems can arise when using microservices?
724,Backend,Security DevOps System Design,Junior,Какие проблемы возникают при использовании transactions (advanced)?,What problems can arise when using transactions (advanced)?
725,Backend,Architecture Distributed Systems,Junior,Как протестировать JWT?,How do you test JWT?
725,Backend,Security DevOps System Design,Junior,Как протестировать indexes (advanced)?,How do you test indexes (advanced)?
726,Backend,Architecture Distributed Systems,Junior,Как оптимизировать Docker?,How do you optimize Docker?
726,Backend,Security DevOps System Design,Junior,Как оптимизировать Redis caching (advanced)?,How do you optimize Redis caching (advanced)?
727,Backend,Architecture Distributed Systems,Junior,Сравните observability с альтернативным подходом.,Compare observability with an alternative approach.
727,Backend,Security DevOps System Design,Junior,Сравните message queues с альтернативным подходом.,Compare message queues with an alternative approach.
728,Backend,Architecture Distributed Systems,Junior,Какие ошибки часто допускают при работе с system design?,What common mistakes are made when working with system design?
728,Backend,Security DevOps System Design,Junior,Какие ошибки часто допускают при работе с microservices (advanced)?,What common mistakes are made when working with microservices (advanced)?
729,Backend,Architecture Distributed Systems,Junior,Как closures влияет на производительность?,How does closures affect performance?
729,Backend,Security DevOps System Design,Junior,Как JWT влияет на производительность (advanced)?,How does JWT affect performance (advanced)?
730,Backend,Architecture Distributed Systems,Junior,Приведите production-пример использования event loop.,Give a production example of using event loop.
730,Backend,Security DevOps System Design,Junior,Приведите production-пример использования Docker.,Give a production example of using Docker.
731,Backend,Architecture Distributed Systems,Middle,Что такое promises?,What is promises?
731,Backend,Security DevOps System Design,Middle,Что такое observability (advanced)?,What is observability (advanced)?
732,Backend,Architecture Distributed Systems,Middle,Как работает async/await?,How does async/await work?
732,Backend,Security DevOps System Design,Middle,Как работает system design (advanced)?,How does system design work (advanced)?
733,Backend,Architecture Distributed Systems,Middle,Когда использовать prototypes?,When should you use prototypes?
733,Backend,Security DevOps System Design,Middle,Когда использовать closures (advanced)?,When should you use closures (advanced)?
734,Backend,Architecture Distributed Systems,Middle,Какие проблемы возникают при использовании TypeScript generics?,What problems can arise when using TypeScript generics?
734,Backend,Security DevOps System Design,Middle,Какие проблемы возникают при использовании event loop (advanced)?,What problems can arise when using event loop (advanced)?
735,Backend,Architecture Distributed Systems,Middle,Как протестировать accessibility?,How do you test accessibility?
735,Backend,Security DevOps System Design,Middle,Как протестировать promises (advanced)?,How do you test promises (advanced)?
736,Backend,Architecture Distributed Systems,Middle,Как оптимизировать CSS Grid?,How do you optimize CSS Grid?
736,Backend,Security DevOps System Design,Middle,Как оптимизировать async/await (advanced)?,How do you optimize async/await (advanced)?
737,Backend,Architecture Distributed Systems,Middle,Сравните HTTP caching с альтернативным подходом.,Compare HTTP caching with an alternative approach.
737,Backend,Security DevOps System Design,Middle,Сравните prototypes с альтернативным подходом.,Compare prototypes with an alternative approach.
738,Backend,Architecture Distributed Systems,Middle,Какие ошибки часто допускают при работе с CORS?,What common mistakes are made when working with CORS?
738,Backend,Security DevOps System Design,Middle,Какие ошибки часто допускают при работе с TypeScript generics (advanced)?,What common mistakes are made when working with TypeScript generics (advanced)?
739,Backend,Architecture Distributed Systems,Middle,Как React hooks влияет на производительность?,How does React hooks affect performance?
739,Backend,Security DevOps System Design,Middle,Как accessibility влияет на производительность (advanced)?,How does accessibility affect performance (advanced)?
740,Backend,Architecture Distributed Systems,Middle,Приведите production-пример использования state management.,Give a production example of using state management.
740,Backend,Security DevOps System Design,Middle,Приведите production-пример использования CSS Grid.,Give a production example of using CSS Grid.
741,Backend,Architecture Distributed Systems,Middle,Что такое SSR?,What is SSR?
741,Backend,Security DevOps System Design,Middle,Что такое HTTP caching (advanced)?,What is HTTP caching (advanced)?
742,Backend,Architecture Distributed Systems,Middle,Как работает testing?,How does testing work?
742,Backend,Security DevOps System Design,Middle,Как работает CORS (advanced)?,How does CORS work (advanced)?
743,Backend,Architecture Distributed Systems,Middle,Когда использовать XSS?,When should you use XSS?
743,Backend,Security DevOps System Design,Middle,Когда использовать React hooks (advanced)?,When should you use React hooks (advanced)?
744,Backend,Architecture Distributed Systems,Middle,Какие проблемы возникают при использовании Node.js streams?,What problems can arise when using Node.js streams?
744,Backend,Security DevOps System Design,Middle,Какие проблемы возникают при использовании state management (advanced)?,What problems can arise when using state management (advanced)?
745,Backend,Architecture Distributed Systems,Middle,Как протестировать REST API?,How do you test REST API?
745,Backend,Security DevOps System Design,Middle,Как протестировать SSR (advanced)?,How do you test SSR (advanced)?
746,Backend,Architecture Distributed Systems,Middle,Как оптимизировать transactions?,How do you optimize transactions?
746,Backend,Security DevOps System Design,Middle,Как оптимизировать testing (advanced)?,How do you optimize testing (advanced)?
747,Backend,Architecture Distributed Systems,Middle,Сравните indexes с альтернативным подходом.,Compare indexes with an alternative approach.
747,Backend,Security DevOps System Design,Middle,Сравните XSS с альтернативным подходом.,Compare XSS with an alternative approach.
748,Backend,Architecture Distributed Systems,Middle,Какие ошибки часто допускают при работе с Redis caching?,What common mistakes are made when working with Redis caching?
748,Backend,Security DevOps System Design,Middle,Какие ошибки часто допускают при работе с Node.js streams (advanced)?,What common mistakes are made when working with Node.js streams (advanced)?
749,Backend,Architecture Distributed Systems,Middle,Как message queues влияет на производительность?,How does message queues affect performance?
749,Backend,Security DevOps System Design,Middle,Как REST API влияет на производительность (advanced)?,How does REST API affect performance (advanced)?
750,Backend,Architecture Distributed Systems,Middle,Приведите production-пример использования microservices.,Give a production example of using microservices.
750,Backend,Security DevOps System Design,Middle,Приведите production-пример использования transactions.,Give a production example of using transactions.
751,Backend,Architecture Distributed Systems,Middle,Что такое JWT?,What is JWT?
751,Backend,Security DevOps System Design,Middle,Что такое indexes (advanced)?,What is indexes (advanced)?
752,Backend,Architecture Distributed Systems,Middle,Как работает Docker?,How does Docker work?
752,Backend,Security DevOps System Design,Middle,Как работает Redis caching (advanced)?,How does Redis caching work (advanced)?
753,Backend,Architecture Distributed Systems,Middle,Когда использовать observability?,When should you use observability?
753,Backend,Security DevOps System Design,Middle,Когда использовать message queues (advanced)?,When should you use message queues (advanced)?
754,Backend,Architecture Distributed Systems,Middle,Какие проблемы возникают при использовании system design?,What problems can arise when using system design?
754,Backend,Security DevOps System Design,Middle,Какие проблемы возникают при использовании microservices (advanced)?,What problems can arise when using microservices (advanced)?
755,Backend,Architecture Distributed Systems,Middle,Как протестировать closures?,How do you test closures?
755,Backend,Security DevOps System Design,Middle,Как протестировать JWT (advanced)?,How do you test JWT (advanced)?
756,Backend,Architecture Distributed Systems,Middle,Как оптимизировать event loop?,How do you optimize event loop?
756,Backend,Security DevOps System Design,Middle,Как оптимизировать Docker (advanced)?,How do you optimize Docker (advanced)?
757,Backend,Architecture Distributed Systems,Middle,Сравните promises с альтернативным подходом.,Compare promises with an alternative approach.
757,Backend,Security DevOps System Design,Middle,Сравните observability с альтернативным подходом.,Compare observability with an alternative approach.
758,Backend,Architecture Distributed Systems,Middle,Какие ошибки часто допускают при работе с async/await?,What common mistakes are made when working with async/await?
758,Backend,Security DevOps System Design,Middle,Какие ошибки часто допускают при работе с system design (advanced)?,What common mistakes are made when working with system design (advanced)?
759,Backend,Architecture Distributed Systems,Middle,Как prototypes влияет на производительность?,How does prototypes affect performance?
759,Backend,Security DevOps System Design,Middle,Как closures влияет на производительность (advanced)?,How does closures affect performance (advanced)?
760,Backend,Architecture Distributed Systems,Middle,Приведите production-пример использования TypeScript generics.,Give a production example of using TypeScript generics.
760,Backend,Security DevOps System Design,Middle,Приведите production-пример использования event loop.,Give a production example of using event loop.
761,Backend,Architecture Distributed Systems,Middle,Что такое accessibility?,What is accessibility?
761,Backend,Security DevOps System Design,Middle,Что такое promises (advanced)?,What is promises (advanced)?
762,Backend,Architecture Distributed Systems,Middle,Как работает CSS Grid?,How does CSS Grid work?
762,Backend,Security DevOps System Design,Middle,Как работает async/await (advanced)?,How does async/await work (advanced)?
763,Backend,Architecture Distributed Systems,Middle,Когда использовать HTTP caching?,When should you use HTTP caching?
763,Backend,Security DevOps System Design,Middle,Когда использовать prototypes (advanced)?,When should you use prototypes (advanced)?
764,Backend,Architecture Distributed Systems,Middle,Какие проблемы возникают при использовании CORS?,What problems can arise when using CORS?
764,Backend,Security DevOps System Design,Middle,Какие проблемы возникают при использовании TypeScript generics (advanced)?,What problems can arise when using TypeScript generics (advanced)?
765,Backend,Architecture Distributed Systems,Middle,Как протестировать React hooks?,How do you test React hooks?
765,Backend,Security DevOps System Design,Middle,Как протестировать accessibility (advanced)?,How do you test accessibility (advanced)?
766,Backend,Architecture Distributed Systems,Middle,Как оптимизировать state management?,How do you optimize state management?
766,Backend,Security DevOps System Design,Middle,Как оптимизировать CSS Grid (advanced)?,How do you optimize CSS Grid (advanced)?
767,Backend,Architecture Distributed Systems,Middle,Сравните SSR с альтернативным подходом.,Compare SSR with an alternative approach.
767,Backend,Security DevOps System Design,Middle,Сравните HTTP caching с альтернативным подходом.,Compare HTTP caching with an alternative approach.
768,Backend,Architecture Distributed Systems,Middle,Какие ошибки часто допускают при работе с testing?,What common mistakes are made when working with testing?
768,Backend,Security DevOps System Design,Middle,Какие ошибки часто допускают при работе с CORS (advanced)?,What common mistakes are made when working with CORS (advanced)?
769,Backend,Architecture Distributed Systems,Middle,Как XSS влияет на производительность?,How does XSS affect performance?
769,Backend,Security DevOps System Design,Middle,Как React hooks влияет на производительность (advanced)?,How does React hooks affect performance (advanced)?
770,Backend,Architecture Distributed Systems,Middle,Приведите production-пример использования Node.js streams.,Give a production example of using Node.js streams.
770,Backend,Security DevOps System Design,Middle,Приведите production-пример использования state management.,Give a production example of using state management.
771,Backend,Architecture Distributed Systems,Middle,Что такое REST API?,What is REST API?
771,Backend,Security DevOps System Design,Middle,Что такое SSR (advanced)?,What is SSR (advanced)?
772,Backend,Architecture Distributed Systems,Middle,Как работает transactions?,How does transactions work?
772,Backend,Security DevOps System Design,Middle,Как работает testing (advanced)?,How does testing work (advanced)?
773,Backend,Architecture Distributed Systems,Middle,Когда использовать indexes?,When should you use indexes?
773,Backend,Security DevOps System Design,Middle,Когда использовать XSS (advanced)?,When should you use XSS (advanced)?
774,Backend,Architecture Distributed Systems,Middle,Какие проблемы возникают при использовании Redis caching?,What problems can arise when using Redis caching?
774,Backend,Security DevOps System Design,Middle,Какие проблемы возникают при использовании Node.js streams (advanced)?,What problems can arise when using Node.js streams (advanced)?
775,Backend,Architecture Distributed Systems,Middle,Как протестировать message queues?,How do you test message queues?
775,Backend,Security DevOps System Design,Middle,Как протестировать REST API (advanced)?,How do you test REST API (advanced)?
776,Backend,Architecture Distributed Systems,Senior,Как оптимизировать microservices?,How do you optimize microservices?
776,Backend,Security DevOps System Design,Senior,Как оптимизировать transactions (advanced)?,How do you optimize transactions (advanced)?
777,Backend,Architecture Distributed Systems,Senior,Сравните JWT с альтернативным подходом.,Compare JWT with an alternative approach.
777,Backend,Security DevOps System Design,Senior,Сравните indexes с альтернативным подходом.,Compare indexes with an alternative approach.
778,Backend,Architecture Distributed Systems,Senior,Какие ошибки часто допускают при работе с Docker?,What common mistakes are made when working with Docker?
778,Backend,Security DevOps System Design,Senior,Какие ошибки часто допускают при работе с Redis caching (advanced)?,What common mistakes are made when working with Redis caching (advanced)?
779,Backend,Architecture Distributed Systems,Senior,Как observability влияет на производительность?,How does observability affect performance?
779,Backend,Security DevOps System Design,Senior,Как message queues влияет на производительность (advanced)?,How does message queues affect performance (advanced)?
780,Backend,Architecture Distributed Systems,Senior,Приведите production-пример использования system design.,Give a production example of using system design.
780,Backend,Security DevOps System Design,Senior,Приведите production-пример использования microservices.,Give a production example of using microservices.
781,Backend,Architecture Distributed Systems,Senior,Что такое closures?,What is closures?
781,Backend,Security DevOps System Design,Senior,Что такое JWT (advanced)?,What is JWT (advanced)?
782,Backend,Architecture Distributed Systems,Senior,Как работает event loop?,How does event loop work?
782,Backend,Security DevOps System Design,Senior,Как работает Docker (advanced)?,How does Docker work (advanced)?
783,Backend,Architecture Distributed Systems,Senior,Когда использовать promises?,When should you use promises?
783,Backend,Security DevOps System Design,Senior,Когда использовать observability (advanced)?,When should you use observability (advanced)?
784,Backend,Architecture Distributed Systems,Senior,Какие проблемы возникают при использовании async/await?,What problems can arise when using async/await?
784,Backend,Security DevOps System Design,Senior,Какие проблемы возникают при использовании system design (advanced)?,What problems can arise when using system design (advanced)?
785,Backend,Architecture Distributed Systems,Senior,Как протестировать prototypes?,How do you test prototypes?
785,Backend,Security DevOps System Design,Senior,Как протестировать closures (advanced)?,How do you test closures (advanced)?
786,Backend,Architecture Distributed Systems,Senior,Как оптимизировать TypeScript generics?,How do you optimize TypeScript generics?
786,Backend,Security DevOps System Design,Senior,Как оптимизировать event loop (advanced)?,How do you optimize event loop (advanced)?
787,Backend,Architecture Distributed Systems,Senior,Сравните accessibility с альтернативным подходом.,Compare accessibility with an alternative approach.
787,Backend,Security DevOps System Design,Senior,Сравните promises с альтернативным подходом.,Compare promises with an alternative approach.
788,Backend,Architecture Distributed Systems,Senior,Какие ошибки часто допускают при работе с CSS Grid?,What common mistakes are made when working with CSS Grid?
788,Backend,Security DevOps System Design,Senior,Какие ошибки часто допускают при работе с async/await (advanced)?,What common mistakes are made when working with async/await (advanced)?
789,Backend,Architecture Distributed Systems,Senior,Как HTTP caching влияет на производительность?,How does HTTP caching affect performance?
789,Backend,Security DevOps System Design,Senior,Как prototypes влияет на производительность (advanced)?,How does prototypes affect performance (advanced)?
790,Backend,Architecture Distributed Systems,Senior,Приведите production-пример использования CORS.,Give a production example of using CORS.
790,Backend,Security DevOps System Design,Senior,Приведите production-пример использования TypeScript generics.,Give a production example of using TypeScript generics.
791,Backend,Architecture Distributed Systems,Senior,Что такое React hooks?,What is React hooks?
791,Backend,Security DevOps System Design,Senior,Что такое accessibility (advanced)?,What is accessibility (advanced)?
792,Backend,Architecture Distributed Systems,Senior,Как работает state management?,How does state management work?
792,Backend,Security DevOps System Design,Senior,Как работает CSS Grid (advanced)?,How does CSS Grid work (advanced)?
793,Backend,Architecture Distributed Systems,Senior,Когда использовать SSR?,When should you use SSR?
793,Backend,Security DevOps System Design,Senior,Когда использовать HTTP caching (advanced)?,When should you use HTTP caching (advanced)?
794,Backend,Architecture Distributed Systems,Senior,Какие проблемы возникают при использовании testing?,What problems can arise when using testing?
794,Backend,Security DevOps System Design,Senior,Какие проблемы возникают при использовании CORS (advanced)?,What problems can arise when using CORS (advanced)?
795,Backend,Architecture Distributed Systems,Senior,Как протестировать XSS?,How do you test XSS?
795,Backend,Security DevOps System Design,Senior,Как протестировать React hooks (advanced)?,How do you test React hooks (advanced)?
796,Backend,Architecture Distributed Systems,Senior,Как оптимизировать Node.js streams?,How do you optimize Node.js streams?
796,Backend,Security DevOps System Design,Senior,Как оптимизировать state management (advanced)?,How do you optimize state management (advanced)?
797,Backend,Architecture Distributed Systems,Senior,Сравните REST API с альтернативным подходом.,Compare REST API with an alternative approach.
797,Backend,Security DevOps System Design,Senior,Сравните SSR с альтернативным подходом.,Compare SSR with an alternative approach.
798,Backend,Architecture Distributed Systems,Senior,Какие ошибки часто допускают при работе с transactions?,What common mistakes are made when working with transactions?
798,Backend,Security DevOps System Design,Senior,Какие ошибки часто допускают при работе с testing (advanced)?,What common mistakes are made when working with testing (advanced)?
799,Backend,Architecture Distributed Systems,Senior,Как indexes влияет на производительность?,How does indexes affect performance?
799,Backend,Security DevOps System Design,Senior,Как XSS влияет на производительность (advanced)?,How does XSS affect performance (advanced)?
800,Backend,Architecture Distributed Systems,Senior,Приведите production-пример использования Redis caching.,Give a production example of using Redis caching.
800,Backend,Security DevOps System Design,Senior,Приведите production-пример использования Node.js streams.,Give a production example of using Node.js streams.
801,Backend,Security DevOps System Design,Junior,Что такое message queues?,What is message queues?
801,Backend,Node.js API,Junior,Что такое accessibility (advanced)?,What is accessibility (advanced)?
802,Backend,Security DevOps System Design,Junior,Как работает microservices?,How does microservices work?
802,Backend,Node.js API,Junior,Как работает CSS Grid (advanced)?,How does CSS Grid work (advanced)?
803,Backend,Security DevOps System Design,Junior,Когда использовать JWT?,When should you use JWT?
803,Backend,Node.js API,Junior,Когда использовать HTTP caching (advanced)?,When should you use HTTP caching (advanced)?
804,Backend,Security DevOps System Design,Junior,Какие проблемы возникают при использовании Docker?,What problems can arise when using Docker?
804,Backend,Node.js API,Junior,Какие проблемы возникают при использовании CORS (advanced)?,What problems can arise when using CORS (advanced)?
805,Backend,Security DevOps System Design,Junior,Как протестировать observability?,How do you test observability?
805,Backend,Node.js API,Junior,Как протестировать React hooks (advanced)?,How do you test React hooks (advanced)?
806,Backend,Security DevOps System Design,Junior,Как оптимизировать system design?,How do you optimize system design?
806,Backend,Node.js API,Junior,Как оптимизировать state management (advanced)?,How do you optimize state management (advanced)?
807,Backend,Security DevOps System Design,Junior,Сравните closures с альтернативным подходом.,Compare closures with an alternative approach.
807,Backend,Node.js API,Junior,Сравните SSR с альтернативным подходом.,Compare SSR with an alternative approach.
808,Backend,Security DevOps System Design,Junior,Какие ошибки часто допускают при работе с event loop?,What common mistakes are made when working with event loop?
808,Backend,Node.js API,Junior,Какие ошибки часто допускают при работе с testing (advanced)?,What common mistakes are made when working with testing (advanced)?
809,Backend,Security DevOps System Design,Junior,Как promises влияет на производительность?,How does promises affect performance?
809,Backend,Node.js API,Junior,Как XSS влияет на производительность (advanced)?,How does XSS affect performance (advanced)?
810,Backend,Security DevOps System Design,Junior,Приведите production-пример использования async/await.,Give a production example of using async/await.
810,Backend,Node.js API,Junior,Приведите production-пример использования Node.js streams.,Give a production example of using Node.js streams.
811,Backend,Security DevOps System Design,Junior,Что такое prototypes?,What is prototypes?
811,Backend,Node.js API,Junior,Что такое REST API (advanced)?,What is REST API (advanced)?
812,Backend,Security DevOps System Design,Junior,Как работает TypeScript generics?,How does TypeScript generics work?
812,Backend,Node.js API,Junior,Как работает transactions (advanced)?,How does transactions work (advanced)?
813,Backend,Security DevOps System Design,Junior,Когда использовать accessibility?,When should you use accessibility?
813,Backend,Node.js API,Junior,Когда использовать indexes (advanced)?,When should you use indexes (advanced)?
814,Backend,Security DevOps System Design,Junior,Какие проблемы возникают при использовании CSS Grid?,What problems can arise when using CSS Grid?
814,Backend,Node.js API,Junior,Какие проблемы возникают при использовании Redis caching (advanced)?,What problems can arise when using Redis caching (advanced)?
815,Backend,Security DevOps System Design,Junior,Как протестировать HTTP caching?,How do you test HTTP caching?
815,Backend,Node.js API,Junior,Как протестировать message queues (advanced)?,How do you test message queues (advanced)?
816,Backend,Security DevOps System Design,Junior,Как оптимизировать CORS?,How do you optimize CORS?
816,Backend,Node.js API,Junior,Как оптимизировать microservices (advanced)?,How do you optimize microservices (advanced)?
817,Backend,Security DevOps System Design,Junior,Сравните React hooks с альтернативным подходом.,Compare React hooks with an alternative approach.
817,Backend,Node.js API,Junior,Сравните JWT с альтернативным подходом.,Compare JWT with an alternative approach.
818,Backend,Security DevOps System Design,Junior,Какие ошибки часто допускают при работе с state management?,What common mistakes are made when working with state management?
818,Backend,Node.js API,Junior,Какие ошибки часто допускают при работе с Docker (advanced)?,What common mistakes are made when working with Docker (advanced)?
819,Backend,Security DevOps System Design,Junior,Как SSR влияет на производительность?,How does SSR affect performance?
819,Backend,Node.js API,Junior,Как observability влияет на производительность (advanced)?,How does observability affect performance (advanced)?
820,Backend,Security DevOps System Design,Junior,Приведите production-пример использования testing.,Give a production example of using testing.
820,Backend,Node.js API,Junior,Приведите production-пример использования system design.,Give a production example of using system design.
821,Backend,Security DevOps System Design,Junior,Что такое XSS?,What is XSS?
821,Backend,Node.js API,Junior,Что такое closures (advanced)?,What is closures (advanced)?
822,Backend,Security DevOps System Design,Junior,Как работает Node.js streams?,How does Node.js streams work?
822,Backend,Node.js API,Junior,Как работает event loop (advanced)?,How does event loop work (advanced)?
823,Backend,Security DevOps System Design,Junior,Когда использовать REST API?,When should you use REST API?
823,Backend,Node.js API,Junior,Когда использовать promises (advanced)?,When should you use promises (advanced)?
824,Backend,Security DevOps System Design,Junior,Какие проблемы возникают при использовании transactions?,What problems can arise when using transactions?
824,Backend,Node.js API,Junior,Какие проблемы возникают при использовании async/await (advanced)?,What problems can arise when using async/await (advanced)?
825,Backend,Security DevOps System Design,Junior,Как протестировать indexes?,How do you test indexes?
825,Backend,Node.js API,Junior,Как протестировать prototypes (advanced)?,How do you test prototypes (advanced)?
826,Backend,Security DevOps System Design,Junior,Как оптимизировать Redis caching?,How do you optimize Redis caching?
826,Backend,Node.js API,Junior,Как оптимизировать TypeScript generics (advanced)?,How do you optimize TypeScript generics (advanced)?
827,Backend,Security DevOps System Design,Junior,Сравните message queues с альтернативным подходом.,Compare message queues with an alternative approach.
827,Backend,Node.js API,Junior,Сравните accessibility с альтернативным подходом.,Compare accessibility with an alternative approach.
828,Backend,Security DevOps System Design,Junior,Какие ошибки часто допускают при работе с microservices?,What common mistakes are made when working with microservices?
828,Backend,Node.js API,Junior,Какие ошибки часто допускают при работе с CSS Grid (advanced)?,What common mistakes are made when working with CSS Grid (advanced)?
829,Backend,Security DevOps System Design,Junior,Как JWT влияет на производительность?,How does JWT affect performance?
829,Backend,Node.js API,Junior,Как HTTP caching влияет на производительность (advanced)?,How does HTTP caching affect performance (advanced)?
830,Backend,Security DevOps System Design,Junior,Приведите production-пример использования Docker.,Give a production example of using Docker.
830,Backend,Node.js API,Junior,Приведите production-пример использования CORS.,Give a production example of using CORS.
831,Backend,Security DevOps System Design,Middle,Что такое observability?,What is observability?
831,Backend,Node.js API,Middle,Что такое React hooks (advanced)?,What is React hooks (advanced)?
832,Backend,Security DevOps System Design,Middle,Как работает system design?,How does system design work?
832,Backend,Node.js API,Middle,Как работает state management (advanced)?,How does state management work (advanced)?
833,Backend,Security DevOps System Design,Middle,Когда использовать closures?,When should you use closures?
833,Backend,Node.js API,Middle,Когда использовать SSR (advanced)?,When should you use SSR (advanced)?
834,Backend,Security DevOps System Design,Middle,Какие проблемы возникают при использовании event loop?,What problems can arise when using event loop?
834,Backend,Node.js API,Middle,Какие проблемы возникают при использовании testing (advanced)?,What problems can arise when using testing (advanced)?
835,Backend,Security DevOps System Design,Middle,Как протестировать promises?,How do you test promises?
835,Backend,Node.js API,Middle,Как протестировать XSS (advanced)?,How do you test XSS (advanced)?
836,Backend,Security DevOps System Design,Middle,Как оптимизировать async/await?,How do you optimize async/await?
836,Backend,Node.js API,Middle,Как оптимизировать Node.js streams (advanced)?,How do you optimize Node.js streams (advanced)?
837,Backend,Security DevOps System Design,Middle,Сравните prototypes с альтернативным подходом.,Compare prototypes with an alternative approach.
837,Backend,Node.js API,Middle,Сравните REST API с альтернативным подходом.,Compare REST API with an alternative approach.
838,Backend,Security DevOps System Design,Middle,Какие ошибки часто допускают при работе с TypeScript generics?,What common mistakes are made when working with TypeScript generics?
838,Backend,Node.js API,Middle,Какие ошибки часто допускают при работе с transactions (advanced)?,What common mistakes are made when working with transactions (advanced)?
839,Backend,Security DevOps System Design,Middle,Как accessibility влияет на производительность?,How does accessibility affect performance?
839,Backend,Node.js API,Middle,Как indexes влияет на производительность (advanced)?,How does indexes affect performance (advanced)?
840,Backend,Security DevOps System Design,Middle,Приведите production-пример использования CSS Grid.,Give a production example of using CSS Grid.
840,Backend,Node.js API,Middle,Приведите production-пример использования Redis caching.,Give a production example of using Redis caching.
841,Backend,Security DevOps System Design,Middle,Что такое HTTP caching?,What is HTTP caching?
841,Backend,Node.js API,Middle,Что такое message queues (advanced)?,What is message queues (advanced)?
842,Backend,Security DevOps System Design,Middle,Как работает CORS?,How does CORS work?
842,Backend,Node.js API,Middle,Как работает microservices (advanced)?,How does microservices work (advanced)?
843,Backend,Security DevOps System Design,Middle,Когда использовать React hooks?,When should you use React hooks?
843,Backend,Node.js API,Middle,Когда использовать JWT (advanced)?,When should you use JWT (advanced)?
844,Backend,Security DevOps System Design,Middle,Какие проблемы возникают при использовании state management?,What problems can arise when using state management?
844,Backend,Node.js API,Middle,Какие проблемы возникают при использовании Docker (advanced)?,What problems can arise when using Docker (advanced)?
845,Backend,Security DevOps System Design,Middle,Как протестировать SSR?,How do you test SSR?
845,Backend,Node.js API,Middle,Как протестировать observability (advanced)?,How do you test observability (advanced)?
846,Backend,Security DevOps System Design,Middle,Как оптимизировать testing?,How do you optimize testing?
846,Backend,Node.js API,Middle,Как оптимизировать system design (advanced)?,How do you optimize system design (advanced)?
847,Backend,Security DevOps System Design,Middle,Сравните XSS с альтернативным подходом.,Compare XSS with an alternative approach.
847,Backend,Node.js API,Middle,Сравните closures с альтернативным подходом.,Compare closures with an alternative approach.
848,Backend,Security DevOps System Design,Middle,Какие ошибки часто допускают при работе с Node.js streams?,What common mistakes are made when working with Node.js streams?
848,Backend,Node.js API,Middle,Какие ошибки часто допускают при работе с event loop (advanced)?,What common mistakes are made when working with event loop (advanced)?
849,Backend,Security DevOps System Design,Middle,Как REST API влияет на производительность?,How does REST API affect performance?
849,Backend,Node.js API,Middle,Как promises влияет на производительность (advanced)?,How does promises affect performance (advanced)?
850,Backend,Security DevOps System Design,Middle,Приведите production-пример использования transactions.,Give a production example of using transactions.
850,Backend,Node.js API,Middle,Приведите production-пример использования async/await.,Give a production example of using async/await.
851,Backend,Security DevOps System Design,Middle,Что такое indexes?,What is indexes?
851,Backend,Node.js API,Middle,Что такое prototypes (advanced)?,What is prototypes (advanced)?
852,Backend,Security DevOps System Design,Middle,Как работает Redis caching?,How does Redis caching work?
852,Backend,Node.js API,Middle,Как работает TypeScript generics (advanced)?,How does TypeScript generics work (advanced)?
853,Backend,Security DevOps System Design,Middle,Когда использовать message queues?,When should you use message queues?
853,Backend,Node.js API,Middle,Когда использовать accessibility (advanced)?,When should you use accessibility (advanced)?
854,Backend,Security DevOps System Design,Middle,Какие проблемы возникают при использовании microservices?,What problems can arise when using microservices?
854,Backend,Node.js API,Middle,Какие проблемы возникают при использовании CSS Grid (advanced)?,What problems can arise when using CSS Grid (advanced)?
855,Backend,Security DevOps System Design,Middle,Как протестировать JWT?,How do you test JWT?
855,Backend,Node.js API,Middle,Как протестировать HTTP caching (advanced)?,How do you test HTTP caching (advanced)?
856,Backend,Security DevOps System Design,Middle,Как оптимизировать Docker?,How do you optimize Docker?
856,Backend,Node.js API,Middle,Как оптимизировать CORS (advanced)?,How do you optimize CORS (advanced)?
857,Backend,Security DevOps System Design,Middle,Сравните observability с альтернативным подходом.,Compare observability with an alternative approach.
857,Backend,Node.js API,Middle,Сравните React hooks с альтернативным подходом.,Compare React hooks with an alternative approach.
858,Backend,Security DevOps System Design,Middle,Какие ошибки часто допускают при работе с system design?,What common mistakes are made when working with system design?
858,Backend,Node.js API,Middle,Какие ошибки часто допускают при работе с state management (advanced)?,What common mistakes are made when working with state management (advanced)?
859,Backend,Security DevOps System Design,Middle,Как closures влияет на производительность?,How does closures affect performance?
859,Backend,Node.js API,Middle,Как SSR влияет на производительность (advanced)?,How does SSR affect performance (advanced)?
860,Backend,Security DevOps System Design,Middle,Приведите production-пример использования event loop.,Give a production example of using event loop.
860,Backend,Node.js API,Middle,Приведите production-пример использования testing.,Give a production example of using testing.
861,Backend,Security DevOps System Design,Middle,Что такое promises?,What is promises?
861,Backend,Node.js API,Middle,Что такое XSS (advanced)?,What is XSS (advanced)?
862,Backend,Security DevOps System Design,Middle,Как работает async/await?,How does async/await work?
862,Backend,Node.js API,Middle,Как работает Node.js streams (advanced)?,How does Node.js streams work (advanced)?
863,Backend,Security DevOps System Design,Middle,Когда использовать prototypes?,When should you use prototypes?
863,Backend,Node.js API,Middle,Когда использовать REST API (advanced)?,When should you use REST API (advanced)?
864,Backend,Security DevOps System Design,Middle,Какие проблемы возникают при использовании TypeScript generics?,What problems can arise when using TypeScript generics?
864,Backend,Node.js API,Middle,Какие проблемы возникают при использовании transactions (advanced)?,What problems can arise when using transactions (advanced)?
865,Backend,Security DevOps System Design,Middle,Как протестировать accessibility?,How do you test accessibility?
865,Backend,Node.js API,Middle,Как протестировать indexes (advanced)?,How do you test indexes (advanced)?
866,Backend,Security DevOps System Design,Middle,Как оптимизировать CSS Grid?,How do you optimize CSS Grid?
866,Backend,Node.js API,Middle,Как оптимизировать Redis caching (advanced)?,How do you optimize Redis caching (advanced)?
867,Backend,Security DevOps System Design,Middle,Сравните HTTP caching с альтернативным подходом.,Compare HTTP caching with an alternative approach.
867,Backend,Node.js API,Middle,Сравните message queues с альтернативным подходом.,Compare message queues with an alternative approach.
868,Backend,Security DevOps System Design,Middle,Какие ошибки часто допускают при работе с CORS?,What common mistakes are made when working with CORS?
868,Backend,Node.js API,Middle,Какие ошибки часто допускают при работе с microservices (advanced)?,What common mistakes are made when working with microservices (advanced)?
869,Backend,Security DevOps System Design,Middle,Как React hooks влияет на производительность?,How does React hooks affect performance?
869,Backend,Node.js API,Middle,Как JWT влияет на производительность (advanced)?,How does JWT affect performance (advanced)?
870,Backend,Security DevOps System Design,Middle,Приведите production-пример использования state management.,Give a production example of using state management.
870,Backend,Node.js API,Middle,Приведите production-пример использования Docker.,Give a production example of using Docker.
871,Backend,Security DevOps System Design,Middle,Что такое SSR?,What is SSR?
871,Backend,Node.js API,Middle,Что такое observability (advanced)?,What is observability (advanced)?
872,Backend,Security DevOps System Design,Middle,Как работает testing?,How does testing work?
872,Backend,Node.js API,Middle,Как работает system design (advanced)?,How does system design work (advanced)?
873,Backend,Security DevOps System Design,Middle,Когда использовать XSS?,When should you use XSS?
873,Backend,Node.js API,Middle,Когда использовать closures (advanced)?,When should you use closures (advanced)?
874,Backend,Security DevOps System Design,Middle,Какие проблемы возникают при использовании Node.js streams?,What problems can arise when using Node.js streams?
874,Backend,Node.js API,Middle,Какие проблемы возникают при использовании event loop (advanced)?,What problems can arise when using event loop (advanced)?
875,Backend,Security DevOps System Design,Middle,Как протестировать REST API?,How do you test REST API?
875,Backend,Node.js API,Middle,Как протестировать promises (advanced)?,How do you test promises (advanced)?
876,Backend,Security DevOps System Design,Senior,Как оптимизировать transactions?,How do you optimize transactions?
876,Backend,Node.js API,Senior,Как оптимизировать async/await (advanced)?,How do you optimize async/await (advanced)?
877,Backend,Security DevOps System Design,Senior,Сравните indexes с альтернативным подходом.,Compare indexes with an alternative approach.
877,Backend,Node.js API,Senior,Сравните prototypes с альтернативным подходом.,Compare prototypes with an alternative approach.
878,Backend,Security DevOps System Design,Senior,Какие ошибки часто допускают при работе с Redis caching?,What common mistakes are made when working with Redis caching?
878,Backend,Node.js API,Senior,Какие ошибки часто допускают при работе с TypeScript generics (advanced)?,What common mistakes are made when working with TypeScript generics (advanced)?
879,Backend,Security DevOps System Design,Senior,Как message queues влияет на производительность?,How does message queues affect performance?
879,Backend,Node.js API,Senior,Как accessibility влияет на производительность (advanced)?,How does accessibility affect performance (advanced)?
880,Backend,Security DevOps System Design,Senior,Приведите production-пример использования microservices.,Give a production example of using microservices.
880,Backend,Node.js API,Senior,Приведите production-пример использования CSS Grid.,Give a production example of using CSS Grid.
881,Backend,Security DevOps System Design,Senior,Что такое JWT?,What is JWT?
881,Backend,Node.js API,Senior,Что такое HTTP caching (advanced)?,What is HTTP caching (advanced)?
882,Backend,Security DevOps System Design,Senior,Как работает Docker?,How does Docker work?
882,Backend,Node.js API,Senior,Как работает CORS (advanced)?,How does CORS work (advanced)?
883,Backend,Security DevOps System Design,Senior,Когда использовать observability?,When should you use observability?
883,Backend,Node.js API,Senior,Когда использовать React hooks (advanced)?,When should you use React hooks (advanced)?
884,Backend,Security DevOps System Design,Senior,Какие проблемы возникают при использовании system design?,What problems can arise when using system design?
884,Backend,Node.js API,Senior,Какие проблемы возникают при использовании state management (advanced)?,What problems can arise when using state management (advanced)?
885,Backend,Security DevOps System Design,Senior,Как протестировать closures?,How do you test closures?
885,Backend,Node.js API,Senior,Как протестировать SSR (advanced)?,How do you test SSR (advanced)?
886,Backend,Security DevOps System Design,Senior,Как оптимизировать event loop?,How do you optimize event loop?
886,Backend,Node.js API,Senior,Как оптимизировать testing (advanced)?,How do you optimize testing (advanced)?
887,Backend,Security DevOps System Design,Senior,Сравните promises с альтернативным подходом.,Compare promises with an alternative approach.
887,Backend,Node.js API,Senior,Сравните XSS с альтернативным подходом.,Compare XSS with an alternative approach.
888,Backend,Security DevOps System Design,Senior,Какие ошибки часто допускают при работе с async/await?,What common mistakes are made when working with async/await?
888,Backend,Node.js API,Senior,Какие ошибки часто допускают при работе с Node.js streams (advanced)?,What common mistakes are made when working with Node.js streams (advanced)?
889,Backend,Security DevOps System Design,Senior,Как prototypes влияет на производительность?,How does prototypes affect performance?
889,Backend,Node.js API,Senior,Как REST API влияет на производительность (advanced)?,How does REST API affect performance (advanced)?
890,Backend,Security DevOps System Design,Senior,Приведите production-пример использования TypeScript generics.,Give a production example of using TypeScript generics.
890,Backend,Node.js API,Senior,Приведите production-пример использования transactions.,Give a production example of using transactions.
891,Backend,Security DevOps System Design,Senior,Что такое accessibility?,What is accessibility?
891,Backend,Node.js API,Senior,Что такое indexes (advanced)?,What is indexes (advanced)?
892,Backend,Security DevOps System Design,Senior,Как работает CSS Grid?,How does CSS Grid work?
892,Backend,Node.js API,Senior,Как работает Redis caching (advanced)?,How does Redis caching work (advanced)?
893,Backend,Security DevOps System Design,Senior,Когда использовать HTTP caching?,When should you use HTTP caching?
893,Backend,Node.js API,Senior,Когда использовать message queues (advanced)?,When should you use message queues (advanced)?
894,Backend,Security DevOps System Design,Senior,Какие проблемы возникают при использовании CORS?,What problems can arise when using CORS?
894,Backend,Node.js API,Senior,Какие проблемы возникают при использовании microservices (advanced)?,What problems can arise when using microservices (advanced)?
895,Backend,Security DevOps System Design,Senior,Как протестировать React hooks?,How do you test React hooks?
895,Backend,Node.js API,Senior,Как протестировать JWT (advanced)?,How do you test JWT (advanced)?
896,Backend,Security DevOps System Design,Senior,Как оптимизировать state management?,How do you optimize state management?
896,Backend,Node.js API,Senior,Как оптимизировать Docker (advanced)?,How do you optimize Docker (advanced)?
897,Backend,Security DevOps System Design,Senior,Сравните SSR с альтернативным подходом.,Compare SSR with an alternative approach.
897,Backend,Node.js API,Senior,Сравните observability с альтернативным подходом.,Compare observability with an alternative approach.
898,Backend,Security DevOps System Design,Senior,Какие ошибки часто допускают при работе с testing?,What common mistakes are made when working with testing?
898,Backend,Node.js API,Senior,Какие ошибки часто допускают при работе с system design (advanced)?,What common mistakes are made when working with system design (advanced)?
899,Backend,Security DevOps System Design,Senior,Как XSS влияет на производительность?,How does XSS affect performance?
899,Backend,Node.js API,Senior,Как closures влияет на производительность (advanced)?,How does closures affect performance (advanced)?
900,Backend,Security DevOps System Design,Senior,Приведите production-пример использования Node.js streams.,Give a production example of using Node.js streams.
900,Backend,Node.js API,Senior,Приведите production-пример использования event loop.,Give a production example of using event loop.
901,Backend,Databases,Junior,Что такое promises (advanced)?,What is promises (advanced)?
902,Backend,Databases,Junior,Как работает async/await (advanced)?,How does async/await work (advanced)?
903,Backend,Databases,Junior,Когда использовать prototypes (advanced)?,When should you use prototypes (advanced)?
904,Backend,Databases,Junior,Какие проблемы возникают при использовании TypeScript generics (advanced)?,What problems can arise when using TypeScript generics (advanced)?
905,Backend,Databases,Junior,Как протестировать accessibility (advanced)?,How do you test accessibility (advanced)?
906,Backend,Databases,Junior,Как оптимизировать CSS Grid (advanced)?,How do you optimize CSS Grid (advanced)?
907,Backend,Databases,Junior,Сравните HTTP caching с альтернативным подходом.,Compare HTTP caching with an alternative approach.
908,Backend,Databases,Junior,Какие ошибки часто допускают при работе с CORS (advanced)?,What common mistakes are made when working with CORS (advanced)?
909,Backend,Databases,Junior,Как React hooks влияет на производительность (advanced)?,How does React hooks affect performance (advanced)?
910,Backend,Databases,Junior,Приведите production-пример использования state management.,Give a production example of using state management.
911,Backend,Databases,Junior,Что такое SSR (advanced)?,What is SSR (advanced)?
912,Backend,Databases,Junior,Как работает testing (advanced)?,How does testing work (advanced)?
913,Backend,Databases,Junior,Когда использовать XSS (advanced)?,When should you use XSS (advanced)?
914,Backend,Databases,Junior,Какие проблемы возникают при использовании Node.js streams (advanced)?,What problems can arise when using Node.js streams (advanced)?
915,Backend,Databases,Junior,Как протестировать REST API (advanced)?,How do you test REST API (advanced)?
916,Backend,Databases,Junior,Как оптимизировать transactions (advanced)?,How do you optimize transactions (advanced)?
917,Backend,Databases,Junior,Сравните indexes с альтернативным подходом.,Compare indexes with an alternative approach.
918,Backend,Databases,Junior,Какие ошибки часто допускают при работе с Redis caching (advanced)?,What common mistakes are made when working with Redis caching (advanced)?
919,Backend,Databases,Junior,Как message queues влияет на производительность (advanced)?,How does message queues affect performance (advanced)?
920,Backend,Databases,Junior,Приведите production-пример использования microservices.,Give a production example of using microservices.
921,Backend,Databases,Junior,Что такое JWT (advanced)?,What is JWT (advanced)?
922,Backend,Databases,Junior,Как работает Docker (advanced)?,How does Docker work (advanced)?
923,Backend,Databases,Junior,Когда использовать observability (advanced)?,When should you use observability (advanced)?
924,Backend,Databases,Junior,Какие проблемы возникают при использовании system design (advanced)?,What problems can arise when using system design (advanced)?
925,Backend,Databases,Junior,Как протестировать closures (advanced)?,How do you test closures (advanced)?
926,Backend,Databases,Junior,Как оптимизировать event loop (advanced)?,How do you optimize event loop (advanced)?
927,Backend,Databases,Junior,Сравните promises с альтернативным подходом.,Compare promises with an alternative approach.
928,Backend,Databases,Junior,Какие ошибки часто допускают при работе с async/await (advanced)?,What common mistakes are made when working with async/await (advanced)?
929,Backend,Databases,Junior,Как prototypes влияет на производительность (advanced)?,How does prototypes affect performance (advanced)?
930,Backend,Databases,Junior,Приведите production-пример использования TypeScript generics.,Give a production example of using TypeScript generics.
931,Backend,Databases,Middle,Что такое accessibility (advanced)?,What is accessibility (advanced)?
932,Backend,Databases,Middle,Как работает CSS Grid (advanced)?,How does CSS Grid work (advanced)?
933,Backend,Databases,Middle,Когда использовать HTTP caching (advanced)?,When should you use HTTP caching (advanced)?
934,Backend,Databases,Middle,Какие проблемы возникают при использовании CORS (advanced)?,What problems can arise when using CORS (advanced)?
935,Backend,Databases,Middle,Как протестировать React hooks (advanced)?,How do you test React hooks (advanced)?
936,Backend,Databases,Middle,Как оптимизировать state management (advanced)?,How do you optimize state management (advanced)?
937,Backend,Databases,Middle,Сравните SSR с альтернативным подходом.,Compare SSR with an alternative approach.
938,Backend,Databases,Middle,Какие ошибки часто допускают при работе с testing (advanced)?,What common mistakes are made when working with testing (advanced)?
939,Backend,Databases,Middle,Как XSS влияет на производительность (advanced)?,How does XSS affect performance (advanced)?
940,Backend,Databases,Middle,Приведите production-пример использования Node.js streams.,Give a production example of using Node.js streams.
941,Backend,Databases,Middle,Что такое REST API (advanced)?,What is REST API (advanced)?
942,Backend,Databases,Middle,Как работает transactions (advanced)?,How does transactions work (advanced)?
943,Backend,Databases,Middle,Когда использовать indexes (advanced)?,When should you use indexes (advanced)?
944,Backend,Databases,Middle,Какие проблемы возникают при использовании Redis caching (advanced)?,What problems can arise when using Redis caching (advanced)?
945,Backend,Databases,Middle,Как протестировать message queues (advanced)?,How do you test message queues (advanced)?
946,Backend,Databases,Middle,Как оптимизировать microservices (advanced)?,How do you optimize microservices (advanced)?
947,Backend,Databases,Middle,Сравните JWT с альтернативным подходом.,Compare JWT with an alternative approach.
948,Backend,Databases,Middle,Какие ошибки часто допускают при работе с Docker (advanced)?,What common mistakes are made when working with Docker (advanced)?
949,Backend,Databases,Middle,Как observability влияет на производительность (advanced)?,How does observability affect performance (advanced)?
950,Backend,Databases,Middle,Приведите production-пример использования system design.,Give a production example of using system design.
951,Backend,Databases,Middle,Что такое closures (advanced)?,What is closures (advanced)?
952,Backend,Databases,Middle,Как работает event loop (advanced)?,How does event loop work (advanced)?
953,Backend,Databases,Middle,Когда использовать promises (advanced)?,When should you use promises (advanced)?
954,Backend,Databases,Middle,Какие проблемы возникают при использовании async/await (advanced)?,What problems can arise when using async/await (advanced)?
955,Backend,Databases,Middle,Как протестировать prototypes (advanced)?,How do you test prototypes (advanced)?
956,Backend,Databases,Middle,Как оптимизировать TypeScript generics (advanced)?,How do you optimize TypeScript generics (advanced)?
957,Backend,Databases,Middle,Сравните accessibility с альтернативным подходом.,Compare accessibility with an alternative approach.
958,Backend,Databases,Middle,Какие ошибки часто допускают при работе с CSS Grid (advanced)?,What common mistakes are made when working with CSS Grid (advanced)?
959,Backend,Databases,Middle,Как HTTP caching влияет на производительность (advanced)?,How does HTTP caching affect performance (advanced)?
960,Backend,Databases,Middle,Приведите production-пример использования CORS.,Give a production example of using CORS.
961,Backend,Databases,Middle,Что такое React hooks (advanced)?,What is React hooks (advanced)?
962,Backend,Databases,Middle,Как работает state management (advanced)?,How does state management work (advanced)?
963,Backend,Databases,Middle,Когда использовать SSR (advanced)?,When should you use SSR (advanced)?
964,Backend,Databases,Middle,Какие проблемы возникают при использовании testing (advanced)?,What problems can arise when using testing (advanced)?
965,Backend,Databases,Middle,Как протестировать XSS (advanced)?,How do you test XSS (advanced)?
966,Backend,Databases,Middle,Как оптимизировать Node.js streams (advanced)?,How do you optimize Node.js streams (advanced)?
967,Backend,Databases,Middle,Сравните REST API с альтернативным подходом.,Compare REST API with an alternative approach.
968,Backend,Databases,Middle,Какие ошибки часто допускают при работе с transactions (advanced)?,What common mistakes are made when working with transactions (advanced)?
969,Backend,Databases,Middle,Как indexes влияет на производительность (advanced)?,How does indexes affect performance (advanced)?
970,Backend,Databases,Middle,Приведите production-пример использования Redis caching.,Give a production example of using Redis caching.
971,Backend,Databases,Middle,Что такое message queues (advanced)?,What is message queues (advanced)?
972,Backend,Databases,Middle,Как работает microservices (advanced)?,How does microservices work (advanced)?
973,Backend,Databases,Middle,Когда использовать JWT (advanced)?,When should you use JWT (advanced)?
974,Backend,Databases,Middle,Какие проблемы возникают при использовании Docker (advanced)?,What problems can arise when using Docker (advanced)?
975,Backend,Databases,Middle,Как протестировать observability (advanced)?,How do you test observability (advanced)?
976,Backend,Databases,Senior,Как оптимизировать system design (advanced)?,How do you optimize system design (advanced)?
977,Backend,Databases,Senior,Сравните closures с альтернативным подходом.,Compare closures with an alternative approach.
978,Backend,Databases,Senior,Какие ошибки часто допускают при работе с event loop (advanced)?,What common mistakes are made when working with event loop (advanced)?
979,Backend,Databases,Senior,Как promises влияет на производительность (advanced)?,How does promises affect performance (advanced)?
980,Backend,Databases,Senior,Приведите production-пример использования async/await.,Give a production example of using async/await.
981,Backend,Databases,Senior,Что такое prototypes (advanced)?,What is prototypes (advanced)?
982,Backend,Databases,Senior,Как работает TypeScript generics (advanced)?,How does TypeScript generics work (advanced)?
983,Backend,Databases,Senior,Когда использовать accessibility (advanced)?,When should you use accessibility (advanced)?
984,Backend,Databases,Senior,Какие проблемы возникают при использовании CSS Grid (advanced)?,What problems can arise when using CSS Grid (advanced)?
985,Backend,Databases,Senior,Как протестировать HTTP caching (advanced)?,How do you test HTTP caching (advanced)?
986,Backend,Databases,Senior,Как оптимизировать CORS (advanced)?,How do you optimize CORS (advanced)?
987,Backend,Databases,Senior,Сравните React hooks с альтернативным подходом.,Compare React hooks with an alternative approach.
988,Backend,Databases,Senior,Какие ошибки часто допускают при работе с state management (advanced)?,What common mistakes are made when working with state management (advanced)?
989,Backend,Databases,Senior,Как SSR влияет на производительность (advanced)?,How does SSR affect performance (advanced)?
990,Backend,Databases,Senior,Приведите production-пример использования testing.,Give a production example of using testing.
991,Backend,Databases,Senior,Что такое XSS (advanced)?,What is XSS (advanced)?
992,Backend,Databases,Senior,Как работает Node.js streams (advanced)?,How does Node.js streams work (advanced)?
993,Backend,Databases,Senior,Когда использовать REST API (advanced)?,When should you use REST API (advanced)?
994,Backend,Databases,Senior,Какие проблемы возникают при использовании transactions (advanced)?,What problems can arise when using transactions (advanced)?
995,Backend,Databases,Senior,Как протестировать indexes (advanced)?,How do you test indexes (advanced)?
996,Backend,Databases,Senior,Как оптимизировать Redis caching (advanced)?,How do you optimize Redis caching (advanced)?
997,Backend,Databases,Senior,Сравните message queues с альтернативным подходом.,Compare message queues with an alternative approach.
998,Backend,Databases,Senior,Какие ошибки часто допускают при работе с microservices (advanced)?,What common mistakes are made when working with microservices (advanced)?
999,Backend,Databases,Senior,Как JWT влияет на производительность (advanced)?,How does JWT affect performance (advanced)?
1000,Backend,Databases,Senior,Приведите production-пример использования Docker.,Give a production example of using Docker.
1,Frontend,JavaScript,Junior,Что такое closures?,What is closures?
2,Frontend,JavaScript,Junior,Как работает event loop?,How does event loop work?
3,Frontend,JavaScript,Junior,Когда использовать promises?,When should you use promises?
4,Frontend,JavaScript,Junior,Какие проблемы возникают при использовании async/await?,What problems can arise when using async/await?
5,Frontend,JavaScript,Junior,Как протестировать prototypes?,How do you test prototypes?
6,Frontend,JavaScript,Junior,Как оптимизировать TypeScript generics?,How do you optimize TypeScript generics?
7,Frontend,JavaScript,Junior,Сравните accessibility с альтернативным подходом.,Compare accessibility with an alternative approach.
8,Frontend,JavaScript,Junior,Какие ошибки часто допускают при работе с CSS Grid?,What common mistakes are made when working with CSS Grid?
9,Frontend,JavaScript,Junior,Как HTTP caching влияет на производительность?,How does HTTP caching affect performance?
10,Frontend,JavaScript,Junior,Приведите production-пример использования CORS.,Give a production example of using CORS.
11,Frontend,JavaScript,Junior,Что такое React hooks?,What is React hooks?
12,Frontend,JavaScript,Junior,Как работает state management?,How does state management work?
13,Frontend,JavaScript,Junior,Когда использовать SSR?,When should you use SSR?
14,Frontend,JavaScript,Junior,Какие проблемы возникают при использовании testing?,What problems can arise when using testing?
15,Frontend,JavaScript,Junior,Как протестировать XSS?,How do you test XSS?
16,Frontend,JavaScript,Junior,Как оптимизировать Node.js streams?,How do you optimize Node.js streams?
17,Frontend,JavaScript,Junior,Сравните REST API с альтернативным подходом.,Compare REST API with an alternative approach.
18,Frontend,JavaScript,Junior,Какие ошибки часто допускают при работе с transactions?,What common mistakes are made when working with transactions?
19,Frontend,JavaScript,Junior,Как indexes влияет на производительность?,How does indexes affect performance?
20,Frontend,JavaScript,Junior,Приведите production-пример использования Redis caching.,Give a production example of using Redis caching.
21,Frontend,JavaScript,Junior,Что такое message queues?,What is message queues?
22,Frontend,JavaScript,Junior,Как работает microservices?,How does microservices work?
23,Frontend,JavaScript,Junior,Когда использовать JWT?,When should you use JWT?
24,Frontend,JavaScript,Junior,Какие проблемы возникают при использовании Docker?,What problems can arise when using Docker?
25,Frontend,JavaScript,Junior,Как протестировать observability?,How do you test observability?
26,Frontend,JavaScript,Junior,Как оптимизировать system design?,How do you optimize system design?
27,Frontend,JavaScript,Junior,Сравните closures с альтернативным подходом.,Compare closures with an alternative approach.
28,Frontend,JavaScript,Junior,Какие ошибки часто допускают при работе с event loop?,What common mistakes are made when working with event loop?
29,Frontend,JavaScript,Junior,Как promises влияет на производительность?,How does promises affect performance?
30,Frontend,JavaScript,Junior,Приведите production-пример использования async/await.,Give a production example of using async/await.
31,Frontend,JavaScript,Middle,Что такое prototypes?,What is prototypes?
32,Frontend,JavaScript,Middle,Как работает TypeScript generics?,How does TypeScript generics work?
33,Frontend,JavaScript,Middle,Когда использовать accessibility?,When should you use accessibility?
34,Frontend,JavaScript,Middle,Какие проблемы возникают при использовании CSS Grid?,What problems can arise when using CSS Grid?
35,Frontend,JavaScript,Middle,Как протестировать HTTP caching?,How do you test HTTP caching?
36,Frontend,JavaScript,Middle,Как оптимизировать CORS?,How do you optimize CORS?
37,Frontend,JavaScript,Middle,Сравните React hooks с альтернативным подходом.,Compare React hooks with an alternative approach.
38,Frontend,JavaScript,Middle,Какие ошибки часто допускают при работе с state management?,What common mistakes are made when working with state management?
39,Frontend,JavaScript,Middle,Как SSR влияет на производительность?,How does SSR affect performance?
40,Frontend,JavaScript,Middle,Приведите production-пример использования testing.,Give a production example of using testing.
41,Frontend,JavaScript,Middle,Что такое XSS?,What is XSS?
42,Frontend,JavaScript,Middle,Как работает Node.js streams?,How does Node.js streams work?
43,Frontend,JavaScript,Middle,Когда использовать REST API?,When should you use REST API?
44,Frontend,JavaScript,Middle,Какие проблемы возникают при использовании transactions?,What problems can arise when using transactions?
45,Frontend,JavaScript,Middle,Как протестировать indexes?,How do you test indexes?
46,Frontend,JavaScript,Middle,Как оптимизировать Redis caching?,How do you optimize Redis caching?
47,Frontend,JavaScript,Middle,Сравните message queues с альтернативным подходом.,Compare message queues with an alternative approach.
48,Frontend,JavaScript,Middle,Какие ошибки часто допускают при работе с microservices?,What common mistakes are made when working with microservices?
49,Frontend,JavaScript,Middle,Как JWT влияет на производительность?,How does JWT affect performance?
50,Frontend,JavaScript,Middle,Приведите production-пример использования Docker.,Give a production example of using Docker.
51,Frontend,JavaScript,Middle,Что такое observability?,What is observability?
52,Frontend,JavaScript,Middle,Как работает system design?,How does system design work?
53,Frontend,JavaScript,Middle,Когда использовать closures?,When should you use closures?
54,Frontend,JavaScript,Middle,Какие проблемы возникают при использовании event loop?,What problems can arise when using event loop?
55,Frontend,JavaScript,Middle,Как протестировать promises?,How do you test promises?
56,Frontend,JavaScript,Middle,Как оптимизировать async/await?,How do you optimize async/await?
57,Frontend,JavaScript,Middle,Сравните prototypes с альтернативным подходом.,Compare prototypes with an alternative approach.
58,Frontend,JavaScript,Middle,Какие ошибки часто допускают при работе с TypeScript generics?,What common mistakes are made when working with TypeScript generics?
59,Frontend,JavaScript,Middle,Как accessibility влияет на производительность?,How does accessibility affect performance?
60,Frontend,JavaScript,Middle,Приведите production-пример использования CSS Grid.,Give a production example of using CSS Grid.
61,Frontend,JavaScript,Middle,Что такое HTTP caching?,What is HTTP caching?
62,Frontend,JavaScript,Middle,Как работает CORS?,How does CORS work?
63,Frontend,JavaScript,Middle,Когда использовать React hooks?,When should you use React hooks?
64,Frontend,JavaScript,Middle,Какие проблемы возникают при использовании state management?,What problems can arise when using state management?
65,Frontend,JavaScript,Middle,Как протестировать SSR?,How do you test SSR?
66,Frontend,JavaScript,Middle,Как оптимизировать testing?,How do you optimize testing?
67,Frontend,JavaScript,Middle,Сравните XSS с альтернативным подходом.,Compare XSS with an alternative approach.
68,Frontend,JavaScript,Middle,Какие ошибки часто допускают при работе с Node.js streams?,What common mistakes are made when working with Node.js streams?
69,Frontend,JavaScript,Middle,Как REST API влияет на производительность?,How does REST API affect performance?
70,Frontend,JavaScript,Middle,Приведите production-пример использования transactions.,Give a production example of using transactions.
71,Frontend,JavaScript,Middle,Что такое indexes?,What is indexes?
72,Frontend,JavaScript,Middle,Как работает Redis caching?,How does Redis caching work?
73,Frontend,JavaScript,Middle,Когда использовать message queues?,When should you use message queues?
74,Frontend,JavaScript,Middle,Какие проблемы возникают при использовании microservices?,What problems can arise when using microservices?
75,Frontend,JavaScript,Middle,Как протестировать JWT?,How do you test JWT?
76,Frontend,JavaScript,Senior,Как оптимизировать Docker?,How do you optimize Docker?
77,Frontend,JavaScript,Senior,Сравните observability с альтернативным подходом.,Compare observability with an alternative approach.
78,Frontend,JavaScript,Senior,Какие ошибки часто допускают при работе с system design?,What common mistakes are made when working with system design?
79,Frontend,JavaScript,Senior,Как closures влияет на производительность?,How does closures affect performance?
80,Frontend,JavaScript,Senior,Приведите production-пример использования event loop.,Give a production example of using event loop.
81,Frontend,JavaScript,Senior,Что такое promises?,What is promises?
82,Frontend,JavaScript,Senior,Как работает async/await?,How does async/await work?
83,Frontend,JavaScript,Senior,Когда использовать prototypes?,When should you use prototypes?
84,Frontend,JavaScript,Senior,Какие проблемы возникают при использовании TypeScript generics?,What problems can arise when using TypeScript generics?
85,Frontend,JavaScript,Senior,Как протестировать accessibility?,How do you test accessibility?
86,Frontend,JavaScript,Senior,Как оптимизировать CSS Grid?,How do you optimize CSS Grid?
87,Frontend,JavaScript,Senior,Сравните HTTP caching с альтернативным подходом.,Compare HTTP caching with an alternative approach.
88,Frontend,JavaScript,Senior,Какие ошибки часто допускают при работе с CORS?,What common mistakes are made when working with CORS?
89,Frontend,JavaScript,Senior,Как React hooks влияет на производительность?,How does React hooks affect performance?
90,Frontend,JavaScript,Senior,Приведите production-пример использования state management.,Give a production example of using state management.
91,Frontend,JavaScript,Senior,Что такое SSR?,What is SSR?
92,Frontend,JavaScript,Senior,Как работает testing?,How does testing work?
93,Frontend,JavaScript,Senior,Когда использовать XSS?,When should you use XSS?
94,Frontend,JavaScript,Senior,Какие проблемы возникают при использовании Node.js streams?,What problems can arise when using Node.js streams?
95,Frontend,JavaScript,Senior,Как протестировать REST API?,How do you test REST API?
96,Frontend,JavaScript,Senior,Как оптимизировать transactions?,How do you optimize transactions?
97,Frontend,JavaScript,Senior,Сравните indexes с альтернативным подходом.,Compare indexes with an alternative approach.
98,Frontend,JavaScript,Senior,Какие ошибки часто допускают при работе с Redis caching?,What common mistakes are made when working with Redis caching?
99,Frontend,JavaScript,Senior,Как message queues влияет на производительность?,How does message queues affect performance?
100,Frontend,JavaScript,Senior,Приведите production-пример использования microservices.,Give a production example of using microservices.
101,Frontend,TypeScript,Junior,Что такое JWT?,What is JWT?
102,Frontend,TypeScript,Junior,Как работает Docker?,How does Docker work?
103,Frontend,TypeScript,Junior,Когда использовать observability?,When should you use observability?
104,Frontend,TypeScript,Junior,Какие проблемы возникают при использовании system design?,What problems can arise when using system design?
105,Frontend,TypeScript,Junior,Как протестировать closures?,How do you test closures?
106,Frontend,TypeScript,Junior,Как оптимизировать event loop?,How do you optimize event loop?
107,Frontend,TypeScript,Junior,Сравните promises с альтернативным подходом.,Compare promises with an alternative approach.
108,Frontend,TypeScript,Junior,Какие ошибки часто допускают при работе с async/await?,What common mistakes are made when working with async/await?
109,Frontend,TypeScript,Junior,Как prototypes влияет на производительность?,How does prototypes affect performance?
110,Frontend,TypeScript,Junior,Приведите production-пример использования TypeScript generics.,Give a production example of using TypeScript generics.
111,Frontend,TypeScript,Junior,Что такое accessibility?,What is accessibility?
112,Frontend,TypeScript,Junior,Как работает CSS Grid?,How does CSS Grid work?
113,Frontend,TypeScript,Junior,Когда использовать HTTP caching?,When should you use HTTP caching?
114,Frontend,TypeScript,Junior,Какие проблемы возникают при использовании CORS?,What problems can arise when using CORS?
115,Frontend,TypeScript,Junior,Как протестировать React hooks?,How do you test React hooks?
116,Frontend,TypeScript,Junior,Как оптимизировать state management?,How do you optimize state management?
117,Frontend,TypeScript,Junior,Сравните SSR с альтернативным подходом.,Compare SSR with an alternative approach.
118,Frontend,TypeScript,Junior,Какие ошибки часто допускают при работе с testing?,What common mistakes are made when working with testing?
119,Frontend,TypeScript,Junior,Как XSS влияет на производительность?,How does XSS affect performance?
120,Frontend,TypeScript,Junior,Приведите production-пример использования Node.js streams.,Give a production example of using Node.js streams.
121,Frontend,TypeScript,Junior,Что такое REST API?,What is REST API?
122,Frontend,TypeScript,Junior,Как работает transactions?,How does transactions work?
123,Frontend,TypeScript,Junior,Когда использовать indexes?,When should you use indexes?
124,Frontend,TypeScript,Junior,Какие проблемы возникают при использовании Redis caching?,What problems can arise when using Redis caching?
125,Frontend,TypeScript,Junior,Как протестировать message queues?,How do you test message queues?
126,Frontend,TypeScript,Junior,Как оптимизировать microservices?,How do you optimize microservices?
127,Frontend,TypeScript,Junior,Сравните JWT с альтернативным подходом.,Compare JWT with an alternative approach.
128,Frontend,TypeScript,Junior,Какие ошибки часто допускают при работе с Docker?,What common mistakes are made when working with Docker?
129,Frontend,TypeScript,Junior,Как observability влияет на производительность?,How does observability affect performance?
130,Frontend,TypeScript,Junior,Приведите production-пример использования system design.,Give a production example of using system design.
131,Frontend,TypeScript,Middle,Что такое closures?,What is closures?
132,Frontend,TypeScript,Middle,Как работает event loop?,How does event loop work?
133,Frontend,TypeScript,Middle,Когда использовать promises?,When should you use promises?
134,Frontend,TypeScript,Middle,Какие проблемы возникают при использовании async/await?,What problems can arise when using async/await?
135,Frontend,TypeScript,Middle,Как протестировать prototypes?,How do you test prototypes?
136,Frontend,TypeScript,Middle,Как оптимизировать TypeScript generics?,How do you optimize TypeScript generics?
137,Frontend,TypeScript,Middle,Сравните accessibility с альтернативным подходом.,Compare accessibility with an alternative approach.
138,Frontend,TypeScript,Middle,Какие ошибки часто допускают при работе с CSS Grid?,What common mistakes are made when working with CSS Grid?
139,Frontend,TypeScript,Middle,Как HTTP caching влияет на производительность?,How does HTTP caching affect performance?
140,Frontend,TypeScript,Middle,Приведите production-пример использования CORS.,Give a production example of using CORS.
141,Frontend,TypeScript,Middle,Что такое React hooks?,What is React hooks?
142,Frontend,TypeScript,Middle,Как работает state management?,How does state management work?
143,Frontend,TypeScript,Middle,Когда использовать SSR?,When should you use SSR?
144,Frontend,TypeScript,Middle,Какие проблемы возникают при использовании testing?,What problems can arise when using testing?
145,Frontend,TypeScript,Middle,Как протестировать XSS?,How do you test XSS?
146,Frontend,TypeScript,Middle,Как оптимизировать Node.js streams?,How do you optimize Node.js streams?
147,Frontend,TypeScript,Middle,Сравните REST API с альтернативным подходом.,Compare REST API with an alternative approach.
148,Frontend,TypeScript,Middle,Какие ошибки часто допускают при работе с transactions?,What common mistakes are made when working with transactions?
149,Frontend,TypeScript,Middle,Как indexes влияет на производительность?,How does indexes affect performance?
150,Frontend,TypeScript,Middle,Приведите production-пример использования Redis caching.,Give a production example of using Redis caching.
151,Frontend,TypeScript,Middle,Что такое message queues?,What is message queues?
152,Frontend,TypeScript,Middle,Как работает microservices?,How does microservices work?
153,Frontend,TypeScript,Middle,Когда использовать JWT?,When should you use JWT?
154,Frontend,TypeScript,Middle,Какие проблемы возникают при использовании Docker?,What problems can arise when using Docker?
155,Frontend,TypeScript,Middle,Как протестировать observability?,How do you test observability?
156,Frontend,TypeScript,Middle,Как оптимизировать system design?,How do you optimize system design?
157,Frontend,TypeScript,Middle,Сравните closures с альтернативным подходом.,Compare closures with an alternative approach.
158,Frontend,TypeScript,Middle,Какие ошибки часто допускают при работе с event loop?,What common mistakes are made when working with event loop?
159,Frontend,TypeScript,Middle,Как promises влияет на производительность?,How does promises affect performance?
160,Frontend,TypeScript,Middle,Приведите production-пример использования async/await.,Give a production example of using async/await.
161,Frontend,TypeScript,Middle,Что такое prototypes?,What is prototypes?
162,Frontend,TypeScript,Middle,Как работает TypeScript generics?,How does TypeScript generics work?
163,Frontend,TypeScript,Middle,Когда использовать accessibility?,When should you use accessibility?
164,Frontend,TypeScript,Middle,Какие проблемы возникают при использовании CSS Grid?,What problems can arise when using CSS Grid?
165,Frontend,TypeScript,Middle,Как протестировать HTTP caching?,How do you test HTTP caching?
166,Frontend,TypeScript,Middle,Как оптимизировать CORS?,How do you optimize CORS?
167,Frontend,TypeScript,Middle,Сравните React hooks с альтернативным подходом.,Compare React hooks with an alternative approach.
168,Frontend,TypeScript,Middle,Какие ошибки часто допускают при работе с state management?,What common mistakes are made when working with state management?
169,Frontend,TypeScript,Middle,Как SSR влияет на производительность?,How does SSR affect performance?
170,Frontend,TypeScript,Middle,Приведите production-пример использования testing.,Give a production example of using testing.
171,Frontend,TypeScript,Middle,Что такое XSS?,What is XSS?
172,Frontend,TypeScript,Middle,Как работает Node.js streams?,How does Node.js streams work?
173,Frontend,TypeScript,Middle,Когда использовать REST API?,When should you use REST API?
174,Frontend,TypeScript,Middle,Какие проблемы возникают при использовании transactions?,What problems can arise when using transactions?
175,Frontend,TypeScript,Middle,Как протестировать indexes?,How do you test indexes?
176,Frontend,TypeScript,Senior,Как оптимизировать Redis caching?,How do you optimize Redis caching?
177,Frontend,TypeScript,Senior,Сравните message queues с альтернативным подходом.,Compare message queues with an alternative approach.
178,Frontend,TypeScript,Senior,Какие ошибки часто допускают при работе с microservices?,What common mistakes are made when working with microservices?
179,Frontend,TypeScript,Senior,Как JWT влияет на производительность?,How does JWT affect performance?
180,Frontend,TypeScript,Senior,Приведите production-пример использования Docker.,Give a production example of using Docker.
181,Frontend,TypeScript,Senior,Что такое observability?,What is observability?
182,Frontend,TypeScript,Senior,Как работает system design?,How does system design work?
183,Frontend,TypeScript,Senior,Когда использовать closures?,When should you use closures?
184,Frontend,TypeScript,Senior,Какие проблемы возникают при использовании event loop?,What problems can arise when using event loop?
185,Frontend,TypeScript,Senior,Как протестировать promises?,How do you test promises?
186,Frontend,TypeScript,Senior,Как оптимизировать async/await?,How do you optimize async/await?
187,Frontend,TypeScript,Senior,Сравните prototypes с альтернативным подходом.,Compare prototypes with an alternative approach.
188,Frontend,TypeScript,Senior,Какие ошибки часто допускают при работе с TypeScript generics?,What common mistakes are made when working with TypeScript generics?
189,Frontend,TypeScript,Senior,Как accessibility влияет на производительность?,How does accessibility affect performance?
190,Frontend,TypeScript,Senior,Приведите production-пример использования CSS Grid.,Give a production example of using CSS Grid.
191,Frontend,TypeScript,Senior,Что такое HTTP caching?,What is HTTP caching?
192,Frontend,TypeScript,Senior,Как работает CORS?,How does CORS work?
193,Frontend,TypeScript,Senior,Когда использовать React hooks?,When should you use React hooks?
194,Frontend,TypeScript,Senior,Какие проблемы возникают при использовании state management?,What problems can arise when using state management?
195,Frontend,TypeScript,Senior,Как протестировать SSR?,How do you test SSR?
196,Frontend,TypeScript,Senior,Как оптимизировать testing?,How do you optimize testing?
197,Frontend,TypeScript,Senior,Сравните XSS с альтернативным подходом.,Compare XSS with an alternative approach.
198,Frontend,TypeScript,Senior,Какие ошибки часто допускают при работе с Node.js streams?,What common mistakes are made when working with Node.js streams?
199,Frontend,TypeScript,Senior,Как REST API влияет на производительность?,How does REST API affect performance?
200,Frontend,TypeScript,Senior,Приведите production-пример использования transactions.,Give a production example of using transactions.
201,Frontend,HTML CSS Browser,Junior,Что такое indexes?,What is indexes?
202,Frontend,HTML CSS Browser,Junior,Как работает Redis caching?,How does Redis caching work?
203,Frontend,HTML CSS Browser,Junior,Когда использовать message queues?,When should you use message queues?
204,Frontend,HTML CSS Browser,Junior,Какие проблемы возникают при использовании microservices?,What problems can arise when using microservices?
205,Frontend,HTML CSS Browser,Junior,Как протестировать JWT?,How do you test JWT?
206,Frontend,HTML CSS Browser,Junior,Как оптимизировать Docker?,How do you optimize Docker?
207,Frontend,HTML CSS Browser,Junior,Сравните observability с альтернативным подходом.,Compare observability with an alternative approach.
208,Frontend,HTML CSS Browser,Junior,Какие ошибки часто допускают при работе с system design?,What common mistakes are made when working with system design?
209,Frontend,HTML CSS Browser,Junior,Как closures влияет на производительность?,How does closures affect performance?
210,Frontend,HTML CSS Browser,Junior,Приведите production-пример использования event loop.,Give a production example of using event loop.
211,Frontend,HTML CSS Browser,Junior,Что такое promises?,What is promises?
212,Frontend,HTML CSS Browser,Junior,Как работает async/await?,How does async/await work?
213,Frontend,HTML CSS Browser,Junior,Когда использовать prototypes?,When should you use prototypes?
214,Frontend,HTML CSS Browser,Junior,Какие проблемы возникают при использовании TypeScript generics?,What problems can arise when using TypeScript generics?
215,Frontend,HTML CSS Browser,Junior,Как протестировать accessibility?,How do you test accessibility?
216,Frontend,HTML CSS Browser,Junior,Как оптимизировать CSS Grid?,How do you optimize CSS Grid?
217,Frontend,HTML CSS Browser,Junior,Сравните HTTP caching с альтернативным подходом.,Compare HTTP caching with an alternative approach.
218,Frontend,HTML CSS Browser,Junior,Какие ошибки часто допускают при работе с CORS?,What common mistakes are made when working with CORS?
219,Frontend,HTML CSS Browser,Junior,Как React hooks влияет на производительность?,How does React hooks affect performance?
220,Frontend,HTML CSS Browser,Junior,Приведите production-пример использования state management.,Give a production example of using state management.
221,Frontend,HTML CSS Browser,Junior,Что такое SSR?,What is SSR?
222,Frontend,HTML CSS Browser,Junior,Как работает testing?,How does testing work?
223,Frontend,HTML CSS Browser,Junior,Когда использовать XSS?,When should you use XSS?
224,Frontend,HTML CSS Browser,Junior,Какие проблемы возникают при использовании Node.js streams?,What problems can arise when using Node.js streams?
225,Frontend,HTML CSS Browser,Junior,Как протестировать REST API?,How do you test REST API?
226,Frontend,HTML CSS Browser,Junior,Как оптимизировать transactions?,How do you optimize transactions?
227,Frontend,HTML CSS Browser,Junior,Сравните indexes с альтернативным подходом.,Compare indexes with an alternative approach.
228,Frontend,HTML CSS Browser,Junior,Какие ошибки часто допускают при работе с Redis caching?,What common mistakes are made when working with Redis caching?
229,Frontend,HTML CSS Browser,Junior,Как message queues влияет на производительность?,How does message queues affect performance?
230,Frontend,HTML CSS Browser,Junior,Приведите production-пример использования microservices.,Give a production example of using microservices.
231,Frontend,HTML CSS Browser,Middle,Что такое JWT?,What is JWT?
232,Frontend,HTML CSS Browser,Middle,Как работает Docker?,How does Docker work?
233,Frontend,HTML CSS Browser,Middle,Когда использовать observability?,When should you use observability?
234,Frontend,HTML CSS Browser,Middle,Какие проблемы возникают при использовании system design?,What problems can arise when using system design?
235,Frontend,HTML CSS Browser,Middle,Как протестировать closures?,How do you test closures?
236,Frontend,HTML CSS Browser,Middle,Как оптимизировать event loop?,How do you optimize event loop?
237,Frontend,HTML CSS Browser,Middle,Сравните promises с альтернативным подходом.,Compare promises with an alternative approach.
238,Frontend,HTML CSS Browser,Middle,Какие ошибки часто допускают при работе с async/await?,What common mistakes are made when working with async/await?
239,Frontend,HTML CSS Browser,Middle,Как prototypes влияет на производительность?,How does prototypes affect performance?
240,Frontend,HTML CSS Browser,Middle,Приведите production-пример использования TypeScript generics.,Give a production example of using TypeScript generics.
241,Frontend,HTML CSS Browser,Middle,Что такое accessibility?,What is accessibility?
242,Frontend,HTML CSS Browser,Middle,Как работает CSS Grid?,How does CSS Grid work?
243,Frontend,HTML CSS Browser,Middle,Когда использовать HTTP caching?,When should you use HTTP caching?
244,Frontend,HTML CSS Browser,Middle,Какие проблемы возникают при использовании CORS?,What problems can arise when using CORS?
245,Frontend,HTML CSS Browser,Middle,Как протестировать React hooks?,How do you test React hooks?
246,Frontend,HTML CSS Browser,Middle,Как оптимизировать state management?,How do you optimize state management?
247,Frontend,HTML CSS Browser,Middle,Сравните SSR с альтернативным подходом.,Compare SSR with an alternative approach.
248,Frontend,HTML CSS Browser,Middle,Какие ошибки часто допускают при работе с testing?,What common mistakes are made when working with testing?
249,Frontend,HTML CSS Browser,Middle,Как XSS влияет на производительность?,How does XSS affect performance?
250,Frontend,HTML CSS Browser,Middle,Приведите production-пример использования Node.js streams.,Give a production example of using Node.js streams.
251,Frontend,HTML CSS Browser,Middle,Что такое REST API?,What is REST API?
252,Frontend,HTML CSS Browser,Middle,Как работает transactions?,How does transactions work?
253,Frontend,HTML CSS Browser,Middle,Когда использовать indexes?,When should you use indexes?
254,Frontend,HTML CSS Browser,Middle,Какие проблемы возникают при использовании Redis caching?,What problems can arise when using Redis caching?
255,Frontend,HTML CSS Browser,Middle,Как протестировать message queues?,How do you test message queues?
256,Frontend,HTML CSS Browser,Middle,Как оптимизировать microservices?,How do you optimize microservices?
257,Frontend,HTML CSS Browser,Middle,Сравните JWT с альтернативным подходом.,Compare JWT with an alternative approach.
258,Frontend,HTML CSS Browser,Middle,Какие ошибки часто допускают при работе с Docker?,What common mistakes are made when working with Docker?
259,Frontend,HTML CSS Browser,Middle,Как observability влияет на производительность?,How does observability affect performance?
260,Frontend,HTML CSS Browser,Middle,Приведите production-пример использования system design.,Give a production example of using system design.
261,Frontend,HTML CSS Browser,Middle,Что такое closures?,What is closures?
262,Frontend,HTML CSS Browser,Middle,Как работает event loop?,How does event loop work?
263,Frontend,HTML CSS Browser,Middle,Когда использовать promises?,When should you use promises?
264,Frontend,HTML CSS Browser,Middle,Какие проблемы возникают при использовании async/await?,What problems can arise when using async/await?
265,Frontend,HTML CSS Browser,Middle,Как протестировать prototypes?,How do you test prototypes?
266,Frontend,HTML CSS Browser,Middle,Как оптимизировать TypeScript generics?,How do you optimize TypeScript generics?
267,Frontend,HTML CSS Browser,Middle,Сравните accessibility с альтернативным подходом.,Compare accessibility with an alternative approach.
268,Frontend,HTML CSS Browser,Middle,Какие ошибки часто допускают при работе с CSS Grid?,What common mistakes are made when working with CSS Grid?
269,Frontend,HTML CSS Browser,Middle,Как HTTP caching влияет на производительность?,How does HTTP caching affect performance?
270,Frontend,HTML CSS Browser,Middle,Приведите production-пример использования CORS.,Give a production example of using CORS.
271,Frontend,HTML CSS Browser,Middle,Что такое React hooks?,What is React hooks?
272,Frontend,HTML CSS Browser,Middle,Как работает state management?,How does state management work?
273,Frontend,HTML CSS Browser,Middle,Когда использовать SSR?,When should you use SSR?
274,Frontend,HTML CSS Browser,Middle,Какие проблемы возникают при использовании testing?,What problems can arise when using testing?
275,Frontend,HTML CSS Browser,Middle,Как протестировать XSS?,How do you test XSS?
276,Frontend,HTML CSS Browser,Senior,Как оптимизировать Node.js streams?,How do you optimize Node.js streams?
277,Frontend,HTML CSS Browser,Senior,Сравните REST API с альтернативным подходом.,Compare REST API with an alternative approach.
278,Frontend,HTML CSS Browser,Senior,Какие ошибки часто допускают при работе с transactions?,What common mistakes are made when working with transactions?
279,Frontend,HTML CSS Browser,Senior,Как indexes влияет на производительность?,How does indexes affect performance?
280,Frontend,HTML CSS Browser,Senior,Приведите production-пример использования Redis caching.,Give a production example of using Redis caching.
281,Frontend,HTML CSS Browser,Senior,Что такое message queues?,What is message queues?
282,Frontend,HTML CSS Browser,Senior,Как работает microservices?,How does microservices work?
283,Frontend,HTML CSS Browser,Senior,Когда использовать JWT?,When should you use JWT?
284,Frontend,HTML CSS Browser,Senior,Какие проблемы возникают при использовании Docker?,What problems can arise when using Docker?
285,Frontend,HTML CSS Browser,Senior,Как протестировать observability?,How do you test observability?
286,Frontend,HTML CSS Browser,Senior,Как оптимизировать system design?,How do you optimize system design?
287,Frontend,HTML CSS Browser,Senior,Сравните closures с альтернативным подходом.,Compare closures with an alternative approach.
288,Frontend,HTML CSS Browser,Senior,Какие ошибки часто допускают при работе с event loop?,What common mistakes are made when working with event loop?
289,Frontend,HTML CSS Browser,Senior,Как promises влияет на производительность?,How does promises affect performance?
290,Frontend,HTML CSS Browser,Senior,Приведите production-пример использования async/await.,Give a production example of using async/await.
291,Frontend,HTML CSS Browser,Senior,Что такое prototypes?,What is prototypes?
292,Frontend,HTML CSS Browser,Senior,Как работает TypeScript generics?,How does TypeScript generics work?
293,Frontend,HTML CSS Browser,Senior,Когда использовать accessibility?,When should you use accessibility?
294,Frontend,HTML CSS Browser,Senior,Какие проблемы возникают при использовании CSS Grid?,What problems can arise when using CSS Grid?
295,Frontend,HTML CSS Browser,Senior,Как протестировать HTTP caching?,How do you test HTTP caching?
296,Frontend,HTML CSS Browser,Senior,Как оптимизировать CORS?,How do you optimize CORS?
297,Frontend,HTML CSS Browser,Senior,Сравните React hooks с альтернативным подходом.,Compare React hooks with an alternative approach.
298,Frontend,HTML CSS Browser,Senior,Какие ошибки часто допускают при работе с state management?,What common mistakes are made when working with state management?
299,Frontend,HTML CSS Browser,Senior,Как SSR влияет на производительность?,How does SSR affect performance?
300,Frontend,HTML CSS Browser,Senior,Приведите production-пример использования testing.,Give a production example of using testing.
301,Frontend,React,Junior,Что такое XSS?,What is XSS?
302,Frontend,React,Junior,Как работает Node.js streams?,How does Node.js streams work?
303,Frontend,React,Junior,Когда использовать REST API?,When should you use REST API?
304,Frontend,React,Junior,Какие проблемы возникают при использовании transactions?,What problems can arise when using transactions?
305,Frontend,React,Junior,Как протестировать indexes?,How do you test indexes?
306,Frontend,React,Junior,Как оптимизировать Redis caching?,How do you optimize Redis caching?
307,Frontend,React,Junior,Сравните message queues с альтернативным подходом.,Compare message queues with an alternative approach.
308,Frontend,React,Junior,Какие ошибки часто допускают при работе с microservices?,What common mistakes are made when working with microservices?
309,Frontend,React,Junior,Как JWT влияет на производительность?,How does JWT affect performance?
310,Frontend,React,Junior,Приведите production-пример использования Docker.,Give a production example of using Docker.
311,Frontend,React,Junior,Что такое observability?,What is observability?
312,Frontend,React,Junior,Как работает system design?,How does system design work?
313,Frontend,React,Junior,Когда использовать closures?,When should you use closures?
314,Frontend,React,Junior,Какие проблемы возникают при использовании event loop?,What problems can arise when using event loop?
315,Frontend,React,Junior,Как протестировать promises?,How do you test promises?
316,Frontend,React,Junior,Как оптимизировать async/await?,How do you optimize async/await?
317,Frontend,React,Junior,Сравните prototypes с альтернативным подходом.,Compare prototypes with an alternative approach.
318,Frontend,React,Junior,Какие ошибки часто допускают при работе с TypeScript generics?,What common mistakes are made when working with TypeScript generics?
319,Frontend,React,Junior,Как accessibility влияет на производительность?,How does accessibility affect performance?
320,Frontend,React,Junior,Приведите production-пример использования CSS Grid.,Give a production example of using CSS Grid.
321,Frontend,React,Junior,Что такое HTTP caching?,What is HTTP caching?
322,Frontend,React,Junior,Как работает CORS?,How does CORS work?
323,Frontend,React,Junior,Когда использовать React hooks?,When should you use React hooks?
324,Frontend,React,Junior,Какие проблемы возникают при использовании state management?,What problems can arise when using state management?
325,Frontend,React,Junior,Как протестировать SSR?,How do you test SSR?
326,Frontend,React,Junior,Как оптимизировать testing?,How do you optimize testing?
327,Frontend,React,Junior,Сравните XSS с альтернативным подходом.,Compare XSS with an alternative approach.
328,Frontend,React,Junior,Какие ошибки часто допускают при работе с Node.js streams?,What common mistakes are made when working with Node.js streams?
329,Frontend,React,Junior,Как REST API влияет на производительность?,How does REST API affect performance?
330,Frontend,React,Junior,Приведите production-пример использования transactions.,Give a production example of using transactions.
331,Frontend,React,Middle,Что такое indexes?,What is indexes?
332,Frontend,React,Middle,Как работает Redis caching?,How does Redis caching work?
333,Frontend,React,Middle,Когда использовать message queues?,When should you use message queues?
334,Frontend,React,Middle,Какие проблемы возникают при использовании microservices?,What problems can arise when using microservices?
335,Frontend,React,Middle,Как протестировать JWT?,How do you test JWT?
336,Frontend,React,Middle,Как оптимизировать Docker?,How do you optimize Docker?
337,Frontend,React,Middle,Сравните observability с альтернативным подходом.,Compare observability with an alternative approach.
338,Frontend,React,Middle,Какие ошибки часто допускают при работе с system design?,What common mistakes are made when working with system design?
339,Frontend,React,Middle,Как closures влияет на производительность?,How does closures affect performance?
340,Frontend,React,Middle,Приведите production-пример использования event loop.,Give a production example of using event loop.
341,Frontend,React,Middle,Что такое promises?,What is promises?
342,Frontend,React,Middle,Как работает async/await?,How does async/await work?
343,Frontend,React,Middle,Когда использовать prototypes?,When should you use prototypes?
344,Frontend,React,Middle,Какие проблемы возникают при использовании TypeScript generics?,What problems can arise when using TypeScript generics?
345,Frontend,React,Middle,Как протестировать accessibility?,How do you test accessibility?
346,Frontend,React,Middle,Как оптимизировать CSS Grid?,How do you optimize CSS Grid?
347,Frontend,React,Middle,Сравните HTTP caching с альтернативным подходом.,Compare HTTP caching with an alternative approach.
348,Frontend,React,Middle,Какие ошибки часто допускают при работе с CORS?,What common mistakes are made when working with CORS?
349,Frontend,React,Middle,Как React hooks влияет на производительность?,How does React hooks affect performance?
350,Frontend,React,Middle,Приведите production-пример использования state management.,Give a production example of using state management.
351,Frontend,React,Middle,Что такое SSR?,What is SSR?
352,Frontend,React,Middle,Как работает testing?,How does testing work?
353,Frontend,React,Middle,Когда использовать XSS?,When should you use XSS?
354,Frontend,React,Middle,Какие проблемы возникают при использовании Node.js streams?,What problems can arise when using Node.js streams?
355,Frontend,React,Middle,Как протестировать REST API?,How do you test REST API?
356,Frontend,React,Middle,Как оптимизировать transactions?,How do you optimize transactions?
357,Frontend,React,Middle,Сравните indexes с альтернативным подходом.,Compare indexes with an alternative approach.
358,Frontend,React,Middle,Какие ошибки часто допускают при работе с Redis caching?,What common mistakes are made when working with Redis caching?
359,Frontend,React,Middle,Как message queues влияет на производительность?,How does message queues affect performance?
360,Frontend,React,Middle,Приведите production-пример использования microservices.,Give a production example of using microservices.
361,Frontend,React,Middle,Что такое JWT?,What is JWT?
362,Frontend,React,Middle,Как работает Docker?,How does Docker work?
363,Frontend,React,Middle,Когда использовать observability?,When should you use observability?
364,Frontend,React,Middle,Какие проблемы возникают при использовании system design?,What problems can arise when using system design?
365,Frontend,React,Middle,Как протестировать closures?,How do you test closures?
366,Frontend,React,Middle,Как оптимизировать event loop?,How do you optimize event loop?
367,Frontend,React,Middle,Сравните promises с альтернативным подходом.,Compare promises with an alternative approach.
368,Frontend,React,Middle,Какие ошибки часто допускают при работе с async/await?,What common mistakes are made when working with async/await?
369,Frontend,React,Middle,Как prototypes влияет на производительность?,How does prototypes affect performance?
370,Frontend,React,Middle,Приведите production-пример использования TypeScript generics.,Give a production example of using TypeScript generics.
371,Frontend,React,Middle,Что такое accessibility?,What is accessibility?
372,Frontend,React,Middle,Как работает CSS Grid?,How does CSS Grid work?
373,Frontend,React,Middle,Когда использовать HTTP caching?,When should you use HTTP caching?
374,Frontend,React,Middle,Какие проблемы возникают при использовании CORS?,What problems can arise when using CORS?
375,Frontend,React,Middle,Как протестировать React hooks?,How do you test React hooks?
376,Frontend,React,Senior,Как оптимизировать state management?,How do you optimize state management?
377,Frontend,React,Senior,Сравните SSR с альтернативным подходом.,Compare SSR with an alternative approach.
378,Frontend,React,Senior,Какие ошибки часто допускают при работе с testing?,What common mistakes are made when working with testing?
379,Frontend,React,Senior,Как XSS влияет на производительность?,How does XSS affect performance?
380,Frontend,React,Senior,Приведите production-пример использования Node.js streams.,Give a production example of using Node.js streams.
381,Frontend,React,Senior,Что такое REST API?,What is REST API?
382,Frontend,React,Senior,Как работает transactions?,How does transactions work?
383,Frontend,React,Senior,Когда использовать indexes?,When should you use indexes?
384,Frontend,React,Senior,Какие проблемы возникают при использовании Redis caching?,What problems can arise when using Redis caching?
385,Frontend,React,Senior,Как протестировать message queues?,How do you test message queues?
386,Frontend,React,Senior,Как оптимизировать microservices?,How do you optimize microservices?
387,Frontend,React,Senior,Сравните JWT с альтернативным подходом.,Compare JWT with an alternative approach.
388,Frontend,React,Senior,Какие ошибки часто допускают при работе с Docker?,What common mistakes are made when working with Docker?
389,Frontend,React,Senior,Как observability влияет на производительность?,How does observability affect performance?
390,Frontend,React,Senior,Приведите production-пример использования system design.,Give a production example of using system design.
391,Frontend,React,Senior,Что такое closures?,What is closures?
392,Frontend,React,Senior,Как работает event loop?,How does event loop work?
393,Frontend,React,Senior,Когда использовать promises?,When should you use promises?
394,Frontend,React,Senior,Какие проблемы возникают при использовании async/await?,What problems can arise when using async/await?
395,Frontend,React,Senior,Как протестировать prototypes?,How do you test prototypes?
396,Frontend,React,Senior,Как оптимизировать TypeScript generics?,How do you optimize TypeScript generics?
397,Frontend,React,Senior,Сравните accessibility с альтернативным подходом.,Compare accessibility with an alternative approach.
398,Frontend,React,Senior,Какие ошибки часто допускают при работе с CSS Grid?,What common mistakes are made when working with CSS Grid?
399,Frontend,React,Senior,Как HTTP caching влияет на производительность?,How does HTTP caching affect performance?
400,Frontend,React,Senior,Приведите production-пример использования CORS.,Give a production example of using CORS.
401,Frontend,Next.js Performance Testing Security,Junior,Что такое React hooks?,What is React hooks?
402,Frontend,Next.js Performance Testing Security,Junior,Как работает state management?,How does state management work?
403,Frontend,Next.js Performance Testing Security,Junior,Когда использовать SSR?,When should you use SSR?
404,Frontend,Next.js Performance Testing Security,Junior,Какие проблемы возникают при использовании testing?,What problems can arise when using testing?
405,Frontend,Next.js Performance Testing Security,Junior,Как протестировать XSS?,How do you test XSS?
406,Frontend,Next.js Performance Testing Security,Junior,Как оптимизировать Node.js streams?,How do you optimize Node.js streams?
407,Frontend,Next.js Performance Testing Security,Junior,Сравните REST API с альтернативным подходом.,Compare REST API with an alternative approach.
408,Frontend,Next.js Performance Testing Security,Junior,Какие ошибки часто допускают при работе с transactions?,What common mistakes are made when working with transactions?
409,Frontend,Next.js Performance Testing Security,Junior,Как indexes влияет на производительность?,How does indexes affect performance?
410,Frontend,Next.js Performance Testing Security,Junior,Приведите production-пример использования Redis caching.,Give a production example of using Redis caching.
411,Frontend,Next.js Performance Testing Security,Junior,Что такое message queues?,What is message queues?
412,Frontend,Next.js Performance Testing Security,Junior,Как работает microservices?,How does microservices work?
413,Frontend,Next.js Performance Testing Security,Junior,Когда использовать JWT?,When should you use JWT?
414,Frontend,Next.js Performance Testing Security,Junior,Какие проблемы возникают при использовании Docker?,What problems can arise when using Docker?
415,Frontend,Next.js Performance Testing Security,Junior,Как протестировать observability?,How do you test observability?
416,Frontend,Next.js Performance Testing Security,Junior,Как оптимизировать system design?,How do you optimize system design?
417,Frontend,Next.js Performance Testing Security,Junior,Сравните closures с альтернативным подходом.,Compare closures with an alternative approach.
418,Frontend,Next.js Performance Testing Security,Junior,Какие ошибки часто допускают при работе с event loop?,What common mistakes are made when working with event loop?
419,Frontend,Next.js Performance Testing Security,Junior,Как promises влияет на производительность?,How does promises affect performance?
420,Frontend,Next.js Performance Testing Security,Junior,Приведите production-пример использования async/await.,Give a production example of using async/await.
421,Frontend,Next.js Performance Testing Security,Junior,Что такое prototypes?,What is prototypes?
422,Frontend,Next.js Performance Testing Security,Junior,Как работает TypeScript generics?,How does TypeScript generics work?
423,Frontend,Next.js Performance Testing Security,Junior,Когда использовать accessibility?,When should you use accessibility?
424,Frontend,Next.js Performance Testing Security,Junior,Какие проблемы возникают при использовании CSS Grid?,What problems can arise when using CSS Grid?
425,Frontend,Next.js Performance Testing Security,Junior,Как протестировать HTTP caching?,How do you test HTTP caching?
426,Frontend,Next.js Performance Testing Security,Junior,Как оптимизировать CORS?,How do you optimize CORS?
427,Frontend,Next.js Performance Testing Security,Junior,Сравните React hooks с альтернативным подходом.,Compare React hooks with an alternative approach.
428,Frontend,Next.js Performance Testing Security,Junior,Какие ошибки часто допускают при работе с state management?,What common mistakes are made when working with state management?
429,Frontend,Next.js Performance Testing Security,Junior,Как SSR влияет на производительность?,How does SSR affect performance?
430,Frontend,Next.js Performance Testing Security,Junior,Приведите production-пример использования testing.,Give a production example of using testing.
431,Frontend,Next.js Performance Testing Security,Middle,Что такое XSS?,What is XSS?
432,Frontend,Next.js Performance Testing Security,Middle,Как работает Node.js streams?,How does Node.js streams work?
433,Frontend,Next.js Performance Testing Security,Middle,Когда использовать REST API?,When should you use REST API?
434,Frontend,Next.js Performance Testing Security,Middle,Какие проблемы возникают при использовании transactions?,What problems can arise when using transactions?
435,Frontend,Next.js Performance Testing Security,Middle,Как протестировать indexes?,How do you test indexes?
436,Frontend,Next.js Performance Testing Security,Middle,Как оптимизировать Redis caching?,How do you optimize Redis caching?
437,Frontend,Next.js Performance Testing Security,Middle,Сравните message queues с альтернативным подходом.,Compare message queues with an alternative approach.
438,Frontend,Next.js Performance Testing Security,Middle,Какие ошибки часто допускают при работе с microservices?,What common mistakes are made when working with microservices?
439,Frontend,Next.js Performance Testing Security,Middle,Как JWT влияет на производительность?,How does JWT affect performance?
440,Frontend,Next.js Performance Testing Security,Middle,Приведите production-пример использования Docker.,Give a production example of using Docker.
441,Frontend,Next.js Performance Testing Security,Middle,Что такое observability?,What is observability?
442,Frontend,Next.js Performance Testing Security,Middle,Как работает system design?,How does system design work?
443,Frontend,Next.js Performance Testing Security,Middle,Когда использовать closures?,When should you use closures?
444,Frontend,Next.js Performance Testing Security,Middle,Какие проблемы возникают при использовании event loop?,What problems can arise when using event loop?
445,Frontend,Next.js Performance Testing Security,Middle,Как протестировать promises?,How do you test promises?
446,Frontend,Next.js Performance Testing Security,Middle,Как оптимизировать async/await?,How do you optimize async/await?
447,Frontend,Next.js Performance Testing Security,Middle,Сравните prototypes с альтернативным подходом.,Compare prototypes with an alternative approach.
448,Frontend,Next.js Performance Testing Security,Middle,Какие ошибки часто допускают при работе с TypeScript generics?,What common mistakes are made when working with TypeScript generics?
449,Frontend,Next.js Performance Testing Security,Middle,Как accessibility влияет на производительность?,How does accessibility affect performance?
450,Frontend,Next.js Performance Testing Security,Middle,Приведите production-пример использования CSS Grid.,Give a production example of using CSS Grid.
451,Frontend,Next.js Performance Testing Security,Middle,Что такое HTTP caching?,What is HTTP caching?
452,Frontend,Next.js Performance Testing Security,Middle,Как работает CORS?,How does CORS work?
453,Frontend,Next.js Performance Testing Security,Middle,Когда использовать React hooks?,When should you use React hooks?
454,Frontend,Next.js Performance Testing Security,Middle,Какие проблемы возникают при использовании state management?,What problems can arise when using state management?
455,Frontend,Next.js Performance Testing Security,Middle,Как протестировать SSR?,How do you test SSR?
456,Frontend,Next.js Performance Testing Security,Middle,Как оптимизировать testing?,How do you optimize testing?
457,Frontend,Next.js Performance Testing Security,Middle,Сравните XSS с альтернативным подходом.,Compare XSS with an alternative approach.
458,Frontend,Next.js Performance Testing Security,Middle,Какие ошибки часто допускают при работе с Node.js streams?,What common mistakes are made when working with Node.js streams?
459,Frontend,Next.js Performance Testing Security,Middle,Как REST API влияет на производительность?,How does REST API affect performance?
460,Frontend,Next.js Performance Testing Security,Middle,Приведите production-пример использования transactions.,Give a production example of using transactions.
461,Frontend,Next.js Performance Testing Security,Middle,Что такое indexes?,What is indexes?
462,Frontend,Next.js Performance Testing Security,Middle,Как работает Redis caching?,How does Redis caching work?
463,Frontend,Next.js Performance Testing Security,Middle,Когда использовать message queues?,When should you use message queues?
464,Frontend,Next.js Performance Testing Security,Middle,Какие проблемы возникают при использовании microservices?,What problems can arise when using microservices?
465,Frontend,Next.js Performance Testing Security,Middle,Как протестировать JWT?,How do you test JWT?
466,Frontend,Next.js Performance Testing Security,Middle,Как оптимизировать Docker?,How do you optimize Docker?
467,Frontend,Next.js Performance Testing Security,Middle,Сравните observability с альтернативным подходом.,Compare observability with an alternative approach.
468,Frontend,Next.js Performance Testing Security,Middle,Какие ошибки часто допускают при работе с system design?,What common mistakes are made when working with system design?
469,Frontend,Next.js Performance Testing Security,Middle,Как closures влияет на производительность?,How does closures affect performance?
470,Frontend,Next.js Performance Testing Security,Middle,Приведите production-пример использования event loop.,Give a production example of using event loop.
471,Frontend,Next.js Performance Testing Security,Middle,Что такое promises?,What is promises?
472,Frontend,Next.js Performance Testing Security,Middle,Как работает async/await?,How does async/await work?
473,Frontend,Next.js Performance Testing Security,Middle,Когда использовать prototypes?,When should you use prototypes?
474,Frontend,Next.js Performance Testing Security,Middle,Какие проблемы возникают при использовании TypeScript generics?,What problems can arise when using TypeScript generics?
475,Frontend,Next.js Performance Testing Security,Middle,Как протестировать accessibility?,How do you test accessibility?
476,Frontend,Next.js Performance Testing Security,Senior,Как оптимизировать CSS Grid?,How do you optimize CSS Grid?
477,Frontend,Next.js Performance Testing Security,Senior,Сравните HTTP caching с альтернативным подходом.,Compare HTTP caching with an alternative approach.
478,Frontend,Next.js Performance Testing Security,Senior,Какие ошибки часто допускают при работе с CORS?,What common mistakes are made when working with CORS?
479,Frontend,Next.js Performance Testing Security,Senior,Как React hooks влияет на производительность?,How does React hooks affect performance?
480,Frontend,Next.js Performance Testing Security,Senior,Приведите production-пример использования state management.,Give a production example of using state management.
481,Frontend,Next.js Performance Testing Security,Senior,Что такое SSR?,What is SSR?
482,Frontend,Next.js Performance Testing Security,Senior,Как работает testing?,How does testing work?
483,Frontend,Next.js Performance Testing Security,Senior,Когда использовать XSS?,When should you use XSS?
484,Frontend,Next.js Performance Testing Security,Senior,Какие проблемы возникают при использовании Node.js streams?,What problems can arise when using Node.js streams?
485,Frontend,Next.js Performance Testing Security,Senior,Как протестировать REST API?,How do you test REST API?
486,Frontend,Next.js Performance Testing Security,Senior,Как оптимизировать transactions?,How do you optimize transactions?
487,Frontend,Next.js Performance Testing Security,Senior,Сравните indexes с альтернативным подходом.,Compare indexes with an alternative approach.
488,Frontend,Next.js Performance Testing Security,Senior,Какие ошибки часто допускают при работе с Redis caching?,What common mistakes are made when working with Redis caching?
489,Frontend,Next.js Performance Testing Security,Senior,Как message queues влияет на производительность?,How does message queues affect performance?
490,Frontend,Next.js Performance Testing Security,Senior,Приведите production-пример использования microservices.,Give a production example of using microservices.
491,Frontend,Next.js Performance Testing Security,Senior,Что такое JWT?,What is JWT?
492,Frontend,Next.js Performance Testing Security,Senior,Как работает Docker?,How does Docker work?
493,Frontend,Next.js Performance Testing Security,Senior,Когда использовать observability?,When should you use observability?
494,Frontend,Next.js Performance Testing Security,Senior,Какие проблемы возникают при использовании system design?,What problems can arise when using system design?
495,Frontend,Next.js Performance Testing Security,Senior,Как протестировать closures?,How do you test closures?
496,Frontend,Next.js Performance Testing Security,Senior,Как оптимизировать event loop?,How do you optimize event loop?
497,Frontend,Next.js Performance Testing Security,Senior,Сравните promises с альтернативным подходом.,Compare promises with an alternative approach.
498,Frontend,Next.js Performance Testing Security,Senior,Какие ошибки часто допускают при работе с async/await?,What common mistakes are made when working with async/await?
499,Frontend,Next.js Performance Testing Security,Senior,Как prototypes влияет на производительность?,How does prototypes affect performance?
500,Frontend,Next.js Performance Testing Security,Senior,Приведите production-пример использования TypeScript generics.,Give a production example of using TypeScript generics.
501,Frontend,JavaScript,Junior,Что такое closures (advanced)?,What is closures (advanced)?
502,Frontend,JavaScript,Junior,Как работает event loop (advanced)?,How does event loop work (advanced)?
503,Frontend,JavaScript,Junior,Когда использовать promises (advanced)?,When should you use promises (advanced)?
504,Frontend,JavaScript,Junior,Какие проблемы возникают при использовании async/await (advanced)?,What problems can arise when using async/await (advanced)?
505,Frontend,JavaScript,Junior,Как протестировать prototypes (advanced)?,How do you test prototypes (advanced)?
506,Frontend,JavaScript,Junior,Как оптимизировать TypeScript generics (advanced)?,How do you optimize TypeScript generics (advanced)?
507,Frontend,JavaScript,Junior,Сравните accessibility с альтернативным подходом.,Compare accessibility with an alternative approach.
508,Frontend,JavaScript,Junior,Какие ошибки часто допускают при работе с CSS Grid (advanced)?,What common mistakes are made when working with CSS Grid (advanced)?
509,Frontend,JavaScript,Junior,Как HTTP caching влияет на производительность (advanced)?,How does HTTP caching affect performance (advanced)?
510,Frontend,JavaScript,Junior,Приведите production-пример использования CORS.,Give a production example of using CORS.
511,Frontend,JavaScript,Junior,Что такое React hooks (advanced)?,What is React hooks (advanced)?
512,Frontend,JavaScript,Junior,Как работает state management (advanced)?,How does state management work (advanced)?
513,Frontend,JavaScript,Junior,Когда использовать SSR (advanced)?,When should you use SSR (advanced)?
514,Frontend,JavaScript,Junior,Какие проблемы возникают при использовании testing (advanced)?,What problems can arise when using testing (advanced)?
515,Frontend,JavaScript,Junior,Как протестировать XSS (advanced)?,How do you test XSS (advanced)?
516,Frontend,JavaScript,Junior,Как оптимизировать Node.js streams (advanced)?,How do you optimize Node.js streams (advanced)?
517,Frontend,JavaScript,Junior,Сравните REST API с альтернативным подходом.,Compare REST API with an alternative approach.
518,Frontend,JavaScript,Junior,Какие ошибки часто допускают при работе с transactions (advanced)?,What common mistakes are made when working with transactions (advanced)?
519,Frontend,JavaScript,Junior,Как indexes влияет на производительность (advanced)?,How does indexes affect performance (advanced)?
520,Frontend,JavaScript,Junior,Приведите production-пример использования Redis caching.,Give a production example of using Redis caching.
521,Frontend,JavaScript,Junior,Что такое message queues (advanced)?,What is message queues (advanced)?
522,Frontend,JavaScript,Junior,Как работает microservices (advanced)?,How does microservices work (advanced)?
523,Frontend,JavaScript,Junior,Когда использовать JWT (advanced)?,When should you use JWT (advanced)?
524,Frontend,JavaScript,Junior,Какие проблемы возникают при использовании Docker (advanced)?,What problems can arise when using Docker (advanced)?
525,Frontend,JavaScript,Junior,Как протестировать observability (advanced)?,How do you test observability (advanced)?
526,Frontend,JavaScript,Junior,Как оптимизировать system design (advanced)?,How do you optimize system design (advanced)?
527,Frontend,JavaScript,Junior,Сравните closures с альтернативным подходом.,Compare closures with an alternative approach.
528,Frontend,JavaScript,Junior,Какие ошибки часто допускают при работе с event loop (advanced)?,What common mistakes are made when working with event loop (advanced)?
529,Frontend,JavaScript,Junior,Как promises влияет на производительность (advanced)?,How does promises affect performance (advanced)?
530,Frontend,JavaScript,Junior,Приведите production-пример использования async/await.,Give a production example of using async/await.
531,Frontend,JavaScript,Middle,Что такое prototypes (advanced)?,What is prototypes (advanced)?
532,Frontend,JavaScript,Middle,Как работает TypeScript generics (advanced)?,How does TypeScript generics work (advanced)?
533,Frontend,JavaScript,Middle,Когда использовать accessibility (advanced)?,When should you use accessibility (advanced)?
534,Frontend,JavaScript,Middle,Какие проблемы возникают при использовании CSS Grid (advanced)?,What problems can arise when using CSS Grid (advanced)?
535,Frontend,JavaScript,Middle,Как протестировать HTTP caching (advanced)?,How do you test HTTP caching (advanced)?
536,Frontend,JavaScript,Middle,Как оптимизировать CORS (advanced)?,How do you optimize CORS (advanced)?
537,Frontend,JavaScript,Middle,Сравните React hooks с альтернативным подходом.,Compare React hooks with an alternative approach.
538,Frontend,JavaScript,Middle,Какие ошибки часто допускают при работе с state management (advanced)?,What common mistakes are made when working with state management (advanced)?
539,Frontend,JavaScript,Middle,Как SSR влияет на производительность (advanced)?,How does SSR affect performance (advanced)?
540,Frontend,JavaScript,Middle,Приведите production-пример использования testing.,Give a production example of using testing.
541,Frontend,JavaScript,Middle,Что такое XSS (advanced)?,What is XSS (advanced)?
542,Frontend,JavaScript,Middle,Как работает Node.js streams (advanced)?,How does Node.js streams work (advanced)?
543,Frontend,JavaScript,Middle,Когда использовать REST API (advanced)?,When should you use REST API (advanced)?
544,Frontend,JavaScript,Middle,Какие проблемы возникают при использовании transactions (advanced)?,What problems can arise when using transactions (advanced)?
545,Frontend,JavaScript,Middle,Как протестировать indexes (advanced)?,How do you test indexes (advanced)?
546,Frontend,JavaScript,Middle,Как оптимизировать Redis caching (advanced)?,How do you optimize Redis caching (advanced)?
547,Frontend,JavaScript,Middle,Сравните message queues с альтернативным подходом.,Compare message queues with an alternative approach.
548,Frontend,JavaScript,Middle,Какие ошибки часто допускают при работе с microservices (advanced)?,What common mistakes are made when working with microservices (advanced)?
549,Frontend,JavaScript,Middle,Как JWT влияет на производительность (advanced)?,How does JWT affect performance (advanced)?
550,Frontend,JavaScript,Middle,Приведите production-пример использования Docker.,Give a production example of using Docker.
551,Frontend,JavaScript,Middle,Что такое observability (advanced)?,What is observability (advanced)?
552,Frontend,JavaScript,Middle,Как работает system design (advanced)?,How does system design work (advanced)?
553,Frontend,JavaScript,Middle,Когда использовать closures (advanced)?,When should you use closures (advanced)?
554,Frontend,JavaScript,Middle,Какие проблемы возникают при использовании event loop (advanced)?,What problems can arise when using event loop (advanced)?
555,Frontend,JavaScript,Middle,Как протестировать promises (advanced)?,How do you test promises (advanced)?
556,Frontend,JavaScript,Middle,Как оптимизировать async/await (advanced)?,How do you optimize async/await (advanced)?
557,Frontend,JavaScript,Middle,Сравните prototypes с альтернативным подходом.,Compare prototypes with an alternative approach.
558,Frontend,JavaScript,Middle,Какие ошибки часто допускают при работе с TypeScript generics (advanced)?,What common mistakes are made when working with TypeScript generics (advanced)?
559,Frontend,JavaScript,Middle,Как accessibility влияет на производительность (advanced)?,How does accessibility affect performance (advanced)?
560,Frontend,JavaScript,Middle,Приведите production-пример использования CSS Grid.,Give a production example of using CSS Grid.
561,Frontend,JavaScript,Middle,Что такое HTTP caching (advanced)?,What is HTTP caching (advanced)?
562,Frontend,JavaScript,Middle,Как работает CORS (advanced)?,How does CORS work (advanced)?
563,Frontend,JavaScript,Middle,Когда использовать React hooks (advanced)?,When should you use React hooks (advanced)?
564,Frontend,JavaScript,Middle,Какие проблемы возникают при использовании state management (advanced)?,What problems can arise when using state management (advanced)?
565,Frontend,JavaScript,Middle,Как протестировать SSR (advanced)?,How do you test SSR (advanced)?
566,Frontend,JavaScript,Middle,Как оптимизировать testing (advanced)?,How do you optimize testing (advanced)?
567,Frontend,JavaScript,Middle,Сравните XSS с альтернативным подходом.,Compare XSS with an alternative approach.
568,Frontend,JavaScript,Middle,Какие ошибки часто допускают при работе с Node.js streams (advanced)?,What common mistakes are made when working with Node.js streams (advanced)?
569,Frontend,JavaScript,Middle,Как REST API влияет на производительность (advanced)?,How does REST API affect performance (advanced)?
570,Frontend,JavaScript,Middle,Приведите production-пример использования transactions.,Give a production example of using transactions.
571,Frontend,JavaScript,Middle,Что такое indexes (advanced)?,What is indexes (advanced)?
572,Frontend,JavaScript,Middle,Как работает Redis caching (advanced)?,How does Redis caching work (advanced)?
573,Frontend,JavaScript,Middle,Когда использовать message queues (advanced)?,When should you use message queues (advanced)?
574,Frontend,JavaScript,Middle,Какие проблемы возникают при использовании microservices (advanced)?,What problems can arise when using microservices (advanced)?
575,Frontend,JavaScript,Middle,Как протестировать JWT (advanced)?,How do you test JWT (advanced)?
576,Frontend,JavaScript,Senior,Как оптимизировать Docker (advanced)?,How do you optimize Docker (advanced)?
577,Frontend,JavaScript,Senior,Сравните observability с альтернативным подходом.,Compare observability with an alternative approach.
578,Frontend,JavaScript,Senior,Какие ошибки часто допускают при работе с system design (advanced)?,What common mistakes are made when working with system design (advanced)?
579,Frontend,JavaScript,Senior,Как closures влияет на производительность (advanced)?,How does closures affect performance (advanced)?
580,Frontend,JavaScript,Senior,Приведите production-пример использования event loop.,Give a production example of using event loop.
581,Frontend,JavaScript,Senior,Что такое promises (advanced)?,What is promises (advanced)?
582,Frontend,JavaScript,Senior,Как работает async/await (advanced)?,How does async/await work (advanced)?
583,Frontend,JavaScript,Senior,Когда использовать prototypes (advanced)?,When should you use prototypes (advanced)?
584,Frontend,JavaScript,Senior,Какие проблемы возникают при использовании TypeScript generics (advanced)?,What problems can arise when using TypeScript generics (advanced)?
585,Frontend,JavaScript,Senior,Как протестировать accessibility (advanced)?,How do you test accessibility (advanced)?
586,Frontend,JavaScript,Senior,Как оптимизировать CSS Grid (advanced)?,How do you optimize CSS Grid (advanced)?
587,Frontend,JavaScript,Senior,Сравните HTTP caching с альтернативным подходом.,Compare HTTP caching with an alternative approach.
588,Frontend,JavaScript,Senior,Какие ошибки часто допускают при работе с CORS (advanced)?,What common mistakes are made when working with CORS (advanced)?
589,Frontend,JavaScript,Senior,Как React hooks влияет на производительность (advanced)?,How does React hooks affect performance (advanced)?
590,Frontend,JavaScript,Senior,Приведите production-пример использования state management.,Give a production example of using state management.
591,Frontend,JavaScript,Senior,Что такое SSR (advanced)?,What is SSR (advanced)?
592,Frontend,JavaScript,Senior,Как работает testing (advanced)?,How does testing work (advanced)?
593,Frontend,JavaScript,Senior,Когда использовать XSS (advanced)?,When should you use XSS (advanced)?
594,Frontend,JavaScript,Senior,Какие проблемы возникают при использовании Node.js streams (advanced)?,What problems can arise when using Node.js streams (advanced)?
595,Frontend,JavaScript,Senior,Как протестировать REST API (advanced)?,How do you test REST API (advanced)?
596,Frontend,JavaScript,Senior,Как оптимизировать transactions (advanced)?,How do you optimize transactions (advanced)?
597,Frontend,JavaScript,Senior,Сравните indexes с альтернативным подходом.,Compare indexes with an alternative approach.
598,Frontend,JavaScript,Senior,Какие ошибки часто допускают при работе с Redis caching (advanced)?,What common mistakes are made when working with Redis caching (advanced)?
599,Frontend,JavaScript,Senior,Как message queues влияет на производительность (advanced)?,How does message queues affect performance (advanced)?
600,Frontend,JavaScript,Senior,Приведите production-пример использования microservices.,Give a production example of using microservices.
601,Frontend,TypeScript,Junior,Что такое JWT (advanced)?,What is JWT (advanced)?
602,Frontend,TypeScript,Junior,Как работает Docker (advanced)?,How does Docker work (advanced)?
603,Frontend,TypeScript,Junior,Когда использовать observability (advanced)?,When should you use observability (advanced)?
604,Frontend,TypeScript,Junior,Какие проблемы возникают при использовании system design (advanced)?,What problems can arise when using system design (advanced)?
605,Frontend,TypeScript,Junior,Как протестировать closures (advanced)?,How do you test closures (advanced)?
606,Frontend,TypeScript,Junior,Как оптимизировать event loop (advanced)?,How do you optimize event loop (advanced)?
607,Frontend,TypeScript,Junior,Сравните promises с альтернативным подходом.,Compare promises with an alternative approach.
608,Frontend,TypeScript,Junior,Какие ошибки часто допускают при работе с async/await (advanced)?,What common mistakes are made when working with async/await (advanced)?
609,Frontend,TypeScript,Junior,Как prototypes влияет на производительность (advanced)?,How does prototypes affect performance (advanced)?
610,Frontend,TypeScript,Junior,Приведите production-пример использования TypeScript generics.,Give a production example of using TypeScript generics.
611,Frontend,TypeScript,Junior,Что такое accessibility (advanced)?,What is accessibility (advanced)?
612,Frontend,TypeScript,Junior,Как работает CSS Grid (advanced)?,How does CSS Grid work (advanced)?
613,Frontend,TypeScript,Junior,Когда использовать HTTP caching (advanced)?,When should you use HTTP caching (advanced)?
614,Frontend,TypeScript,Junior,Какие проблемы возникают при использовании CORS (advanced)?,What problems can arise when using CORS (advanced)?
615,Frontend,TypeScript,Junior,Как протестировать React hooks (advanced)?,How do you test React hooks (advanced)?
616,Frontend,TypeScript,Junior,Как оптимизировать state management (advanced)?,How do you optimize state management (advanced)?
617,Frontend,TypeScript,Junior,Сравните SSR с альтернативным подходом.,Compare SSR with an alternative approach.
618,Frontend,TypeScript,Junior,Какие ошибки часто допускают при работе с testing (advanced)?,What common mistakes are made when working with testing (advanced)?
619,Frontend,TypeScript,Junior,Как XSS влияет на производительность (advanced)?,How does XSS affect performance (advanced)?
620,Frontend,TypeScript,Junior,Приведите production-пример использования Node.js streams.,Give a production example of using Node.js streams.
621,Frontend,TypeScript,Junior,Что такое REST API (advanced)?,What is REST API (advanced)?
622,Frontend,TypeScript,Junior,Как работает transactions (advanced)?,How does transactions work (advanced)?
623,Frontend,TypeScript,Junior,Когда использовать indexes (advanced)?,When should you use indexes (advanced)?
624,Frontend,TypeScript,Junior,Какие проблемы возникают при использовании Redis caching (advanced)?,What problems can arise when using Redis caching (advanced)?
625,Frontend,TypeScript,Junior,Как протестировать message queues (advanced)?,How do you test message queues (advanced)?
626,Frontend,TypeScript,Junior,Как оптимизировать microservices (advanced)?,How do you optimize microservices (advanced)?
627,Frontend,TypeScript,Junior,Сравните JWT с альтернативным подходом.,Compare JWT with an alternative approach.
628,Frontend,TypeScript,Junior,Какие ошибки часто допускают при работе с Docker (advanced)?,What common mistakes are made when working with Docker (advanced)?
629,Frontend,TypeScript,Junior,Как observability влияет на производительность (advanced)?,How does observability affect performance (advanced)?
630,Frontend,TypeScript,Junior,Приведите production-пример использования system design.,Give a production example of using system design.
631,Frontend,TypeScript,Middle,Что такое closures (advanced)?,What is closures (advanced)?
632,Frontend,TypeScript,Middle,Как работает event loop (advanced)?,How does event loop work (advanced)?
633,Frontend,TypeScript,Middle,Когда использовать promises (advanced)?,When should you use promises (advanced)?
634,Frontend,TypeScript,Middle,Какие проблемы возникают при использовании async/await (advanced)?,What problems can arise when using async/await (advanced)?
635,Frontend,TypeScript,Middle,Как протестировать prototypes (advanced)?,How do you test prototypes (advanced)?
636,Frontend,TypeScript,Middle,Как оптимизировать TypeScript generics (advanced)?,How do you optimize TypeScript generics (advanced)?
637,Frontend,TypeScript,Middle,Сравните accessibility с альтернативным подходом.,Compare accessibility with an alternative approach.
638,Frontend,TypeScript,Middle,Какие ошибки часто допускают при работе с CSS Grid (advanced)?,What common mistakes are made when working with CSS Grid (advanced)?
639,Frontend,TypeScript,Middle,Как HTTP caching влияет на производительность (advanced)?,How does HTTP caching affect performance (advanced)?
640,Frontend,TypeScript,Middle,Приведите production-пример использования CORS.,Give a production example of using CORS.
641,Frontend,TypeScript,Middle,Что такое React hooks (advanced)?,What is React hooks (advanced)?
642,Frontend,TypeScript,Middle,Как работает state management (advanced)?,How does state management work (advanced)?
643,Frontend,TypeScript,Middle,Когда использовать SSR (advanced)?,When should you use SSR (advanced)?
644,Frontend,TypeScript,Middle,Какие проблемы возникают при использовании testing (advanced)?,What problems can arise when using testing (advanced)?
645,Frontend,TypeScript,Middle,Как протестировать XSS (advanced)?,How do you test XSS (advanced)?
646,Frontend,TypeScript,Middle,Как оптимизировать Node.js streams (advanced)?,How do you optimize Node.js streams (advanced)?
647,Frontend,TypeScript,Middle,Сравните REST API с альтернативным подходом.,Compare REST API with an alternative approach.
648,Frontend,TypeScript,Middle,Какие ошибки часто допускают при работе с transactions (advanced)?,What common mistakes are made when working with transactions (advanced)?
649,Frontend,TypeScript,Middle,Как indexes влияет на производительность (advanced)?,How does indexes affect performance (advanced)?
650,Frontend,TypeScript,Middle,Приведите production-пример использования Redis caching.,Give a production example of using Redis caching.
651,Frontend,TypeScript,Middle,Что такое message queues (advanced)?,What is message queues (advanced)?
652,Frontend,TypeScript,Middle,Как работает microservices (advanced)?,How does microservices work (advanced)?
653,Frontend,TypeScript,Middle,Когда использовать JWT (advanced)?,When should you use JWT (advanced)?
654,Frontend,TypeScript,Middle,Какие проблемы возникают при использовании Docker (advanced)?,What problems can arise when using Docker (advanced)?
655,Frontend,TypeScript,Middle,Как протестировать observability (advanced)?,How do you test observability (advanced)?
656,Frontend,TypeScript,Middle,Как оптимизировать system design (advanced)?,How do you optimize system design (advanced)?
657,Frontend,TypeScript,Middle,Сравните closures с альтернативным подходом.,Compare closures with an alternative approach.
658,Frontend,TypeScript,Middle,Какие ошибки часто допускают при работе с event loop (advanced)?,What common mistakes are made when working with event loop (advanced)?
659,Frontend,TypeScript,Middle,Как promises влияет на производительность (advanced)?,How does promises affect performance (advanced)?
660,Frontend,TypeScript,Middle,Приведите production-пример использования async/await.,Give a production example of using async/await.
661,Frontend,TypeScript,Middle,Что такое prototypes (advanced)?,What is prototypes (advanced)?
662,Frontend,TypeScript,Middle,Как работает TypeScript generics (advanced)?,How does TypeScript generics work (advanced)?
663,Frontend,TypeScript,Middle,Когда использовать accessibility (advanced)?,When should you use accessibility (advanced)?
664,Frontend,TypeScript,Middle,Какие проблемы возникают при использовании CSS Grid (advanced)?,What problems can arise when using CSS Grid (advanced)?
665,Frontend,TypeScript,Middle,Как протестировать HTTP caching (advanced)?,How do you test HTTP caching (advanced)?
666,Frontend,TypeScript,Middle,Как оптимизировать CORS (advanced)?,How do you optimize CORS (advanced)?
667,Frontend,TypeScript,Middle,Сравните React hooks с альтернативным подходом.,Compare React hooks with an alternative approach.
668,Frontend,TypeScript,Middle,Какие ошибки часто допускают при работе с state management (advanced)?,What common mistakes are made when working with state management (advanced)?
669,Frontend,TypeScript,Middle,Как SSR влияет на производительность (advanced)?,How does SSR affect performance (advanced)?
670,Frontend,TypeScript,Middle,Приведите production-пример использования testing.,Give a production example of using testing.
671,Frontend,TypeScript,Middle,Что такое XSS (advanced)?,What is XSS (advanced)?
672,Frontend,TypeScript,Middle,Как работает Node.js streams (advanced)?,How does Node.js streams work (advanced)?
673,Frontend,TypeScript,Middle,Когда использовать REST API (advanced)?,When should you use REST API (advanced)?
674,Frontend,TypeScript,Middle,Какие проблемы возникают при использовании transactions (advanced)?,What problems can arise when using transactions (advanced)?
675,Frontend,TypeScript,Middle,Как протестировать indexes (advanced)?,How do you test indexes (advanced)?
676,Frontend,TypeScript,Senior,Как оптимизировать Redis caching (advanced)?,How do you optimize Redis caching (advanced)?
677,Frontend,TypeScript,Senior,Сравните message queues с альтернативным подходом.,Compare message queues with an alternative approach.
678,Frontend,TypeScript,Senior,Какие ошибки часто допускают при работе с microservices (advanced)?,What common mistakes are made when working with microservices (advanced)?
679,Frontend,TypeScript,Senior,Как JWT влияет на производительность (advanced)?,How does JWT affect performance (advanced)?
680,Frontend,TypeScript,Senior,Приведите production-пример использования Docker.,Give a production example of using Docker.
681,Frontend,TypeScript,Senior,Что такое observability (advanced)?,What is observability (advanced)?
682,Frontend,TypeScript,Senior,Как работает system design (advanced)?,How does system design work (advanced)?
683,Frontend,TypeScript,Senior,Когда использовать closures (advanced)?,When should you use closures (advanced)?
684,Frontend,TypeScript,Senior,Какие проблемы возникают при использовании event loop (advanced)?,What problems can arise when using event loop (advanced)?
685,Frontend,TypeScript,Senior,Как протестировать promises (advanced)?,How do you test promises (advanced)?
686,Frontend,TypeScript,Senior,Как оптимизировать async/await (advanced)?,How do you optimize async/await (advanced)?
687,Frontend,TypeScript,Senior,Сравните prototypes с альтернативным подходом.,Compare prototypes with an alternative approach.
688,Frontend,TypeScript,Senior,Какие ошибки часто допускают при работе с TypeScript generics (advanced)?,What common mistakes are made when working with TypeScript generics (advanced)?
689,Frontend,TypeScript,Senior,Как accessibility влияет на производительность (advanced)?,How does accessibility affect performance (advanced)?
690,Frontend,TypeScript,Senior,Приведите production-пример использования CSS Grid.,Give a production example of using CSS Grid.
691,Frontend,TypeScript,Senior,Что такое HTTP caching (advanced)?,What is HTTP caching (advanced)?
692,Frontend,TypeScript,Senior,Как работает CORS (advanced)?,How does CORS work (advanced)?
693,Frontend,TypeScript,Senior,Когда использовать React hooks (advanced)?,When should you use React hooks (advanced)?
694,Frontend,TypeScript,Senior,Какие проблемы возникают при использовании state management (advanced)?,What problems can arise when using state management (advanced)?
695,Frontend,TypeScript,Senior,Как протестировать SSR (advanced)?,How do you test SSR (advanced)?
696,Frontend,TypeScript,Senior,Как оптимизировать testing (advanced)?,How do you optimize testing (advanced)?
697,Frontend,TypeScript,Senior,Сравните XSS с альтернативным подходом.,Compare XSS with an alternative approach.
698,Frontend,TypeScript,Senior,Какие ошибки часто допускают при работе с Node.js streams (advanced)?,What common mistakes are made when working with Node.js streams (advanced)?
699,Frontend,TypeScript,Senior,Как REST API влияет на производительность (advanced)?,How does REST API affect performance (advanced)?
700,Frontend,TypeScript,Senior,Приведите production-пример использования transactions.,Give a production example of using transactions.
701,Frontend,HTML CSS Browser,Junior,Что такое indexes (advanced)?,What is indexes (advanced)?
702,Frontend,HTML CSS Browser,Junior,Как работает Redis caching (advanced)?,How does Redis caching work (advanced)?
703,Frontend,HTML CSS Browser,Junior,Когда использовать message queues (advanced)?,When should you use message queues (advanced)?
704,Frontend,HTML CSS Browser,Junior,Какие проблемы возникают при использовании microservices (advanced)?,What problems can arise when using microservices (advanced)?
705,Frontend,HTML CSS Browser,Junior,Как протестировать JWT (advanced)?,How do you test JWT (advanced)?
706,Frontend,HTML CSS Browser,Junior,Как оптимизировать Docker (advanced)?,How do you optimize Docker (advanced)?
707,Frontend,HTML CSS Browser,Junior,Сравните observability с альтернативным подходом.,Compare observability with an alternative approach.
708,Frontend,HTML CSS Browser,Junior,Какие ошибки часто допускают при работе с system design (advanced)?,What common mistakes are made when working with system design (advanced)?
709,Frontend,HTML CSS Browser,Junior,Как closures влияет на производительность (advanced)?,How does closures affect performance (advanced)?
710,Frontend,HTML CSS Browser,Junior,Приведите production-пример использования event loop.,Give a production example of using event loop.
711,Frontend,HTML CSS Browser,Junior,Что такое promises (advanced)?,What is promises (advanced)?
712,Frontend,HTML CSS Browser,Junior,Как работает async/await (advanced)?,How does async/await work (advanced)?
713,Frontend,HTML CSS Browser,Junior,Когда использовать prototypes (advanced)?,When should you use prototypes (advanced)?
714,Frontend,HTML CSS Browser,Junior,Какие проблемы возникают при использовании TypeScript generics (advanced)?,What problems can arise when using TypeScript generics (advanced)?
715,Frontend,HTML CSS Browser,Junior,Как протестировать accessibility (advanced)?,How do you test accessibility (advanced)?
716,Frontend,HTML CSS Browser,Junior,Как оптимизировать CSS Grid (advanced)?,How do you optimize CSS Grid (advanced)?
717,Frontend,HTML CSS Browser,Junior,Сравните HTTP caching с альтернативным подходом.,Compare HTTP caching with an alternative approach.
718,Frontend,HTML CSS Browser,Junior,Какие ошибки часто допускают при работе с CORS (advanced)?,What common mistakes are made when working with CORS (advanced)?
719,Frontend,HTML CSS Browser,Junior,Как React hooks влияет на производительность (advanced)?,How does React hooks affect performance (advanced)?
720,Frontend,HTML CSS Browser,Junior,Приведите production-пример использования state management.,Give a production example of using state management.
721,Frontend,HTML CSS Browser,Junior,Что такое SSR (advanced)?,What is SSR (advanced)?
722,Frontend,HTML CSS Browser,Junior,Как работает testing (advanced)?,How does testing work (advanced)?
723,Frontend,HTML CSS Browser,Junior,Когда использовать XSS (advanced)?,When should you use XSS (advanced)?
724,Frontend,HTML CSS Browser,Junior,Какие проблемы возникают при использовании Node.js streams (advanced)?,What problems can arise when using Node.js streams (advanced)?
725,Frontend,HTML CSS Browser,Junior,Как протестировать REST API (advanced)?,How do you test REST API (advanced)?
726,Frontend,HTML CSS Browser,Junior,Как оптимизировать transactions (advanced)?,How do you optimize transactions (advanced)?
727,Frontend,HTML CSS Browser,Junior,Сравните indexes с альтернативным подходом.,Compare indexes with an alternative approach.
728,Frontend,HTML CSS Browser,Junior,Какие ошибки часто допускают при работе с Redis caching (advanced)?,What common mistakes are made when working with Redis caching (advanced)?
729,Frontend,HTML CSS Browser,Junior,Как message queues влияет на производительность (advanced)?,How does message queues affect performance (advanced)?
730,Frontend,HTML CSS Browser,Junior,Приведите production-пример использования microservices.,Give a production example of using microservices.
731,Frontend,HTML CSS Browser,Middle,Что такое JWT (advanced)?,What is JWT (advanced)?
732,Frontend,HTML CSS Browser,Middle,Как работает Docker (advanced)?,How does Docker work (advanced)?
733,Frontend,HTML CSS Browser,Middle,Когда использовать observability (advanced)?,When should you use observability (advanced)?
734,Frontend,HTML CSS Browser,Middle,Какие проблемы возникают при использовании system design (advanced)?,What problems can arise when using system design (advanced)?
735,Frontend,HTML CSS Browser,Middle,Как протестировать closures (advanced)?,How do you test closures (advanced)?
736,Frontend,HTML CSS Browser,Middle,Как оптимизировать event loop (advanced)?,How do you optimize event loop (advanced)?
737,Frontend,HTML CSS Browser,Middle,Сравните promises с альтернативным подходом.,Compare promises with an alternative approach.
738,Frontend,HTML CSS Browser,Middle,Какие ошибки часто допускают при работе с async/await (advanced)?,What common mistakes are made when working with async/await (advanced)?
739,Frontend,HTML CSS Browser,Middle,Как prototypes влияет на производительность (advanced)?,How does prototypes affect performance (advanced)?
740,Frontend,HTML CSS Browser,Middle,Приведите production-пример использования TypeScript generics.,Give a production example of using TypeScript generics.
741,Frontend,HTML CSS Browser,Middle,Что такое accessibility (advanced)?,What is accessibility (advanced)?
742,Frontend,HTML CSS Browser,Middle,Как работает CSS Grid (advanced)?,How does CSS Grid work (advanced)?
743,Frontend,HTML CSS Browser,Middle,Когда использовать HTTP caching (advanced)?,When should you use HTTP caching (advanced)?
744,Frontend,HTML CSS Browser,Middle,Какие проблемы возникают при использовании CORS (advanced)?,What problems can arise when using CORS (advanced)?
745,Frontend,HTML CSS Browser,Middle,Как протестировать React hooks (advanced)?,How do you test React hooks (advanced)?
746,Frontend,HTML CSS Browser,Middle,Как оптимизировать state management (advanced)?,How do you optimize state management (advanced)?
747,Frontend,HTML CSS Browser,Middle,Сравните SSR с альтернативным подходом.,Compare SSR with an alternative approach.
748,Frontend,HTML CSS Browser,Middle,Какие ошибки часто допускают при работе с testing (advanced)?,What common mistakes are made when working with testing (advanced)?
749,Frontend,HTML CSS Browser,Middle,Как XSS влияет на производительность (advanced)?,How does XSS affect performance (advanced)?
750,Frontend,HTML CSS Browser,Middle,Приведите production-пример использования Node.js streams.,Give a production example of using Node.js streams.
751,Frontend,HTML CSS Browser,Middle,Что такое REST API (advanced)?,What is REST API (advanced)?
752,Frontend,HTML CSS Browser,Middle,Как работает transactions (advanced)?,How does transactions work (advanced)?
753,Frontend,HTML CSS Browser,Middle,Когда использовать indexes (advanced)?,When should you use indexes (advanced)?
754,Frontend,HTML CSS Browser,Middle,Какие проблемы возникают при использовании Redis caching (advanced)?,What problems can arise when using Redis caching (advanced)?
755,Frontend,HTML CSS Browser,Middle,Как протестировать message queues (advanced)?,How do you test message queues (advanced)?
756,Frontend,HTML CSS Browser,Middle,Как оптимизировать microservices (advanced)?,How do you optimize microservices (advanced)?
757,Frontend,HTML CSS Browser,Middle,Сравните JWT с альтернативным подходом.,Compare JWT with an alternative approach.
758,Frontend,HTML CSS Browser,Middle,Какие ошибки часто допускают при работе с Docker (advanced)?,What common mistakes are made when working with Docker (advanced)?
759,Frontend,HTML CSS Browser,Middle,Как observability влияет на производительность (advanced)?,How does observability affect performance (advanced)?
760,Frontend,HTML CSS Browser,Middle,Приведите production-пример использования system design.,Give a production example of using system design.
761,Frontend,HTML CSS Browser,Middle,Что такое closures (advanced)?,What is closures (advanced)?
762,Frontend,HTML CSS Browser,Middle,Как работает event loop (advanced)?,How does event loop work (advanced)?
763,Frontend,HTML CSS Browser,Middle,Когда использовать promises (advanced)?,When should you use promises (advanced)?
764,Frontend,HTML CSS Browser,Middle,Какие проблемы возникают при использовании async/await (advanced)?,What problems can arise when using async/await (advanced)?
765,Frontend,HTML CSS Browser,Middle,Как протестировать prototypes (advanced)?,How do you test prototypes (advanced)?
766,Frontend,HTML CSS Browser,Middle,Как оптимизировать TypeScript generics (advanced)?,How do you optimize TypeScript generics (advanced)?
767,Frontend,HTML CSS Browser,Middle,Сравните accessibility с альтернативным подходом.,Compare accessibility with an alternative approach.
768,Frontend,HTML CSS Browser,Middle,Какие ошибки часто допускают при работе с CSS Grid (advanced)?,What common mistakes are made when working with CSS Grid (advanced)?
769,Frontend,HTML CSS Browser,Middle,Как HTTP caching влияет на производительность (advanced)?,How does HTTP caching affect performance (advanced)?
770,Frontend,HTML CSS Browser,Middle,Приведите production-пример использования CORS.,Give a production example of using CORS.
771,Frontend,HTML CSS Browser,Middle,Что такое React hooks (advanced)?,What is React hooks (advanced)?
772,Frontend,HTML CSS Browser,Middle,Как работает state management (advanced)?,How does state management work (advanced)?
773,Frontend,HTML CSS Browser,Middle,Когда использовать SSR (advanced)?,When should you use SSR (advanced)?
774,Frontend,HTML CSS Browser,Middle,Какие проблемы возникают при использовании testing (advanced)?,What problems can arise when using testing (advanced)?
775,Frontend,HTML CSS Browser,Middle,Как протестировать XSS (advanced)?,How do you test XSS (advanced)?
776,Frontend,HTML CSS Browser,Senior,Как оптимизировать Node.js streams (advanced)?,How do you optimize Node.js streams (advanced)?
777,Frontend,HTML CSS Browser,Senior,Сравните REST API с альтернативным подходом.,Compare REST API with an alternative approach.
778,Frontend,HTML CSS Browser,Senior,Какие ошибки часто допускают при работе с transactions (advanced)?,What common mistakes are made when working with transactions (advanced)?
779,Frontend,HTML CSS Browser,Senior,Как indexes влияет на производительность (advanced)?,How does indexes affect performance (advanced)?
780,Frontend,HTML CSS Browser,Senior,Приведите production-пример использования Redis caching.,Give a production example of using Redis caching.
781,Frontend,HTML CSS Browser,Senior,Что такое message queues (advanced)?,What is message queues (advanced)?
782,Frontend,HTML CSS Browser,Senior,Как работает microservices (advanced)?,How does microservices work (advanced)?
783,Frontend,HTML CSS Browser,Senior,Когда использовать JWT (advanced)?,When should you use JWT (advanced)?
784,Frontend,HTML CSS Browser,Senior,Какие проблемы возникают при использовании Docker (advanced)?,What problems can arise when using Docker (advanced)?
785,Frontend,HTML CSS Browser,Senior,Как протестировать observability (advanced)?,How do you test observability (advanced)?
786,Frontend,HTML CSS Browser,Senior,Как оптимизировать system design (advanced)?,How do you optimize system design (advanced)?
787,Frontend,HTML CSS Browser,Senior,Сравните closures с альтернативным подходом.,Compare closures with an alternative approach.
788,Frontend,HTML CSS Browser,Senior,Какие ошибки часто допускают при работе с event loop (advanced)?,What common mistakes are made when working with event loop (advanced)?
789,Frontend,HTML CSS Browser,Senior,Как promises влияет на производительность (advanced)?,How does promises affect performance (advanced)?
790,Frontend,HTML CSS Browser,Senior,Приведите production-пример использования async/await.,Give a production example of using async/await.
791,Frontend,HTML CSS Browser,Senior,Что такое prototypes (advanced)?,What is prototypes (advanced)?
792,Frontend,HTML CSS Browser,Senior,Как работает TypeScript generics (advanced)?,How does TypeScript generics work (advanced)?
793,Frontend,HTML CSS Browser,Senior,Когда использовать accessibility (advanced)?,When should you use accessibility (advanced)?
794,Frontend,HTML CSS Browser,Senior,Какие проблемы возникают при использовании CSS Grid (advanced)?,What problems can arise when using CSS Grid (advanced)?
795,Frontend,HTML CSS Browser,Senior,Как протестировать HTTP caching (advanced)?,How do you test HTTP caching (advanced)?
796,Frontend,HTML CSS Browser,Senior,Как оптимизировать CORS (advanced)?,How do you optimize CORS (advanced)?
797,Frontend,HTML CSS Browser,Senior,Сравните React hooks с альтернативным подходом.,Compare React hooks with an alternative approach.
798,Frontend,HTML CSS Browser,Senior,Какие ошибки часто допускают при работе с state management (advanced)?,What common mistakes are made when working with state management (advanced)?
799,Frontend,HTML CSS Browser,Senior,Как SSR влияет на производительность (advanced)?,How does SSR affect performance (advanced)?
800,Frontend,HTML CSS Browser,Senior,Приведите production-пример использования testing.,Give a production example of using testing.
801,Frontend,React,Junior,Что такое XSS (advanced)?,What is XSS (advanced)?
802,Frontend,React,Junior,Как работает Node.js streams (advanced)?,How does Node.js streams work (advanced)?
803,Frontend,React,Junior,Когда использовать REST API (advanced)?,When should you use REST API (advanced)?
804,Frontend,React,Junior,Какие проблемы возникают при использовании transactions (advanced)?,What problems can arise when using transactions (advanced)?
805,Frontend,React,Junior,Как протестировать indexes (advanced)?,How do you test indexes (advanced)?
806,Frontend,React,Junior,Как оптимизировать Redis caching (advanced)?,How do you optimize Redis caching (advanced)?
807,Frontend,React,Junior,Сравните message queues с альтернативным подходом.,Compare message queues with an alternative approach.
808,Frontend,React,Junior,Какие ошибки часто допускают при работе с microservices (advanced)?,What common mistakes are made when working with microservices (advanced)?
809,Frontend,React,Junior,Как JWT влияет на производительность (advanced)?,How does JWT affect performance (advanced)?
810,Frontend,React,Junior,Приведите production-пример использования Docker.,Give a production example of using Docker.
811,Frontend,React,Junior,Что такое observability (advanced)?,What is observability (advanced)?
812,Frontend,React,Junior,Как работает system design (advanced)?,How does system design work (advanced)?
813,Frontend,React,Junior,Когда использовать closures (advanced)?,When should you use closures (advanced)?
814,Frontend,React,Junior,Какие проблемы возникают при использовании event loop (advanced)?,What problems can arise when using event loop (advanced)?
815,Frontend,React,Junior,Как протестировать promises (advanced)?,How do you test promises (advanced)?
816,Frontend,React,Junior,Как оптимизировать async/await (advanced)?,How do you optimize async/await (advanced)?
817,Frontend,React,Junior,Сравните prototypes с альтернативным подходом.,Compare prototypes with an alternative approach.
818,Frontend,React,Junior,Какие ошибки часто допускают при работе с TypeScript generics (advanced)?,What common mistakes are made when working with TypeScript generics (advanced)?
819,Frontend,React,Junior,Как accessibility влияет на производительность (advanced)?,How does accessibility affect performance (advanced)?
820,Frontend,React,Junior,Приведите production-пример использования CSS Grid.,Give a production example of using CSS Grid.
821,Frontend,React,Junior,Что такое HTTP caching (advanced)?,What is HTTP caching (advanced)?
822,Frontend,React,Junior,Как работает CORS (advanced)?,How does CORS work (advanced)?
823,Frontend,React,Junior,Когда использовать React hooks (advanced)?,When should you use React hooks (advanced)?
824,Frontend,React,Junior,Какие проблемы возникают при использовании state management (advanced)?,What problems can arise when using state management (advanced)?
825,Frontend,React,Junior,Как протестировать SSR (advanced)?,How do you test SSR (advanced)?
826,Frontend,React,Junior,Как оптимизировать testing (advanced)?,How do you optimize testing (advanced)?
827,Frontend,React,Junior,Сравните XSS с альтернативным подходом.,Compare XSS with an alternative approach.
828,Frontend,React,Junior,Какие ошибки часто допускают при работе с Node.js streams (advanced)?,What common mistakes are made when working with Node.js streams (advanced)?
829,Frontend,React,Junior,Как REST API влияет на производительность (advanced)?,How does REST API affect performance (advanced)?
830,Frontend,React,Junior,Приведите production-пример использования transactions.,Give a production example of using transactions.
831,Frontend,React,Middle,Что такое indexes (advanced)?,What is indexes (advanced)?
832,Frontend,React,Middle,Как работает Redis caching (advanced)?,How does Redis caching work (advanced)?
833,Frontend,React,Middle,Когда использовать message queues (advanced)?,When should you use message queues (advanced)?
834,Frontend,React,Middle,Какие проблемы возникают при использовании microservices (advanced)?,What problems can arise when using microservices (advanced)?
835,Frontend,React,Middle,Как протестировать JWT (advanced)?,How do you test JWT (advanced)?
836,Frontend,React,Middle,Как оптимизировать Docker (advanced)?,How do you optimize Docker (advanced)?
837,Frontend,React,Middle,Сравните observability с альтернативным подходом.,Compare observability with an alternative approach.
838,Frontend,React,Middle,Какие ошибки часто допускают при работе с system design (advanced)?,What common mistakes are made when working with system design (advanced)?
839,Frontend,React,Middle,Как closures влияет на производительность (advanced)?,How does closures affect performance (advanced)?
840,Frontend,React,Middle,Приведите production-пример использования event loop.,Give a production example of using event loop.
841,Frontend,React,Middle,Что такое promises (advanced)?,What is promises (advanced)?
842,Frontend,React,Middle,Как работает async/await (advanced)?,How does async/await work (advanced)?
843,Frontend,React,Middle,Когда использовать prototypes (advanced)?,When should you use prototypes (advanced)?
844,Frontend,React,Middle,Какие проблемы возникают при использовании TypeScript generics (advanced)?,What problems can arise when using TypeScript generics (advanced)?
845,Frontend,React,Middle,Как протестировать accessibility (advanced)?,How do you test accessibility (advanced)?
846,Frontend,React,Middle,Как оптимизировать CSS Grid (advanced)?,How do you optimize CSS Grid (advanced)?
847,Frontend,React,Middle,Сравните HTTP caching с альтернативным подходом.,Compare HTTP caching with an alternative approach.
848,Frontend,React,Middle,Какие ошибки часто допускают при работе с CORS (advanced)?,What common mistakes are made when working with CORS (advanced)?
849,Frontend,React,Middle,Как React hooks влияет на производительность (advanced)?,How does React hooks affect performance (advanced)?
850,Frontend,React,Middle,Приведите production-пример использования state management.,Give a production example of using state management.
851,Frontend,React,Middle,Что такое SSR (advanced)?,What is SSR (advanced)?
852,Frontend,React,Middle,Как работает testing (advanced)?,How does testing work (advanced)?
853,Frontend,React,Middle,Когда использовать XSS (advanced)?,When should you use XSS (advanced)?
854,Frontend,React,Middle,Какие проблемы возникают при использовании Node.js streams (advanced)?,What problems can arise when using Node.js streams (advanced)?
855,Frontend,React,Middle,Как протестировать REST API (advanced)?,How do you test REST API (advanced)?
856,Frontend,React,Middle,Как оптимизировать transactions (advanced)?,How do you optimize transactions (advanced)?
857,Frontend,React,Middle,Сравните indexes с альтернативным подходом.,Compare indexes with an alternative approach.
858,Frontend,React,Middle,Какие ошибки часто допускают при работе с Redis caching (advanced)?,What common mistakes are made when working with Redis caching (advanced)?
859,Frontend,React,Middle,Как message queues влияет на производительность (advanced)?,How does message queues affect performance (advanced)?
860,Frontend,React,Middle,Приведите production-пример использования microservices.,Give a production example of using microservices.
861,Frontend,React,Middle,Что такое JWT (advanced)?,What is JWT (advanced)?
862,Frontend,React,Middle,Как работает Docker (advanced)?,How does Docker work (advanced)?
863,Frontend,React,Middle,Когда использовать observability (advanced)?,When should you use observability (advanced)?
864,Frontend,React,Middle,Какие проблемы возникают при использовании system design (advanced)?,What problems can arise when using system design (advanced)?
865,Frontend,React,Middle,Как протестировать closures (advanced)?,How do you test closures (advanced)?
866,Frontend,React,Middle,Как оптимизировать event loop (advanced)?,How do you optimize event loop (advanced)?
867,Frontend,React,Middle,Сравните promises с альтернативным подходом.,Compare promises with an alternative approach.
868,Frontend,React,Middle,Какие ошибки часто допускают при работе с async/await (advanced)?,What common mistakes are made when working with async/await (advanced)?
869,Frontend,React,Middle,Как prototypes влияет на производительность (advanced)?,How does prototypes affect performance (advanced)?
870,Frontend,React,Middle,Приведите production-пример использования TypeScript generics.,Give a production example of using TypeScript generics.
871,Frontend,React,Middle,Что такое accessibility (advanced)?,What is accessibility (advanced)?
872,Frontend,React,Middle,Как работает CSS Grid (advanced)?,How does CSS Grid work (advanced)?
873,Frontend,React,Middle,Когда использовать HTTP caching (advanced)?,When should you use HTTP caching (advanced)?
874,Frontend,React,Middle,Какие проблемы возникают при использовании CORS (advanced)?,What problems can arise when using CORS (advanced)?
875,Frontend,React,Middle,Как протестировать React hooks (advanced)?,How do you test React hooks (advanced)?
876,Frontend,React,Senior,Как оптимизировать state management (advanced)?,How do you optimize state management (advanced)?
877,Frontend,React,Senior,Сравните SSR с альтернативным подходом.,Compare SSR with an alternative approach.
878,Frontend,React,Senior,Какие ошибки часто допускают при работе с testing (advanced)?,What common mistakes are made when working with testing (advanced)?
879,Frontend,React,Senior,Как XSS влияет на производительность (advanced)?,How does XSS affect performance (advanced)?
880,Frontend,React,Senior,Приведите production-пример использования Node.js streams.,Give a production example of using Node.js streams.
881,Frontend,React,Senior,Что такое REST API (advanced)?,What is REST API (advanced)?
882,Frontend,React,Senior,Как работает transactions (advanced)?,How does transactions work (advanced)?
883,Frontend,React,Senior,Когда использовать indexes (advanced)?,When should you use indexes (advanced)?
884,Frontend,React,Senior,Какие проблемы возникают при использовании Redis caching (advanced)?,What problems can arise when using Redis caching (advanced)?
885,Frontend,React,Senior,Как протестировать message queues (advanced)?,How do you test message queues (advanced)?
886,Frontend,React,Senior,Как оптимизировать microservices (advanced)?,How do you optimize microservices (advanced)?
887,Frontend,React,Senior,Сравните JWT с альтернативным подходом.,Compare JWT with an alternative approach.
888,Frontend,React,Senior,Какие ошибки часто допускают при работе с Docker (advanced)?,What common mistakes are made when working with Docker (advanced)?
889,Frontend,React,Senior,Как observability влияет на производительность (advanced)?,How does observability affect performance (advanced)?
890,Frontend,React,Senior,Приведите production-пример использования system design.,Give a production example of using system design.
891,Frontend,React,Senior,Что такое closures (advanced)?,What is closures (advanced)?
892,Frontend,React,Senior,Как работает event loop (advanced)?,How does event loop work (advanced)?
893,Frontend,React,Senior,Когда использовать promises (advanced)?,When should you use promises (advanced)?
894,Frontend,React,Senior,Какие проблемы возникают при использовании async/await (advanced)?,What problems can arise when using async/await (advanced)?
895,Frontend,React,Senior,Как протестировать prototypes (advanced)?,How do you test prototypes (advanced)?
896,Frontend,React,Senior,Как оптимизировать TypeScript generics (advanced)?,How do you optimize TypeScript generics (advanced)?
897,Frontend,React,Senior,Сравните accessibility с альтернативным подходом.,Compare accessibility with an alternative approach.
898,Frontend,React,Senior,Какие ошибки часто допускают при работе с CSS Grid (advanced)?,What common mistakes are made when working with CSS Grid (advanced)?
899,Frontend,React,Senior,Как HTTP caching влияет на производительность (advanced)?,How does HTTP caching affect performance (advanced)?
900,Frontend,React,Senior,Приведите production-пример использования CORS.,Give a production example of using CORS.
901,Frontend,Next.js Performance Testing Security,Junior,Что такое React hooks (advanced)?,What is React hooks (advanced)?
902,Frontend,Next.js Performance Testing Security,Junior,Как работает state management (advanced)?,How does state management work (advanced)?
903,Frontend,Next.js Performance Testing Security,Junior,Когда использовать SSR (advanced)?,When should you use SSR (advanced)?
904,Frontend,Next.js Performance Testing Security,Junior,Какие проблемы возникают при использовании testing (advanced)?,What problems can arise when using testing (advanced)?
905,Frontend,Next.js Performance Testing Security,Junior,Как протестировать XSS (advanced)?,How do you test XSS (advanced)?
906,Frontend,Next.js Performance Testing Security,Junior,Как оптимизировать Node.js streams (advanced)?,How do you optimize Node.js streams (advanced)?
907,Frontend,Next.js Performance Testing Security,Junior,Сравните REST API с альтернативным подходом.,Compare REST API with an alternative approach.
908,Frontend,Next.js Performance Testing Security,Junior,Какие ошибки часто допускают при работе с transactions (advanced)?,What common mistakes are made when working with transactions (advanced)?
909,Frontend,Next.js Performance Testing Security,Junior,Как indexes влияет на производительность (advanced)?,How does indexes affect performance (advanced)?
910,Frontend,Next.js Performance Testing Security,Junior,Приведите production-пример использования Redis caching.,Give a production example of using Redis caching.
911,Frontend,Next.js Performance Testing Security,Junior,Что такое message queues (advanced)?,What is message queues (advanced)?
912,Frontend,Next.js Performance Testing Security,Junior,Как работает microservices (advanced)?,How does microservices work (advanced)?
913,Frontend,Next.js Performance Testing Security,Junior,Когда использовать JWT (advanced)?,When should you use JWT (advanced)?
914,Frontend,Next.js Performance Testing Security,Junior,Какие проблемы возникают при использовании Docker (advanced)?,What problems can arise when using Docker (advanced)?
915,Frontend,Next.js Performance Testing Security,Junior,Как протестировать observability (advanced)?,How do you test observability (advanced)?
916,Frontend,Next.js Performance Testing Security,Junior,Как оптимизировать system design (advanced)?,How do you optimize system design (advanced)?
917,Frontend,Next.js Performance Testing Security,Junior,Сравните closures с альтернативным подходом.,Compare closures with an alternative approach.
918,Frontend,Next.js Performance Testing Security,Junior,Какие ошибки часто допускают при работе с event loop (advanced)?,What common mistakes are made when working with event loop (advanced)?
919,Frontend,Next.js Performance Testing Security,Junior,Как promises влияет на производительность (advanced)?,How does promises affect performance (advanced)?
920,Frontend,Next.js Performance Testing Security,Junior,Приведите production-пример использования async/await.,Give a production example of using async/await.
921,Frontend,Next.js Performance Testing Security,Junior,Что такое prototypes (advanced)?,What is prototypes (advanced)?
922,Frontend,Next.js Performance Testing Security,Junior,Как работает TypeScript generics (advanced)?,How does TypeScript generics work (advanced)?
923,Frontend,Next.js Performance Testing Security,Junior,Когда использовать accessibility (advanced)?,When should you use accessibility (advanced)?
924,Frontend,Next.js Performance Testing Security,Junior,Какие проблемы возникают при использовании CSS Grid (advanced)?,What problems can arise when using CSS Grid (advanced)?
925,Frontend,Next.js Performance Testing Security,Junior,Как протестировать HTTP caching (advanced)?,How do you test HTTP caching (advanced)?
926,Frontend,Next.js Performance Testing Security,Junior,Как оптимизировать CORS (advanced)?,How do you optimize CORS (advanced)?
927,Frontend,Next.js Performance Testing Security,Junior,Сравните React hooks с альтернативным подходом.,Compare React hooks with an alternative approach.
928,Frontend,Next.js Performance Testing Security,Junior,Какие ошибки часто допускают при работе с state management (advanced)?,What common mistakes are made when working with state management (advanced)?
929,Frontend,Next.js Performance Testing Security,Junior,Как SSR влияет на производительность (advanced)?,How does SSR affect performance (advanced)?
930,Frontend,Next.js Performance Testing Security,Junior,Приведите production-пример использования testing.,Give a production example of using testing.
931,Frontend,Next.js Performance Testing Security,Middle,Что такое XSS (advanced)?,What is XSS (advanced)?
932,Frontend,Next.js Performance Testing Security,Middle,Как работает Node.js streams (advanced)?,How does Node.js streams work (advanced)?
933,Frontend,Next.js Performance Testing Security,Middle,Когда использовать REST API (advanced)?,When should you use REST API (advanced)?
934,Frontend,Next.js Performance Testing Security,Middle,Какие проблемы возникают при использовании transactions (advanced)?,What problems can arise when using transactions (advanced)?
935,Frontend,Next.js Performance Testing Security,Middle,Как протестировать indexes (advanced)?,How do you test indexes (advanced)?
936,Frontend,Next.js Performance Testing Security,Middle,Как оптимизировать Redis caching (advanced)?,How do you optimize Redis caching (advanced)?
937,Frontend,Next.js Performance Testing Security,Middle,Сравните message queues с альтернативным подходом.,Compare message queues with an alternative approach.
938,Frontend,Next.js Performance Testing Security,Middle,Какие ошибки часто допускают при работе с microservices (advanced)?,What common mistakes are made when working with microservices (advanced)?
939,Frontend,Next.js Performance Testing Security,Middle,Как JWT влияет на производительность (advanced)?,How does JWT affect performance (advanced)?
940,Frontend,Next.js Performance Testing Security,Middle,Приведите production-пример использования Docker.,Give a production example of using Docker.
941,Frontend,Next.js Performance Testing Security,Middle,Что такое observability (advanced)?,What is observability (advanced)?
942,Frontend,Next.js Performance Testing Security,Middle,Как работает system design (advanced)?,How does system design work (advanced)?
943,Frontend,Next.js Performance Testing Security,Middle,Когда использовать closures (advanced)?,When should you use closures (advanced)?
944,Frontend,Next.js Performance Testing Security,Middle,Какие проблемы возникают при использовании event loop (advanced)?,What problems can arise when using event loop (advanced)?
945,Frontend,Next.js Performance Testing Security,Middle,Как протестировать promises (advanced)?,How do you test promises (advanced)?
946,Frontend,Next.js Performance Testing Security,Middle,Как оптимизировать async/await (advanced)?,How do you optimize async/await (advanced)?
947,Frontend,Next.js Performance Testing Security,Middle,Сравните prototypes с альтернативным подходом.,Compare prototypes with an alternative approach.
948,Frontend,Next.js Performance Testing Security,Middle,Какие ошибки часто допускают при работе с TypeScript generics (advanced)?,What common mistakes are made when working with TypeScript generics (advanced)?
949,Frontend,Next.js Performance Testing Security,Middle,Как accessibility влияет на производительность (advanced)?,How does accessibility affect performance (advanced)?
950,Frontend,Next.js Performance Testing Security,Middle,Приведите production-пример использования CSS Grid.,Give a production example of using CSS Grid.
951,Frontend,Next.js Performance Testing Security,Middle,Что такое HTTP caching (advanced)?,What is HTTP caching (advanced)?
952,Frontend,Next.js Performance Testing Security,Middle,Как работает CORS (advanced)?,How does CORS work (advanced)?
953,Frontend,Next.js Performance Testing Security,Middle,Когда использовать React hooks (advanced)?,When should you use React hooks (advanced)?
954,Frontend,Next.js Performance Testing Security,Middle,Какие проблемы возникают при использовании state management (advanced)?,What problems can arise when using state management (advanced)?
955,Frontend,Next.js Performance Testing Security,Middle,Как протестировать SSR (advanced)?,How do you test SSR (advanced)?
956,Frontend,Next.js Performance Testing Security,Middle,Как оптимизировать testing (advanced)?,How do you optimize testing (advanced)?
957,Frontend,Next.js Performance Testing Security,Middle,Сравните XSS с альтернативным подходом.,Compare XSS with an alternative approach.
958,Frontend,Next.js Performance Testing Security,Middle,Какие ошибки часто допускают при работе с Node.js streams (advanced)?,What common mistakes are made when working with Node.js streams (advanced)?
959,Frontend,Next.js Performance Testing Security,Middle,Как REST API влияет на производительность (advanced)?,How does REST API affect performance (advanced)?
960,Frontend,Next.js Performance Testing Security,Middle,Приведите production-пример использования transactions.,Give a production example of using transactions.
961,Frontend,Next.js Performance Testing Security,Middle,Что такое indexes (advanced)?,What is indexes (advanced)?
962,Frontend,Next.js Performance Testing Security,Middle,Как работает Redis caching (advanced)?,How does Redis caching work (advanced)?
963,Frontend,Next.js Performance Testing Security,Middle,Когда использовать message queues (advanced)?,When should you use message queues (advanced)?
964,Frontend,Next.js Performance Testing Security,Middle,Какие проблемы возникают при использовании microservices (advanced)?,What problems can arise when using microservices (advanced)?
965,Frontend,Next.js Performance Testing Security,Middle,Как протестировать JWT (advanced)?,How do you test JWT (advanced)?
966,Frontend,Next.js Performance Testing Security,Middle,Как оптимизировать Docker (advanced)?,How do you optimize Docker (advanced)?
967,Frontend,Next.js Performance Testing Security,Middle,Сравните observability с альтернативным подходом.,Compare observability with an alternative approach.
968,Frontend,Next.js Performance Testing Security,Middle,Какие ошибки часто допускают при работе с system design (advanced)?,What common mistakes are made when working with system design (advanced)?
969,Frontend,Next.js Performance Testing Security,Middle,Как closures влияет на производительность (advanced)?,How does closures affect performance (advanced)?
970,Frontend,Next.js Performance Testing Security,Middle,Приведите production-пример использования event loop.,Give a production example of using event loop.
971,Frontend,Next.js Performance Testing Security,Middle,Что такое promises (advanced)?,What is promises (advanced)?
972,Frontend,Next.js Performance Testing Security,Middle,Как работает async/await (advanced)?,How does async/await work (advanced)?
973,Frontend,Next.js Performance Testing Security,Middle,Когда использовать prototypes (advanced)?,When should you use prototypes (advanced)?
974,Frontend,Next.js Performance Testing Security,Middle,Какие проблемы возникают при использовании TypeScript generics (advanced)?,What problems can arise when using TypeScript generics (advanced)?
975,Frontend,Next.js Performance Testing Security,Middle,Как протестировать accessibility (advanced)?,How do you test accessibility (advanced)?
976,Frontend,Next.js Performance Testing Security,Senior,Как оптимизировать CSS Grid (advanced)?,How do you optimize CSS Grid (advanced)?
977,Frontend,Next.js Performance Testing Security,Senior,Сравните HTTP caching с альтернативным подходом.,Compare HTTP caching with an alternative approach.
978,Frontend,Next.js Performance Testing Security,Senior,Какие ошибки часто допускают при работе с CORS (advanced)?,What common mistakes are made when working with CORS (advanced)?
979,Frontend,Next.js Performance Testing Security,Senior,Как React hooks влияет на производительность (advanced)?,How does React hooks affect performance (advanced)?
980,Frontend,Next.js Performance Testing Security,Senior,Приведите production-пример использования state management.,Give a production example of using state management.
981,Frontend,Next.js Performance Testing Security,Senior,Что такое SSR (advanced)?,What is SSR (advanced)?
982,Frontend,Next.js Performance Testing Security,Senior,Как работает testing (advanced)?,How does testing work (advanced)?
983,Frontend,Next.js Performance Testing Security,Senior,Когда использовать XSS (advanced)?,When should you use XSS (advanced)?
984,Frontend,Next.js Performance Testing Security,Senior,Какие проблемы возникают при использовании Node.js streams (advanced)?,What problems can arise when using Node.js streams (advanced)?
985,Frontend,Next.js Performance Testing Security,Senior,Как протестировать REST API (advanced)?,How do you test REST API (advanced)?
986,Frontend,Next.js Performance Testing Security,Senior,Как оптимизировать transactions (advanced)?,How do you optimize transactions (advanced)?
987,Frontend,Next.js Performance Testing Security,Senior,Сравните indexes с альтернативным подходом.,Compare indexes with an alternative approach.
988,Frontend,Next.js Performance Testing Security,Senior,Какие ошибки часто допускают при работе с Redis caching (advanced)?,What common mistakes are made when working with Redis caching (advanced)?
989,Frontend,Next.js Performance Testing Security,Senior,Как message queues влияет на производительность (advanced)?,How does message queues affect performance (advanced)?
990,Frontend,Next.js Performance Testing Security,Senior,Приведите production-пример использования microservices.,Give a production example of using microservices.
991,Frontend,Next.js Performance Testing Security,Senior,Что такое JWT (advanced)?,What is JWT (advanced)?
992,Frontend,Next.js Performance Testing Security,Senior,Как работает Docker (advanced)?,How does Docker work (advanced)?
993,Frontend,Next.js Performance Testing Security,Senior,Когда использовать observability (advanced)?,When should you use observability (advanced)?
994,Frontend,Next.js Performance Testing Security,Senior,Какие проблемы возникают при использовании system design (advanced)?,What problems can arise when using system design (advanced)?
995,Frontend,Next.js Performance Testing Security,Senior,Как протестировать closures (advanced)?,How do you test closures (advanced)?
996,Frontend,Next.js Performance Testing Security,Senior,Как оптимизировать event loop (advanced)?,How do you optimize event loop (advanced)?
997,Frontend,Next.js Performance Testing Security,Senior,Сравните promises с альтернативным подходом.,Compare promises with an alternative approach.
998,Frontend,Next.js Performance Testing Security,Senior,Какие ошибки часто допускают при работе с async/await (advanced)?,What common mistakes are made when working with async/await (advanced)?
999,Frontend,Next.js Performance Testing Security,Senior,Как prototypes влияет на производительность (advanced)?,How does prototypes affect performance (advanced)?
1000,Frontend,Next.js Performance Testing Security,Senior,Приведите production-пример использования TypeScript generics.,Give a production example of using TypeScript generics.
